asset,feature,lag,pearson_r,pearson_p,spearman_r,spearman_p,n,oos_delta_accuracy,oos_median_delta,oos_folds,oos_positive_folds,pearson_q,oos_positive_rate,status,evidence_score
AAPL,macro_fed_funds_change_5d,20,-0.014973040812733844,0.4860233505811538,-0.05039313274881834,0.01897661000943021,2167,0.007215007215007219,0.007936507936507908,11,7,0.8891298646955021,0.6363636363636364,REMOVE,64.55
AAPL,macro_unemployment_change,3,0.025396593962850766,0.24358104166492955,0.02022229727820633,0.3531739961259547,2110,0.005555555555555558,0.007936507936507908,10,6,0.7417128976324192,0.6,REMOVE,64.0
AAPL,macro_us10y_change_1d,0,0.004043243242605149,0.8499757391227133,0.020302796536666216,0.3421674908661112,2191,0.0014430014430014328,0.007936507936507908,11,7,0.9476353460198977,0.6363636363636364,REMOVE,39.55
AAPL,macro_us10y_change_1d,10,0.0014644164048509584,0.94550638559573,0.0020909080167812906,0.922256282252441,2181,0.005050505050505033,0.007936507936507908,11,6,0.9711182967179619,0.5454545454545454,REMOVE,38.18
AAPL,macro_us10y_change_1d,20,0.019549620340909207,0.36258142624718376,-0.00024333790872642721,0.9909589209982368,2171,0.005772005772005767,0.015873015873015817,11,6,0.7969784973066116,0.5454545454545454,REMOVE,38.18
AAPL,macro_us10y_change_5d,5,-0.013469304859022665,0.5294508084989453,-0.018907449529073066,0.3773576438867074,2182,0.01010101010101009,0.015873015873015817,11,6,0.8946391359192799,0.5454545454545454,REMOVE,38.18
AAPL,macro_us2y_change_1d,10,0.009478990771696822,0.6581735950998762,0.010159060542360654,0.635371312473044,2181,0.005050505050505038,0.007936507936507908,11,6,0.9174067595973308,0.5454545454545454,REMOVE,38.18
AAPL,macro_financial_conditions_change_5d,1,0.0018554515998872592,0.931399776330675,0.010637568140294764,0.6216279761413082,2155,0.002886002886002881,0.007936507936507908,11,6,0.9662570324675738,0.5454545454545454,REMOVE,38.18
AAPL,macro_financial_conditions_change_5d,2,0.004983159892950428,0.8172047629402595,0.00443315735087364,0.8370801318221883,2154,0.0014430014430014378,0.007936507936507908,11,6,0.9476353460198977,0.5454545454545454,REMOVE,38.18
AAPL,macro_financial_conditions_change_5d,3,0.00014033970434237965,0.9948073711196461,0.003330849013748183,0.8772442859510953,2153,0.004329004329004313,0.007936507936507908,11,6,0.9969985767829053,0.5454545454545454,REMOVE,38.18
AAPL,macro_yield_curve_change_5d,3,-0.019156383173746266,0.3708884970147352,-0.02868268330191375,0.18026345059130486,2184,0.002886002886002871,0.007936507936507908,11,6,0.8113185872197333,0.5454545454545454,REMOVE,38.18
AAPL,macro_yield_curve_change_5d,20,-5.8276184107420866e-05,0.9978367364269236,0.0011768394485859317,0.9563364250035737,2167,0.003607503607503615,0.007936507936507908,11,6,0.9989344666100115,0.5454545454545454,REMOVE,38.18
AAPL,macro_us10y_change_5d,10,-0.007027201878004813,0.743143602938321,-0.01949502938029488,0.3632606390304019,2177,-1.0092936587501423e-17,0.007936507936507908,11,6,0.9396224115866785,0.5454545454545454,REMOVE,8.18
AAPL,macro_us2y_change_1d,5,-0.01270116035331287,0.5528312257863799,-0.015661829856221273,0.4642357840995025,2186,-5.046468293750712e-18,0.007936507936507908,11,6,0.9068543859123769,0.5454545454545454,REMOVE,8.18
AAPL,macro_us10y_change_1d,5,-0.008612169814682585,0.6873628951498091,-0.005211145031873668,0.807612114807388,2186,-0.0057720057720057815,0.0,11,5,0.9239294454746325,0.45454545454545453,REMOVE,6.82
AAPL,macro_us10y_change_5d,20,0.019095423148371603,0.3742825778173193,0.0188664317090391,0.38003948864526016,2167,-0.005050505050505053,0.0,11,5,0.8163652923110792,0.45454545454545453,REMOVE,6.82
AAPL,macro_us2y_change_1d,0,0.01135818816600222,0.5951629852139263,0.024658368949026482,0.24861144943574928,2191,-0.005772005772005767,0.0,11,5,0.9127145493684807,0.45454545454545453,REMOVE,6.82
AAPL,macro_us2y_change_1d,3,0.03078290918908625,0.15003112277445274,0.04097353941816175,0.05532815350523438,2188,-0.0007215007215007341,0.0,11,5,0.7417128976324192,0.45454545454545453,REMOVE,6.82
AAPL,macro_us2y_change_5d,1,-0.02025109649952538,0.3439502146456316,-0.021208671695819796,0.3216128579771498,2186,-0.009379509379509397,-0.007936507936507908,11,5,0.7861814957586368,0.45454545454545453,REMOVE,6.82
AAPL,macro_us2y_change_5d,10,-0.01218522308793275,0.5698742194166871,-0.03145240299273229,0.1423660535868716,2177,0.002886002886002896,0.0,11,5,0.9103761467735986,0.45454545454545453,REMOVE,6.82
AAPL,macro_financial_conditions_change_5d,5,0.0044614121511160785,0.8361691586779045,0.0032972564977304477,0.8785287354253649,2151,0.0021645021645021567,0.0,11,5,0.9476353460198977,0.45454545454545453,REMOVE,6.82
AAPL,macro_yield_curve_change_5d,2,0.003473918676224205,0.871075626630865,-0.009924168395632274,0.6429048849646447,2185,-0.0007215007215007139,0.0,11,5,0.9517758844182822,0.45454545454545453,REMOVE,6.82
AAPL,macro_financial_conditions_change_5d,20,0.009981269471962581,0.6447666161532626,-0.01458784091588976,0.5004094221970976,2136,-0.0015873015873015927,0.0,10,4,0.915407526715946,0.4,REMOVE,6.0
AAPL,macro_unemployment_level,20,0.009780894029902147,0.6524147897579972,0.006316947353897992,0.7711344542565979,2123,0.0015873015873016038,0.0,10,4,0.9170033535497649,0.4,REMOVE,6.0
AAPL,macro_unemployment_change,0,0.022620800652190323,0.2986482109337445,0.012263708761592522,0.5731501717295434,2113,-0.0023809523809523838,-0.003968253968253954,10,4,0.7544225344426295,0.4,REMOVE,6.0
AAPL,macro_cpi_yoy,3,-0.02737991972071173,0.23439117251634986,-0.01796875041118444,0.4352094412588025,1888,-0.008928571428571438,-0.011904761904761918,8,3,0.7417128976324192,0.375,REMOVE,5.62
AAPL,macro_fed_funds_change_5d,10,0.0036210511859020786,0.8659101224639728,0.030954399584227042,0.14879604943367417,2177,0.0007215007215007139,0.0,11,4,0.9517758844182822,0.36363636363636365,REMOVE,5.45
AAPL,macro_us10y_change_1d,2,-0.029105479164385634,0.17343111448763224,-0.039736747436147066,0.06305187731678517,2189,-0.005772005772005772,-0.007936507936507908,11,4,0.7417128976324192,0.36363636363636365,REMOVE,5.45
AAPL,macro_us10y_change_1d,3,0.021463018993073884,0.31562093461660934,0.03275994456903991,0.12554299360405335,2188,0.001443001443001443,0.0,11,4,0.7685995873272973,0.36363636363636365,REMOVE,5.45
AAPL,macro_us10y_change_5d,1,-0.016791722344691482,0.43263073942297126,-0.017113500107196446,0.4238631271621893,2186,-0.002164502164502162,0.0,11,4,0.8633057876703468,0.36363636363636365,REMOVE,5.45
AAPL,macro_us2y_change_5d,5,-0.003167120096687197,0.8824550401816639,-0.0060626411291753125,0.7771479335132966,2182,-0.000721500721500729,0.0,11,4,0.9548562265937147,0.36363636363636365,REMOVE,5.45
AAPL,macro_us2y_change_5d,20,0.018666202124995132,0.38511763098131024,0.006434765259239848,0.7646536855595599,2167,-0.009379509379509397,0.0,11,4,0.8259803879776496,0.36363636363636365,REMOVE,5.45
AAPL,macro_financial_conditions_change_5d,0,-0.001918159861786166,0.9290708938287611,0.003371539960702161,0.8756708257135144,2156,0.0007215007215007189,0.0,11,4,0.9662570324675738,0.36363636363636365,REMOVE,5.45
AAPL,macro_yield_curve_change_5d,5,-0.015283416240172097,0.4755056499772874,-0.0063674139339509415,0.7662630771504914,2182,-1.5139404881252134e-17,0.0,11,4,0.888521851086923,0.36363636363636365,REMOVE,5.45
AAPL,macro_yield_curve_change_5d,10,0.008183723218222205,0.7027388214274218,0.001585867922058734,0.9410489753097818,2177,-0.012987012987012991,-0.007936507936507964,11,4,0.9311648116738519,0.36363636363636365,REMOVE,5.45
AAPL,macro_cpi_change_30d,5,-0.035607136457070074,0.10217957942151183,-0.0250789839199556,0.24975344141222797,2108,-0.007142857142857145,0.0,10,3,0.6865064508244281,0.3,REMOVE,4.5
AAPL,macro_cpi_change_30d,20,-0.01685082450150927,0.44099868520148855,-0.013662567520488389,0.5321621406697611,2093,-0.012698412698412681,-0.015873015873015872,10,3,0.8638919378856122,0.3,REMOVE,4.5
AAPL,macro_unemployment_level,2,0.021863576366800277,0.3119310906190082,0.017108175206526202,0.428823223209457,2141,-0.0007936507936508186,-0.00793650793650802,10,3,0.7655546654878884,0.3,REMOVE,4.5
AAPL,macro_unemployment_level,3,0.023360913164201542,0.28005536779803253,0.017388519968592316,0.42140502460361867,2140,-0.007936507936507936,-0.011904761904761918,10,3,0.7451765634392093,0.3,REMOVE,4.5
AAPL,macro_unemployment_level,10,0.020921017985788548,0.33416216659304815,0.01576128261367436,0.466892726721959,2133,-0.0047619047619047615,0.0,10,3,0.7861814957586368,0.3,REMOVE,4.5
AAPL,macro_unemployment_change,1,0.029149111099492107,0.18054377652927062,0.014203930181414894,0.5141371042281027,2112,-0.0007936507936507964,-0.003968253968253954,10,3,0.7417128976324192,0.3,REMOVE,4.5
AAPL,macro_unemployment_change,2,0.02679477795119797,0.21847458518719123,0.019790199803519745,0.36344333183753896,2111,-0.003968253968253971,-0.007936507936507908,10,3,0.7417128976324192,0.3,REMOVE,4.5
AAPL,macro_unemployment_change,5,0.02437677695695533,0.26326285709337177,0.01830841701928308,0.40081561955036304,2108,-0.0015873015873015706,-0.007936507936507908,10,3,0.7417128976324192,0.3,REMOVE,4.5
AAPL,macro_fed_funds_change_5d,2,-0.008614470210450134,0.6873516300709427,0.017681356726560352,0.40875379265199646,2185,-0.0036075036075035997,0.0,11,3,0.9239294454746325,0.2727272727272727,REMOVE,4.09
AAPL,macro_fed_funds_change_5d,5,0.023988183837511542,0.2626914725454561,0.012367916294023836,0.563655976018742,2182,-1.0092936587501423e-17,0.0,11,3,0.7417128976324192,0.2727272727272727,REMOVE,4.09
AAPL,macro_us10y_change_1d,1,0.00983895856492348,0.6453825081926898,0.014066978240308727,0.5105669036197119,2190,-0.005050505050505053,0.0,11,3,0.915407526715946,0.2727272727272727,REMOVE,4.09
AAPL,macro_us10y_change_5d,2,-0.0024519169755599763,0.9088042273967516,-0.0041545858511680325,0.8461041575343226,2185,-0.007936507936507938,-0.007936507936507908,11,3,0.9582987797578725,0.2727272727272727,REMOVE,4.09
AAPL,macro_us10y_change_5d,3,-0.010050865729559598,0.6387459218374116,-0.0185305350528655,0.3867252840587275,2184,-0.009379509379509392,0.0,11,3,0.915407526715946,0.2727272727272727,REMOVE,4.09
AAPL,macro_us2y_change_1d,1,0.002908593756021936,0.8917917892360205,0.006745997379624922,0.7523678318599317,2190,-0.007936507936507943,0.0,11,3,0.9561173467977997,0.2727272727272727,REMOVE,4.09
AAPL,macro_us2y_change_1d,2,-0.04135715796217409,0.053028407447928506,-0.04075353018299408,0.056594682108655404,2189,-0.002886002886002901,0.0,11,3,0.5859092778480478,0.2727272727272727,REMOVE,4.09
AAPL,macro_us2y_change_1d,20,0.03216177029502567,0.13411513899906197,0.017559878810153872,0.41348472100382344,2171,0.0014430014430014378,0.0,11,3,0.7394202544233784,0.2727272727272727,REMOVE,4.09
AAPL,macro_us2y_change_5d,0,-0.008696396385068677,0.684400684245397,-0.01519188796033877,0.47764889097073365,2187,-0.008658008658008668,-0.007936507936507908,11,3,0.9239294454746325,0.2727272727272727,REMOVE,4.09
AAPL,macro_us2y_change_5d,3,0.0026808567449182136,0.9003543365805209,0.002924883820117433,0.8913379100706543,2184,-0.015151515151515164,-0.007936507936507964,11,3,0.9576371151606086,0.2727272727272727,REMOVE,4.09
AAPL,macro_unemployment_level,0,0.023134781001071768,0.28440044250328195,0.01649137510993289,0.44544297786262255,2143,-0.004329004329004329,0.0,11,3,0.7456298504750438,0.2727272727272727,REMOVE,4.09
AAPL,macro_unemployment_level,1,0.026298579612791,0.2237396501666882,0.01795842772193287,0.40612661822922247,2142,-0.007215007215007205,-0.015873015873015872,11,3,0.7417128976324192,0.2727272727272727,REMOVE,4.09
AAPL,macro_yield_curve_10y2y,5,-0.006210648449942755,0.7716020121130857,-0.014966743004324755,0.4841994267936261,2187,-0.01370851370851371,-0.015873015873015817,11,3,0.939961235130992,0.2727272727272727,REMOVE,4.09
AAPL,macro_yield_curve_10y2y,20,-0.00905458826748319,0.673205838345884,-0.017959352413729254,0.40283080025249557,2172,-0.012265512265512273,-0.007936507936507964,11,3,0.9239294454746325,0.2727272727272727,REMOVE,4.09
AAPL,macro_yield_curve_change_5d,1,0.006062540928161677,0.7769525254670419,0.01706409472060986,0.4252025073530586,2186,-0.009379509379509387,-0.007936507936507964,11,3,0.939961235130992,0.2727272727272727,REMOVE,4.09
AAPL,macro_cpi_yoy,5,-0.02970537904452462,0.19723213808975903,-0.023214642064847867,0.3136296133078203,1886,-0.01984126984126984,-0.01190476190476189,8,2,0.7417128976324192,0.25,REMOVE,3.75
AAPL,macro_cpi_yoy,0,-0.03129554642247937,0.17372239665249256,-0.02375809021053714,0.3017920079279554,1891,-0.011463844797178139,-0.00793650793650802,9,2,0.7417128976324192,0.2222222222222222,REMOVE,3.33
AAPL,macro_cpi_change_30d,2,-0.028282574974339492,0.1939608810418534,-0.016066905644321512,0.4606272861644993,2111,-0.018253968253968272,-0.019841269841269854,10,2,0.7417128976324192,0.2,REMOVE,3.0
AAPL,macro_cpi_change_30d,3,-0.026467717892580324,0.22425928581085783,-0.016230421115877785,0.45618261601831267,2110,-0.00873015873015875,-0.003968253968253982,10,2,0.7417128976324192,0.2,REMOVE,3.0
AAPL,macro_cpi_change_30d,10,-0.020219172119398082,0.3540491257201123,-0.0031654429018547247,0.884650511399967,2103,-0.017460317460317447,-0.023809523809523808,10,2,0.7892920845478736,0.2,REMOVE,3.0
AAPL,macro_unemployment_level,5,0.024051177841741857,0.266309700920765,0.016418614296533757,0.44798449354122394,2138,-0.009523809523809507,-0.011904761904761862,10,2,0.7417128976324192,0.2,REMOVE,3.0
AAPL,macro_unemployment_change,10,0.023195144932828062,0.2876891520479414,0.025077237927315577,0.2503494598780636,2103,-0.008730158730158732,-0.007936507936507936,10,2,0.7456298504750438,0.2,REMOVE,3.0
AAPL,macro_unemployment_change,20,0.005998071183460527,0.7838954283354715,0.02016803412773,0.3564157212537889,2093,-0.00714285714285714,0.0,10,2,0.939961235130992,0.2,REMOVE,3.0
AAPL,macro_fed_funds_change_5d,1,-0.014010254370044075,0.5126593744601208,-0.02088771645151117,0.3289919305116943,2186,-0.006493506493506485,0.0,11,2,0.8891298646955021,0.18181818181818182,REMOVE,2.73
AAPL,macro_fed_funds_change_5d,3,-0.010774278963367028,0.6147928719712729,0.014523399136532087,0.49753498886564307,2184,-0.007936507936507934,0.0,11,2,0.915407526715946,0.18181818181818182,REMOVE,2.73
AAPL,macro_us10y_change_5d,0,-0.010835436531199517,0.6125419146646641,-0.014400767783547735,0.5008791326293716,2187,-0.009379509379509382,0.0,11,2,0.915407526715946,0.18181818181818182,REMOVE,2.73
AAPL,macro_financial_conditions_change_5d,10,0.00027473711598639,0.9898513694282348,-0.0005507090589058188,0.9796587792814223,2146,-0.002164502164502167,0.0,11,2,0.9944959192746661,0.18181818181818182,REMOVE,2.73
AAPL,macro_yield_curve_10y2y,0,-0.006851892435089494,0.7484997754643542,-0.015597483287217759,0.4654615210064995,2192,-0.01154401154401155,-0.007936507936507908,11,2,0.9396224115866785,0.18181818181818182,REMOVE,2.73
AAPL,macro_yield_curve_10y2y,1,-0.006280783817736686,0.7688902528017345,-0.015071645789329168,0.4807400134603025,2191,-0.012265512265512273,-0.015873015873015817,11,2,0.939961235130992,0.18181818181818182,REMOVE,2.73
AAPL,macro_yield_curve_10y2y,2,-0.006730569478264498,0.7529156894556926,-0.017003884666946092,0.4264149429535161,2190,-0.01370851370851371,-0.007936507936507908,11,2,0.9396224115866785,0.18181818181818182,REMOVE,2.73
AAPL,macro_yield_curve_10y2y,3,-0.007889020881559435,0.7122048247334611,-0.01747875099035779,0.4137174193306996,2189,-0.013708513708513715,-0.007936507936507908,11,2,0.9324695798346866,0.18181818181818182,REMOVE,2.73
AAPL,macro_yield_curve_10y2y,10,-0.0041042525095612735,0.8480490315115237,-0.012187664739407732,0.56935364672896,2182,-0.014430014430014433,-0.007936507936507908,11,2,0.9476353460198977,0.18181818181818182,REMOVE,2.73
AAPL,macro_yield_curve_change_5d,0,-0.002812757602813044,0.8954076994884536,0.004168760139292158,0.8455158522785463,2187,-0.004329004329004329,0.0,11,2,0.9563626837259305,0.18181818181818182,REMOVE,2.73
AAPL,macro_cpi_yoy,2,-0.02664982648941764,0.2469822382376529,-0.018089169865065473,0.4320158796695961,1889,-0.006944444444444468,-0.011904761904761973,8,1,0.7417128976324192,0.125,REMOVE,1.88
AAPL,macro_cpi_yoy,20,-0.03048305792943284,0.18751318540473194,-0.01949809130047637,0.399280150605019,1871,-0.01190476190476189,-0.007936507936507908,8,1,0.7417128976324192,0.125,REMOVE,1.88
AAPL,macro_cpi_yoy,1,-0.030148432457914365,0.19015945266678425,-0.022989099976281804,0.31784220044170364,1890,-0.008818342151675478,-0.007936507936507908,9,1,0.7417128976324192,0.1111111111111111,REMOVE,1.67
AAPL,macro_cpi_change_30d,1,-0.0386261740801268,0.07594162150417116,-0.0244712596409983,0.26096381424308257,2112,-0.010317460317460326,-0.007936507936507908,10,1,0.6510852752773911,0.1,REMOVE,1.5
AAPL,macro_fed_funds_change_5d,0,-0.020111590205859814,0.34717480294450054,-0.008065821742268008,0.7061798213358366,2187,-0.010101010101010105,-0.007936507936507964,11,1,0.7861814957586368,0.09090909090909091,REMOVE,1.36
AAPL,macro_us2y_change_5d,2,-0.004639262610173742,0.8284151130631489,0.002337980012294131,0.9130247367385438,2185,-0.01731601731601732,-0.015873015873015872,11,1,0.9476353460198977,0.09090909090909091,REMOVE,1.36
AAPL,macro_hy_spread_change_5d,0,0.06096874275461641,0.09633732627731886,0.070434306223934,0.05465090502629409,745,,,0,0,0.6743612839412321,,REMOVE,0.0
AAPL,macro_hy_spread_change_5d,1,0.07143225133597368,0.05145991859447823,0.08556269223642227,0.019585422590673186,744,,,0,0,0.5859092778480478,,REMOVE,0.0
AAPL,macro_hy_spread_change_5d,2,0.0703207012251654,0.05537164603838693,0.09819425647607842,0.007394150506015275,743,,,0,0,0.5859092778480478,,REMOVE,0.0
AAPL,macro_hy_spread_change_5d,3,0.03661269754489088,0.3192644439667235,0.04006765305538001,0.27570099630464057,742,,,0,0,0.7685995873272973,,REMOVE,0.0
AAPL,macro_hy_spread_change_5d,5,-0.014304863492204032,0.6976487156825911,-0.02155356445077426,0.5582806910788949,740,,,0,0,0.9281583790514005,,REMOVE,0.0
AAPL,macro_hy_spread_change_5d,10,0.04678939350720988,0.20514214133731273,0.016775576239905294,0.6497866737930388,735,,,0,0,0.7417128976324192,,REMOVE,0.0
AAPL,macro_hy_spread_change_5d,20,0.009738878902510933,0.7934902322613603,-0.001560817778010841,0.9665355170004764,725,,,0,0,0.9451258002065941,,REMOVE,0.0
AAPL,macro_cpi_yoy,10,-0.024741140080446488,0.28350161667078083,-0.01287187459245637,0.5769047437962472,1881,-0.01488095238095239,-0.011904761904761946,8,0,0.7456298504750438,0.0,REMOVE,0.0
AAPL,macro_cpi_change_30d,0,-0.034277593245993415,0.11521452331127247,-0.022004460527716194,0.3120110393496162,2113,-0.011904761904761895,-0.007936507936507908,10,0,0.6989681080883863,0.0,REMOVE,0.0
AMZN,macro_cpi_yoy,3,-0.04554142635178756,0.04786758531776896,-0.04584565119558592,0.0463959730833273,1888,0.005952380952380924,0.007936507936507908,8,6,0.5657078264827241,0.75,REMOVE,66.25
AMZN,macro_cpi_yoy,5,-0.043112709816352,0.06121598539082899,-0.04274351754934918,0.06346962100858869,1886,0.011904761904761918,0.0198412698412698,8,6,0.6121598539082899,0.75,REMOVE,66.25
AMZN,macro_cpi_yoy,20,-0.03736538998664926,0.10615352907140584,-0.037099901527880674,0.10866156096683442,1871,0.008928571428571418,0.007936507936507964,8,5,0.6865064508244281,0.625,REMOVE,64.38
AMZN,macro_cpi_yoy,0,-0.04737338405704364,0.03941232984107569,-0.048319770010635095,0.03563626785917928,1891,0.005291005291005297,0.007936507936507908,9,5,0.5656519419947927,0.5555555555555556,REMOVE,38.33
AMZN,macro_cpi_yoy,1,-0.04577464408011672,0.04661966554902138,-0.046998651985179885,0.041052168115072056,1890,0.0017636684303350845,0.007936507936507908,9,5,0.5656519419947927,0.5555555555555556,REMOVE,38.33
AMZN,macro_us2y_change_1d,1,-0.04682187691216714,0.028444955320036852,-0.04853303543491818,0.023131040638963405,2190,0.002164502164502162,0.007936507936507908,11,6,0.5367697876239417,0.5454545454545454,REMOVE,38.18
AMZN,macro_cpi_yoy,10,-0.04467048254658395,0.052737997661449314,-0.042004352765620596,0.06855481245157904,1881,0.01289682539682542,0.007936507936507964,8,4,0.5859092778480478,0.5,REMOVE,37.5
AMZN,macro_cpi_change_30d,1,-0.02764043848806249,0.2041742617489649,-0.025842285725227603,0.23518179524674335,2112,0.0023809523809523838,0.003968253968253954,10,5,0.7417128976324192,0.5,REMOVE,37.5
AMZN,macro_cpi_change_30d,5,-0.022787858161993975,0.29566573082248143,-0.027831460098557397,0.20149133173781283,2108,0.003968253968253971,2.7755575615628914e-17,10,5,0.7515525560012797,0.5,REMOVE,37.5
AMZN,macro_unemployment_level,3,0.014000404369600603,0.5174288086960571,0.005605771222452269,0.7955007984377243,2140,0.003968253968253965,0.003968253968253954,10,5,0.8905492877051433,0.5,REMOVE,37.5
AMZN,macro_unemployment_change,10,0.052917980408587396,0.015224433742561229,0.047797910119837465,0.028387523215314868,2103,-0.0015873015873015927,0.003968253968253954,10,5,0.3958352773065919,0.5,REMOVE,7.5
AMZN,macro_unemployment_change,20,0.023013517239574677,0.29263299484463196,0.022904123309696357,0.29493384641583453,2093,-0.003968253968253943,0.003968253968253982,10,5,0.7483148398411013,0.5,REMOVE,7.5
AMZN,macro_us2y_change_1d,20,-0.014016064229283464,0.5139366031097078,-0.02210758869972403,0.3031915370982083,2171,-0.000721500721500729,0.0,11,5,0.8891298646955021,0.45454545454545453,REMOVE,6.82
AMZN,macro_unemployment_level,0,0.023127983555323514,0.2845420065465901,0.006698886274158827,0.7566133836947672,2143,-0.005772005772005762,0.0,11,5,0.7456298504750438,0.45454545454545453,REMOVE,6.82
AMZN,macro_financial_conditions_change_5d,20,0.028025609733195827,0.19540567410068393,-0.0023268088146435936,0.9144121253468039,2136,0.0023809523809523946,0.0,10,4,0.7417128976324192,0.4,REMOVE,6.0
AMZN,macro_cpi_change_30d,2,-0.025706178893253717,0.23776887625192475,-0.028937466853740657,0.1838345514077775,2111,-0.0031746031746031854,-0.007936507936507964,10,4,0.7417128976324192,0.4,REMOVE,6.0
AMZN,macro_cpi_change_30d,3,-0.025880393871268864,0.23471380733042752,-0.026756278731433148,0.21924648601039096,2110,0.0007936507936507798,-0.003968253968253954,10,4,0.7417128976324192,0.4,REMOVE,6.0
AMZN,macro_cpi_change_30d,10,-0.02894480177774043,0.18455719639276427,-0.024276951679439756,0.26579169992699614,2103,0.0134920634920635,0.0,10,4,0.7417128976324192,0.4,REMOVE,6.0
AMZN,macro_cpi_change_30d,20,-0.02559437688126247,0.2418330052695362,-0.027479220770720576,0.20888335304133307,2093,0.002380952380952389,-0.003968253968253982,10,4,0.7417128976324192,0.4,REMOVE,6.0
AMZN,macro_unemployment_level,5,0.01459225439081877,0.5000790064517688,0.005147831481760005,0.8119660691487919,2138,-0.002380952380952378,0.0,10,4,0.8891298646955021,0.4,REMOVE,6.0
AMZN,macro_cpi_yoy,2,-0.04560727302899907,0.047486949056001974,-0.046639524644710245,0.04267903594781172,1889,-0.0029761904761904726,0.0,8,3,0.5657078264827241,0.375,REMOVE,5.62
AMZN,macro_us10y_change_1d,0,-0.014338061929915349,0.5023548337449153,-0.007070087388308588,0.740831238524117,2191,-0.02092352092352094,-0.015873015873015872,11,4,0.8891298646955021,0.36363636363636365,REMOVE,5.45
AMZN,macro_us10y_change_5d,3,-0.0028797875549571826,0.8930031261897805,-0.012071837662396709,0.5728533573269371,2184,-0.004329004329004334,0.0,11,4,0.9561173467977997,0.36363636363636365,REMOVE,5.45
AMZN,macro_us10y_change_5d,20,0.022256652489203783,0.30038834679320725,0.019686323216093742,0.3596779300691761,2167,-0.0050505050505050475,0.0,11,4,0.7551198772978415,0.36363636363636365,REMOVE,5.45
AMZN,macro_us2y_change_1d,5,-0.03023464270210392,0.15761882327478824,-0.024116857431500507,0.2597023574087122,2186,-1.5139404881252134e-17,-0.007936507936507908,11,4,0.7417128976324192,0.36363636363636365,REMOVE,5.45
AMZN,macro_us2y_change_5d,2,0.030489159897407594,0.15424380887115408,0.01011871782618498,0.6364053772666539,2185,-0.0057720057720057815,0.0,11,4,0.7417128976324192,0.36363636363636365,REMOVE,5.45
AMZN,macro_us2y_change_5d,5,-0.023505088764995224,0.2724275058574845,-0.023384695081242166,0.2748917831256921,2182,-0.002886002886002901,-0.00793650793650802,11,4,0.7417128976324192,0.36363636363636365,REMOVE,5.45
AMZN,macro_financial_conditions_change_5d,1,0.023748905489300896,0.2704673594141217,0.009720699704511488,0.6519874300091159,2155,-0.005050505050505063,0.0,11,4,0.7417128976324192,0.36363636363636365,REMOVE,5.45
AMZN,macro_yield_curve_change_5d,5,0.02592101678193708,0.22615266326393232,0.029153030478061715,0.17341829169177647,2182,-0.00721500721500721,0.0,11,4,0.7417128976324192,0.36363636363636365,REMOVE,5.45
AMZN,macro_unemployment_level,2,0.016911238668843125,0.4341570533644786,0.0047818701620629366,0.8249883454303834,2141,-0.010317460317460314,-0.007936507936507908,10,3,0.8633057876703468,0.3,REMOVE,4.5
AMZN,macro_unemployment_level,20,0.013889814417648916,0.5224057878844837,-0.0007312813453792314,0.973136556349101,2123,-0.00793650793650793,-0.01190476190476189,10,3,0.8946391359192799,0.3,REMOVE,4.5
AMZN,macro_unemployment_change,1,0.023040348472311248,0.289887962323919,0.020986323038813058,0.33504935353397625,2112,-0.004761904761904778,-0.003968253968253954,10,3,0.7456298504750438,0.3,REMOVE,4.5
AMZN,macro_unemployment_change,3,0.023048308160715757,0.289950072603508,0.03760401566274351,0.0841824392082101,2110,-0.0015873015873015873,0.0,10,3,0.7456298504750438,0.3,REMOVE,4.5
AMZN,macro_fed_funds_change_5d,2,0.016135706006140463,0.4509305012635091,0.021797479230268275,0.3084693968190836,2185,-0.006493506493506506,0.0,11,3,0.8679254410611953,0.2727272727272727,REMOVE,4.09
AMZN,macro_us10y_change_1d,1,-0.044816312919428065,0.035980757564657725,-0.04821359958444024,0.02405204799614501,2190,-0.004329004329004329,0.0,11,3,0.5656519419947927,0.2727272727272727,REMOVE,4.09
AMZN,macro_us10y_change_1d,3,0.01768674834736156,0.4082890101676542,0.00888498402075337,0.6778672092743405,2188,-0.0101010101010101,-0.007936507936507908,11,3,0.8522458456977352,0.2727272727272727,REMOVE,4.09
AMZN,macro_us10y_change_1d,10,-0.01213687502060644,0.5710523830488964,-0.011199037870683725,0.6011657654266139,2181,-0.01731601731601733,0.0,11,3,0.9103761467735986,0.2727272727272727,REMOVE,4.09
AMZN,macro_us10y_change_1d,20,0.002916739972492204,0.8919599627013137,-0.001173822855140174,0.9564080533248107,2171,-0.010822510822510824,-0.00793650793650802,11,3,0.9561173467977997,0.2727272727272727,REMOVE,4.09
AMZN,macro_us10y_change_5d,5,-0.006841121208247388,0.7494366505860502,-0.004852759260755766,0.8207713713603888,2182,-0.01370851370851371,-0.00793650793650802,11,3,0.9396224115866785,0.2727272727272727,REMOVE,4.09
AMZN,macro_us2y_change_1d,0,-0.019980463447827744,0.34988750925816187,-0.014950839005476585,0.48426436607765927,2191,-0.021645021645021655,-0.007936507936507908,11,3,0.7861814957586368,0.2727272727272727,REMOVE,4.09
AMZN,macro_us2y_change_1d,2,0.029738165565206257,0.16426636792695387,0.027406689655346782,0.19992043387375014,2189,-0.013708513708513705,-0.015873015873015872,11,3,0.7417128976324192,0.2727272727272727,REMOVE,4.09
AMZN,macro_us2y_change_1d,10,0.0051839529108616686,0.8088115127083391,-0.0012661120784682274,0.9528764002661564,2181,-0.012987012987012986,-0.015873015873015817,11,3,0.9476353460198977,0.2727272727272727,REMOVE,4.09
AMZN,macro_financial_conditions_change_5d,0,0.02037020301097938,0.34445774083816194,0.005824750368112013,0.7869259225687086,2156,-0.002886002886002886,0.0,11,3,0.7861814957586368,0.2727272727272727,REMOVE,4.09
AMZN,macro_financial_conditions_change_5d,2,0.02768917993904817,0.19893610173517978,0.00940241833318633,0.6627395788109683,2154,-0.006493506493506496,-0.00793650793650802,11,3,0.7417128976324192,0.2727272727272727,REMOVE,4.09
AMZN,macro_financial_conditions_change_5d,3,0.022254252094110166,0.30200886659006276,0.012814127442887952,0.5523381367257472,2153,-0.007936507936507948,-0.015873015873015872,11,3,0.7559947061150329,0.2727272727272727,REMOVE,4.09
AMZN,macro_financial_conditions_change_5d,10,0.023470892059770453,0.2771235002143105,0.006924676272013591,0.7485119075973226,2146,-0.0036075036075035997,-0.00793650793650802,11,3,0.7417128976324192,0.2727272727272727,REMOVE,4.09
AMZN,macro_yield_curve_change_5d,0,-0.01694045829545732,0.42845938520663573,-0.008504071996299224,0.6910165484522925,2187,-0.010822510822510819,0.0,11,3,0.8633057876703468,0.2727272727272727,REMOVE,4.09
AMZN,macro_yield_curve_change_5d,3,0.0117740500059605,0.5823577187385619,0.006507221839223259,0.7611789530944414,2184,-0.011544011544011553,0.0,11,3,0.9114367806045786,0.2727272727272727,REMOVE,4.09
AMZN,macro_cpi_change_30d,0,-0.024618401980426977,0.2579939735599423,-0.026093615646959594,0.2305475786416429,2113,-0.008730158730158737,-0.007936507936507936,10,2,0.7417128976324192,0.2,REMOVE,3.0
AMZN,macro_unemployment_level,10,0.023637703003713314,0.27518226754831754,0.010636323995090024,0.6234559326223518,2133,-0.0071428571428571565,-0.007936507936507936,10,2,0.7417128976324192,0.2,REMOVE,3.0
AMZN,macro_unemployment_change,5,0.03275201781212914,0.1327736951829278,0.03879151264188,0.07497013644748084,2108,-0.003968253968253965,0.0,10,2,0.7394202544233784,0.2,REMOVE,3.0
AMZN,macro_fed_funds_change_5d,0,0.009168297501339689,0.6682705946352493,0.006441132838994163,0.763374168895481,2187,-0.0014430014430014378,0.0,11,2,0.9214033956334499,0.18181818181818182,REMOVE,2.73
AMZN,macro_fed_funds_change_5d,3,-0.012761573831147607,0.5511263821527952,-0.002598345915767872,0.9034059539029298,2184,-0.005050505050505053,0.0,11,2,0.9068543859123769,0.18181818181818182,REMOVE,2.73
AMZN,macro_fed_funds_change_5d,5,-0.010486658915804518,0.6244280537525828,0.0036872613466883983,0.8633268307505314,2182,-0.003607503607503605,0.0,11,2,0.915407526715946,0.18181818181818182,REMOVE,2.73
AMZN,macro_us10y_change_1d,2,0.018052318949762718,0.3985600595208792,0.01275343550293793,0.550924583190888,2189,-0.007215007215007235,-0.007936507936507908,11,2,0.8397572496837442,0.18181818181818182,REMOVE,2.73
AMZN,macro_us10y_change_1d,5,-0.02031288370867684,0.34247970833859825,-0.020662884133805612,0.33422584058624466,2186,-0.006493506493506496,-0.007936507936507908,11,2,0.7861814957586368,0.18181818181818182,REMOVE,2.73
AMZN,macro_us10y_change_5d,2,0.02603634761092396,0.22377456486127545,0.015341199322945627,0.4735341743751083,2185,-0.0043290043290043385,0.0,11,2,0.7417128976324192,0.18181818181818182,REMOVE,2.73
AMZN,macro_us10y_change_5d,10,-0.01900947321541528,0.3753368346870004,-0.02097173598734474,0.3280487056485867,2177,-0.012265512265512257,-0.007936507936507908,11,2,0.8163652923110792,0.18181818181818182,REMOVE,2.73
AMZN,macro_us2y_change_5d,3,-0.010448689820637454,0.625524782137446,-0.02169620112158379,0.31083400821845075,2184,-0.011544011544011544,-0.007936507936507908,11,2,0.915407526715946,0.18181818181818182,REMOVE,2.73
AMZN,macro_us2y_change_5d,20,0.007991966481519988,0.7100226367218863,-0.006054000814282825,0.7782041884839752,2167,-0.011544011544011553,-0.015873015873015872,11,2,0.9324695798346866,0.18181818181818182,REMOVE,2.73
AMZN,macro_financial_conditions_change_5d,5,0.029140696588639502,0.17669094877173067,0.010798691748428313,0.6166845928074143,2151,-0.008658008658008672,-0.00793650793650802,11,2,0.7417128976324192,0.18181818181818182,REMOVE,2.73
AMZN,macro_unemployment_level,1,0.020171456802047304,0.35075789810769953,0.006821498397142836,0.7523590959742611,2142,-0.006493506493506506,0.0,11,2,0.7861814957586368,0.18181818181818182,REMOVE,2.73
AMZN,macro_yield_curve_10y2y,0,0.014955802807208327,0.4840194432919751,0.013244722618838915,0.5354056085002287,2192,-0.01731601731601733,-0.015873015873015872,11,2,0.8891298646955021,0.18181818181818182,REMOVE,2.73
AMZN,macro_yield_curve_10y2y,5,0.01643727173430509,0.4423044867295025,0.014994302542237771,0.48339498323488556,2187,-0.01010101010101011,-0.007936507936507908,11,2,0.8638919378856122,0.18181818181818182,REMOVE,2.73
AMZN,macro_yield_curve_change_5d,2,-0.007995091777139857,0.708765517107637,-0.002814942210391174,0.8953745835806692,2185,-0.021645021645021655,-0.015873015873015928,11,2,0.9324695798346866,0.18181818181818182,REMOVE,2.73
AMZN,macro_yield_curve_change_5d,20,0.021022300599960034,0.32799838532938885,0.016287428426341375,0.44856494813000714,2167,-0.01154401154401155,-0.007936507936507908,11,2,0.7813574100778635,0.18181818181818182,REMOVE,2.73
AMZN,macro_unemployment_change,0,0.03398370741719022,0.11836606402438989,0.025279146217907833,0.24543288854102643,2113,-0.009523809523809535,-0.003968253968253954,10,1,0.6994358328713948,0.1,REMOVE,1.5
AMZN,macro_unemployment_change,2,0.02437525511227401,0.2629528202940628,0.027347203179323595,0.20912507771341482,2111,-0.0031746031746031746,0.0,10,1,0.7417128976324192,0.1,REMOVE,1.5
AMZN,macro_fed_funds_change_5d,1,0.023290011656926946,0.27640010938930554,0.006598797644632481,0.7578148407932757,2186,-0.015151515151515154,-0.007936507936507908,11,1,0.7417128976324192,0.09090909090909091,REMOVE,1.36
AMZN,macro_fed_funds_change_5d,10,-0.022559409786490944,0.2927473439378374,0.0059488550562726734,0.7814678397067492,2177,-0.00721500721500721,0.0,11,1,0.7483148398411013,0.09090909090909091,REMOVE,1.36
AMZN,macro_fed_funds_change_5d,20,-0.030013674838711882,0.16251087987425505,-0.018581869454910933,0.3872687893013083,2167,-0.008658008658008677,0.0,11,1,0.7417128976324192,0.09090909090909091,REMOVE,1.36
AMZN,macro_us10y_change_5d,0,-0.015536052840558421,0.46772981862661916,-0.024549738029323465,0.2511361221676539,2187,-0.008658008658008658,-0.007936507936507908,11,1,0.8812300930646448,0.09090909090909091,REMOVE,1.36
AMZN,macro_us10y_change_5d,1,-0.01831147925168789,0.3921474826689728,-0.02862603435305861,0.18092588082389646,2186,-0.010101010101010095,-0.007936507936507908,11,1,0.8325374337108424,0.09090909090909091,REMOVE,1.36
AMZN,macro_us2y_change_1d,3,0.02011004050931167,0.34710162827542923,0.014515414630492262,0.4973775964228564,2188,-0.009379509379509392,-0.00793650793650802,11,1,0.7861814957586368,0.09090909090909091,REMOVE,1.36
AMZN,macro_us2y_change_5d,0,-0.0040774668677746725,0.8488577710867766,-0.02112174083879199,0.32348996277605757,2187,-0.010822510822510829,-0.00793650793650802,11,1,0.9476353460198977,0.09090909090909091,REMOVE,1.36
AMZN,macro_us2y_change_5d,1,-0.008857343305728847,0.6789521084153514,-0.025309332368302156,0.2368716362867112,2186,-0.01154401154401155,-0.015873015873015872,11,1,0.9239294454746325,0.09090909090909091,REMOVE,1.36
AMZN,macro_yield_curve_10y2y,1,0.014076057670198015,0.5101973643086021,0.012051176909627651,0.5728960470677228,2191,-0.01731601731601734,-0.015873015873015872,11,1,0.8891298646955021,0.09090909090909091,REMOVE,1.36
AMZN,macro_yield_curve_10y2y,2,0.013476237453418916,0.5284839832901298,0.011575876580879538,0.5882110975254526,2190,-0.015151515151515168,-0.015873015873015872,11,1,0.8946391359192799,0.09090909090909091,REMOVE,1.36
AMZN,macro_yield_curve_10y2y,3,0.01456498927998758,0.4958111232945959,0.012043705269348639,0.5733093251003166,2189,-0.018759018759018777,-0.015873015873015872,11,1,0.8891298646955021,0.09090909090909091,REMOVE,1.36
AMZN,macro_yield_curve_10y2y,20,0.007891629950213006,0.7131855247966393,0.009390492665292315,0.6618220093066437,2172,-0.011544011544011553,-0.007936507936507908,11,1,0.9324695798346866,0.09090909090909091,REMOVE,1.36
AMZN,macro_yield_curve_change_5d,10,-0.015005563100212999,0.48406980570460445,-0.01772043513119915,0.4085795061561249,2177,-0.012265512265512268,-0.015873015873015872,11,1,0.8891298646955021,0.09090909090909091,REMOVE,1.36
AMZN,macro_us2y_change_5d,10,-0.008741186165957484,0.6835506846606919,-0.02393226840474606,0.26435439522342113,2177,-0.021645021645021655,-0.015873015873015817,11,0,0.9239294454746325,0.0,REMOVE,0.0
AMZN,macro_hy_spread_change_5d,0,0.02123020245895485,0.562883439303757,0.016582167784073888,0.6513581885261305,745,,,0,0,0.9103761467735986,,REMOVE,0.0
AMZN,macro_hy_spread_change_5d,1,0.03441530950499101,0.3485405974595117,0.04794199834822365,0.1914723877974794,744,,,0,0,0.7861814957586368,,REMOVE,0.0
AMZN,macro_hy_spread_change_5d,2,-0.004262398861214165,0.9076608709158492,0.033766776128335535,0.35802856905144376,743,,,0,0,0.9582987797578725,,REMOVE,0.0
AMZN,macro_hy_spread_change_5d,3,-0.01558647733513436,0.6716529265058019,0.009200871296256968,0.8024237830618305,742,,,0,0,0.9239294454746325,,REMOVE,0.0
AMZN,macro_hy_spread_change_5d,5,-0.0031804631369255257,0.9311707755109442,0.0022792085425583364,0.9506453003542713,740,,,0,0,0.9662570324675738,,REMOVE,0.0
AMZN,macro_hy_spread_change_5d,10,-0.009552803660544892,0.795982427131673,-0.022989026712213603,0.5337615314670873,735,,,0,0,0.9452321263651068,,REMOVE,0.0
AMZN,macro_hy_spread_change_5d,20,0.04768635863072905,0.19966427941487108,0.05219956817351026,0.16030441776884724,725,,,0,0,0.7417128976324192,,REMOVE,0.0
AMZN,macro_yield_curve_10y2y,10,0.012834583511406103,0.5490337227391928,0.010668916955178485,0.6184179297606415,2182,-0.01803751803751805,-0.00793650793650802,11,0,0.9068543859123769,0.0,REMOVE,0.0
AMZN,macro_yield_curve_change_5d,1,-0.013737501597720553,0.5209021459956481,-0.004157468350012573,0.8459638820088117,2186,-0.009379509379509382,0.0,11,0,0.8943791563321505,0.0,REMOVE,0.0
GLD,macro_cpi_yoy,0,-0.03782159743601704,0.10013557140407901,-0.029144475251765813,0.20522791073892682,1891,0.012345679012345678,0.023809523809523725,9,6,0.6865064508244281,0.6666666666666666,REMOVE,65.0
GLD,macro_us2y_change_5d,0,-0.029853633966078548,0.16282619310255636,-0.024313401527111478,0.25572929056412996,2187,0.006493506493506481,0.007936507936507908,11,7,0.7417128976324192,0.6363636363636364,REMOVE,64.55
GLD,macro_us2y_change_5d,1,-0.01235927029336124,0.5635711763217832,-0.004846013977686598,0.8208548936943914,2186,0.008658008658008648,0.007936507936507908,11,7,0.9103761467735986,0.6363636363636364,REMOVE,64.55
GLD,macro_cpi_yoy,3,-0.04078760601387977,0.07642264526826377,-0.03191608814122396,0.16567835239521356,1888,0.012896825396825407,0.01190476190476189,8,5,0.6510852752773911,0.625,REMOVE,64.38
GLD,macro_unemployment_level,5,0.01750195878306273,0.41859958443260187,0.009456921416798299,0.6620910257203821,2138,0.013492063492063505,0.007936507936507936,10,6,0.8561769216874163,0.6,REMOVE,64.0
GLD,macro_unemployment_level,10,0.00928401685640572,0.6682618323291787,0.0034055651975698886,0.8750933065404383,2133,0.010317460317460336,0.007936507936507908,10,6,0.9214033956334499,0.6,REMOVE,64.0
GLD,macro_fed_funds_change_5d,5,-0.04339262719669605,0.04268855457978495,-0.02101792635792699,0.3264286897853588,2182,0.002886002886002886,0.007936507936507908,11,7,0.5656519419947927,0.6363636363636364,REMOVE,39.55
GLD,macro_cpi_yoy,1,-0.038349820175291385,0.09556707234862405,-0.02908056340143864,0.20634381277257743,1890,0.002645502645502667,0.007936507936507908,9,5,0.6741553165678131,0.5555555555555556,REMOVE,38.33
GLD,macro_us10y_change_5d,3,-0.02466270308024402,0.2492863364592677,-0.03148565851840984,0.1413044859217487,2184,0.002164502164502162,0.007936507936507908,11,6,0.7417128976324192,0.5454545454545454,REMOVE,38.18
GLD,macro_us10y_change_5d,20,-0.03633851805214171,0.09080270206922414,-0.03605511451538836,0.09335090951391523,2167,0.006493506493506496,0.007936507936507908,11,6,0.6666700608524659,0.5454545454545454,REMOVE,38.18
GLD,macro_yield_curve_change_5d,2,-0.005272412606678368,0.8054389788270162,-0.009929529413973306,0.6427254146092471,2185,0.005772005772005767,0.007936507936507908,11,6,0.9476353460198977,0.5454545454545454,REMOVE,38.18
GLD,macro_yield_curve_change_5d,3,-0.046013596257543525,0.03153351735985999,-0.03877746834807157,0.07001054016286058,2184,0.009379509379509376,0.007936507936507908,11,6,0.5518365537975499,0.5454545454545454,REMOVE,38.18
GLD,macro_yield_curve_change_5d,5,-0.028372955424120074,0.18521711720293327,-0.021286299253438817,0.32028813281581187,2182,0.007215007215007205,0.007936507936507908,11,6,0.7417128976324192,0.5454545454545454,REMOVE,38.18
GLD,macro_cpi_yoy,2,-0.03936067862950293,0.08721985998076082,-0.030510970279908,0.1849994856918031,1889,0.008928571428571452,0.003968253968253954,8,4,0.6666700608524659,0.5,REMOVE,37.5
GLD,macro_cpi_yoy,5,-0.04208238576569984,0.06767633553675594,-0.033284871032355015,0.14847452231345534,1886,0.014880952380952384,0.003968253968253982,8,4,0.6510852752773911,0.5,REMOVE,37.5
GLD,macro_cpi_change_30d,20,-0.056849493333154165,0.00928507157400334,-0.048694502943475236,0.025898461670300046,2093,0.007936507936507941,0.0,10,5,0.29412340678738647,0.5,REMOVE,37.5
GLD,macro_us10y_change_5d,5,-0.021648966221889426,0.3121107482373699,-0.025830560284817363,0.22777741817709046,2182,-0.000721500721500724,0.007936507936507908,11,6,0.7655546654878884,0.5454545454545454,REMOVE,8.18
GLD,macro_cpi_change_30d,2,-0.029626107561853722,0.17361410754398382,-0.016690900250754016,0.44339495178752253,2111,-0.008730158730158704,0.00396825396825401,10,5,0.7417128976324192,0.5,REMOVE,7.5
GLD,macro_fed_funds_change_5d,0,0.009217018098983319,0.6666137993899803,0.014498606483556766,0.4979741646111523,2187,0.0014430014430014328,0.0,11,5,0.9214033956334499,0.45454545454545453,REMOVE,6.82
GLD,macro_us10y_change_1d,0,-0.006137244215937361,0.774026851826051,-0.015045427553087347,0.48150370197673575,2191,-0.005050505050505073,0.0,11,5,0.939961235130992,0.45454545454545453,REMOVE,6.82
GLD,macro_us10y_change_1d,1,-0.005817145623158526,0.7855648292864327,-0.005576326477950424,0.79423839964185,2190,0.002164502164502152,0.0,11,5,0.939961235130992,0.45454545454545453,REMOVE,6.82
GLD,macro_us10y_change_1d,2,0.0028547354330923018,0.8938076312241124,0.008185207944568928,0.7019073995055489,2189,0.006493506493506476,0.0,11,5,0.9561173467977997,0.45454545454545453,REMOVE,6.82
GLD,macro_us10y_change_5d,0,-0.008930971032620005,0.6763641165801222,-0.017603314962954638,0.4106111153539209,2187,0.001443001443001443,0.0,11,5,0.9239294454746325,0.45454545454545453,REMOVE,6.82
GLD,macro_us2y_change_1d,2,-0.01997673404762443,0.3501977306917877,-0.017952167419704564,0.4011823561910035,2189,0.015151515151515159,0.0,11,5,0.7861814957586368,0.45454545454545453,REMOVE,6.82
GLD,macro_us2y_change_5d,5,-0.0026148746606180317,0.9028388799435038,-0.012739075693860026,0.5520110231876799,2182,0.002164502164502167,0.0,11,5,0.9576371151606086,0.45454545454545453,REMOVE,6.82
GLD,macro_unemployment_level,0,0.01760693635520929,0.41526836537897827,0.012487049767107461,0.5634379096299184,2143,0.007936507936507934,0.0,11,5,0.8534462531856172,0.45454545454545453,REMOVE,6.82
GLD,macro_yield_curve_10y2y,2,0.0039030754717487614,0.8551508545061939,0.002717360672792439,0.8988666775899239,2190,-0.010101010101010095,-0.007936507936507908,11,5,0.9476353460198977,0.45454545454545453,REMOVE,6.82
GLD,macro_yield_curve_change_5d,0,0.03257555391423681,0.12777344000939606,0.03710839451350009,0.08274199598044585,2187,-0.0036075036075036097,0.0,11,5,0.7359103190414583,0.45454545454545453,REMOVE,6.82
GLD,macro_yield_curve_change_5d,10,0.021365242705995123,0.31905204895687317,0.025050808697289165,0.24266924364603584,2177,0.007215007215007205,0.0,11,5,0.7685995873272973,0.45454545454545453,REMOVE,6.82
GLD,macro_yield_curve_change_5d,20,-0.02714628391583325,0.20652033445104592,-0.019126299162244516,0.3735104905317335,2167,0.0,0.0,11,5,0.7417128976324192,0.45454545454545453,REMOVE,6.82
GLD,macro_cpi_change_30d,3,-0.025388740556976395,0.24372689543392273,-0.01389529876792635,0.523519605176201,2110,-0.009523809523809535,-0.007936507936507936,10,4,0.7417128976324192,0.4,REMOVE,6.0
GLD,macro_unemployment_level,3,0.015549324711726743,0.4721797171384326,0.00907690149018352,0.6747323959746414,2140,0.011111111111111117,0.0,10,4,0.8861002925122623,0.4,REMOVE,6.0
GLD,macro_unemployment_level,20,0.01072415943504443,0.621412250003588,0.008181972122458124,0.706339318486562,2123,0.0007936507936508075,0.0,10,4,0.915407526715946,0.4,REMOVE,6.0
GLD,macro_unemployment_change,1,0.01364329306946633,0.5308847619740782,0.028237201296916994,0.19457154259645118,2112,-0.0023809523809523838,0.0,10,4,0.8946391359192799,0.4,REMOVE,6.0
GLD,macro_cpi_yoy,10,-0.038999988321751625,0.09084295334692942,-0.033006232066411796,0.15244885425736324,1881,0.0029761904761904726,0.0,8,3,0.6666700608524659,0.375,REMOVE,5.62
GLD,macro_cpi_yoy,20,-0.04525785828688517,0.050309162883119624,-0.03867071402217615,0.09448261128329109,1871,0.00496031746031745,0.0,8,3,0.5859092778480478,0.375,REMOVE,5.62
GLD,macro_fed_funds_change_5d,2,-0.014225855144464247,0.506289576088316,-0.011426893127972152,0.5934451230295856,2185,0.001443001443001443,0.0,11,4,0.8891298646955021,0.36363636363636365,REMOVE,5.45
GLD,macro_fed_funds_change_5d,3,-0.024136690565746674,0.25952888370776817,-0.014441893710357078,0.4999515811122117,2184,0.005050505050505038,0.0,11,4,0.7417128976324192,0.36363636363636365,REMOVE,5.45
GLD,macro_fed_funds_change_5d,10,-0.018927141467243058,0.37740880007396893,-0.012125059460434982,0.571780699542329,2177,-1.0092936587501423e-17,0.0,11,4,0.8164453894793013,0.36363636363636365,REMOVE,5.45
GLD,macro_us10y_change_1d,3,-0.015946730066465804,0.45594148167241116,-0.01837246686227094,0.39035538374743567,2188,-0.004329004329004324,0.0,11,4,0.8679254410611953,0.36363636363636365,REMOVE,5.45
GLD,macro_us10y_change_1d,5,-0.006835786537917746,0.7494035494293939,-0.008280375350501898,0.6988069299420296,2186,-0.000721500721500729,0.0,11,4,0.9396224115866785,0.36363636363636365,REMOVE,5.45
GLD,macro_us10y_change_5d,1,-0.009234906072317445,0.6660777325104256,-0.01062773360092949,0.6194527541423813,2186,-0.000721500721500729,0.0,11,4,0.9214033956334499,0.36363636363636365,REMOVE,5.45
GLD,macro_us2y_change_1d,0,-0.02528002663499855,0.2368788110679817,-0.023354105403474667,0.2745312779638416,2191,0.0014430014430014328,0.0,11,4,0.7417128976324192,0.36363636363636365,REMOVE,5.45
GLD,macro_us2y_change_1d,1,-0.021404049460091338,0.31673135895575827,-0.012972545257658983,0.5440096762530354,2190,-0.002164502164502172,-0.007936507936507908,11,4,0.7685995873272973,0.36363636363636365,REMOVE,5.45
GLD,macro_us2y_change_1d,3,-0.01647105309770454,0.44126254219774536,-0.024906666577760753,0.24420092031081705,2188,0.0007215007215007189,0.0,11,4,0.8638919378856122,0.36363636363636365,REMOVE,5.45
GLD,macro_us2y_change_5d,10,-0.017051261792544074,0.42650629291386977,-0.012819210277014976,0.5499707116479383,2177,0.000721500721500724,0.0,11,4,0.8633057876703468,0.36363636363636365,REMOVE,5.45
GLD,macro_yield_curve_10y2y,3,0.0017341786919468684,0.9353701380372252,0.0008319428549571496,0.9689687799382316,2189,-0.007215007215007219,0.0,11,4,0.9662570324675738,0.36363636363636365,REMOVE,5.45
GLD,macro_yield_curve_10y2y,5,0.00260982414689527,0.902914994294288,0.0009147875133868129,0.9658960952590548,2187,-0.006493506493506501,-0.007936507936507908,11,4,0.9576371151606086,0.36363636363636365,REMOVE,5.45
GLD,macro_yield_curve_10y2y,10,0.0066395095104747545,0.7565840072609965,0.004533509456109867,0.8323812669156647,2182,-0.012265512265512283,0.0,11,4,0.9396224115866785,0.36363636363636365,REMOVE,5.45
GLD,macro_yield_curve_10y2y,20,0.004563007580353514,0.8316885970769131,0.0015866801243279278,0.9410865640844343,2172,-0.007936507936507948,0.0,11,4,0.9476353460198977,0.36363636363636365,REMOVE,5.45
GLD,macro_financial_conditions_change_5d,20,0.002738646835628469,0.8993378437190799,0.004149160419196804,0.8480165118160523,2136,0.0023809523809523946,0.0,10,3,0.9576371151606086,0.3,REMOVE,4.5
GLD,macro_cpi_change_30d,0,-0.026478573503451914,0.223739803077439,-0.02004490046447799,0.3570719154229697,2113,-0.021428571428571446,-0.007936507936507964,10,3,0.7417128976324192,0.3,REMOVE,4.5
GLD,macro_cpi_change_30d,1,-0.033512099714253854,0.12365312573971986,-0.02083469778928352,0.33855370913156574,2112,-0.01349206349206351,-0.007936507936507964,10,3,0.7167155695741725,0.3,REMOVE,4.5
GLD,macro_unemployment_level,2,0.017154482093884964,0.4275745994061069,0.011647458612358476,0.5901336222673095,2141,0.0015873015873015927,-0.003968253968253954,10,3,0.8633057876703468,0.3,REMOVE,4.5
GLD,macro_unemployment_change,2,0.021476414002643995,0.3239974700810553,0.027579996724596788,0.20527315381968128,2111,-0.006349206349206338,0.0,10,3,0.7758886783520008,0.3,REMOVE,4.5
GLD,macro_unemployment_change,10,0.010940147488796265,0.6160789226878224,0.006445486928850909,0.7676825658389326,2103,-0.0007936507936507908,0.0,10,3,0.915407526715946,0.3,REMOVE,4.5
GLD,macro_unemployment_change,20,0.043775886847161556,0.04523308474878166,0.03868458238402464,0.07682743777354739,2093,-0.0015873015873015984,0.0,10,3,0.5656519419947927,0.3,REMOVE,4.5
GLD,macro_fed_funds_change_5d,1,0.0003409689347965569,0.9872880224692603,0.0035372320660657583,0.8687172463025069,2186,-0.0028860028860028908,0.0,11,3,0.9938408190785695,0.2727272727272727,REMOVE,4.09
GLD,macro_fed_funds_change_5d,20,-0.012138633176389229,0.5722364351148334,0.04511289518801498,0.03573676704444556,2167,0.002164502164502167,0.0,11,3,0.9103761467735986,0.2727272727272727,REMOVE,4.09
GLD,macro_us10y_change_1d,10,-0.024380819324751692,0.255066454271454,-0.02151420801570143,0.31524411280983583,2181,-0.002164502164502167,0.0,11,3,0.7417128976324192,0.2727272727272727,REMOVE,4.09
GLD,macro_us10y_change_1d,20,0.011230761574730186,0.6009734711915276,0.00520368969828695,0.8085301469550815,2171,-0.0043290043290043385,0.0,11,3,0.9127145493684807,0.2727272727272727,REMOVE,4.09
GLD,macro_us10y_change_5d,2,-0.007009797515490206,0.743303066292457,-0.008883424292561901,0.6781293048163796,2185,-0.0007215007215007189,0.0,11,3,0.9396224115866785,0.2727272727272727,REMOVE,4.09
GLD,macro_us2y_change_1d,5,0.012629480412779035,0.5550746076408725,0.015335189469916997,0.4736061950179765,2186,-0.001443001443001453,0.0,11,3,0.9068543859123769,0.2727272727272727,REMOVE,4.09
GLD,macro_us2y_change_1d,20,0.00580755309053836,0.7868190677315066,-0.004505930515245906,0.8338007976464494,2171,-0.002164502164502152,0.0,11,3,0.939961235130992,0.2727272727272727,REMOVE,4.09
GLD,macro_us2y_change_5d,2,-0.003384160645134151,0.8743787245864658,0.00010485539417351441,0.9960915349311892,2185,-0.003607503607503615,0.0,11,3,0.9517758844182822,0.2727272727272727,REMOVE,4.09
GLD,macro_financial_conditions_change_5d,1,-0.020821038436259365,0.33399529275934886,-0.019379602880183398,0.368545097308961,2155,0.0,0.0,11,3,0.7861814957586368,0.2727272727272727,REMOVE,4.09
GLD,macro_financial_conditions_change_5d,3,-0.01671397402692015,0.4382573182287658,-0.00548058859705063,0.7993751199362564,2153,-0.001443001443001448,0.0,11,3,0.8638919378856122,0.2727272727272727,REMOVE,4.09
GLD,macro_yield_curve_10y2y,0,0.007135060377306702,0.7384786660147717,0.006459350728376717,0.7624617203940082,2192,-0.009379509379509371,-0.015873015873015817,11,3,0.9396224115866785,0.2727272727272727,REMOVE,4.09
GLD,macro_yield_curve_10y2y,1,0.005328317795643265,0.803153502872837,0.00465999804281075,0.8274272029539005,2191,-0.014430014430014433,-0.007936507936507964,11,3,0.9476353460198977,0.2727272727272727,REMOVE,4.09
GLD,macro_yield_curve_change_5d,1,0.005213935913243212,0.8075111002345684,0.009700397846607927,0.6503397602105409,2186,-0.002886002886002896,0.0,11,3,0.9476353460198977,0.2727272727272727,REMOVE,4.09
GLD,macro_cpi_change_30d,5,-0.018900313188525135,0.38576007130824297,-0.011536834642394396,0.5965323840113621,2108,-0.005555555555555547,-0.00396825396825401,10,2,0.8259803879776496,0.2,REMOVE,3.0
GLD,macro_unemployment_change,0,0.012856265762645331,0.5547592716645598,0.026360687987287874,0.22580910906263352,2113,-0.003968253968253965,0.0,10,2,0.9068543859123769,0.2,REMOVE,3.0
GLD,macro_unemployment_change,3,0.012207417208759,0.5751840691002928,0.02065944634322203,0.342862201808995,2110,-0.0023809523809523725,0.0,10,2,0.9114367806045786,0.2,REMOVE,3.0
GLD,macro_unemployment_change,5,0.017409102722297287,0.4243542581943831,0.022350002209890456,0.3050451610324632,2108,-0.006349206349206338,0.0,10,2,0.8633057876703468,0.2,REMOVE,3.0
GLD,macro_us10y_change_5d,10,-0.003200286099503286,0.8813684908793573,0.00815276602179369,0.7038100882299088,2177,-0.008658008658008677,0.0,11,2,0.9548158651193037,0.18181818181818182,REMOVE,2.73
GLD,macro_us2y_change_1d,10,-0.02874471701742336,0.17962199237540194,-0.03307689937785616,0.12252363244674287,2181,-0.006493506493506501,0.0,11,2,0.7417128976324192,0.18181818181818182,REMOVE,2.73
GLD,macro_us2y_change_5d,3,0.00593360444834382,0.7816722087944626,-0.009319185530804233,0.663361899282252,2184,-0.005772005772005772,-0.007936507936507908,11,2,0.939961235130992,0.18181818181818182,REMOVE,2.73
GLD,macro_us2y_change_5d,20,-0.01773247563717731,0.4093409938701202,-0.04113835893829526,0.05552576140816492,2167,-0.002886002886002896,-0.007936507936507908,11,2,0.8522458456977352,0.18181818181818182,REMOVE,2.73
GLD,macro_financial_conditions_change_5d,0,-0.02199789047691175,0.307276392903296,-0.022538069160500673,0.29554698571213545,2156,-0.0072150072150072245,0.0,11,2,0.7619114919400527,0.18181818181818182,REMOVE,2.73
GLD,macro_financial_conditions_change_5d,2,-0.01684753926961383,0.4344989568714493,-0.014618093677616332,0.4977173175151326,2154,-0.004329004329004334,0.0,11,2,0.8633057876703468,0.18181818181818182,REMOVE,2.73
GLD,macro_financial_conditions_change_5d,5,-0.018604516584941912,0.38845114883310633,-0.005057223341205008,0.8146639890516503,2151,0.0007215007215007189,0.0,11,2,0.8278467106279316,0.18181818181818182,REMOVE,2.73
GLD,macro_financial_conditions_change_5d,10,-0.011508304615233587,0.5941522751235314,0.0027859022104446,0.8973720436639456,2146,-0.000721500721500724,0.0,11,2,0.9127145493684807,0.18181818181818182,REMOVE,2.73
GLD,macro_unemployment_level,1,0.015855407753665333,0.46329394711456356,0.01119765945367735,0.6044855125609446,2142,-0.0050505050505050475,-0.007936507936507908,11,2,0.8746835931001097,0.18181818181818182,REMOVE,2.73
GLD,macro_cpi_change_30d,10,-0.02023363502143304,0.3537048940720532,-0.01595600764199761,0.4645777730159956,2103,-0.005555555555555569,0.0,10,1,0.7892920845478736,0.1,REMOVE,1.5
GLD,macro_hy_spread_change_5d,0,0.05652432947368357,0.12320587893874828,0.052196057110336404,0.15466278978612574,745,,,0,0,0.7167155695741725,,REMOVE,0.0
GLD,macro_hy_spread_change_5d,1,0.030129600511336813,0.4118568155117406,0.01255593842020742,0.7324126271254252,744,,,0,0,0.8522458456977352,,REMOVE,0.0
GLD,macro_hy_spread_change_5d,2,-0.0058168353392564105,0.8742284180081178,-0.023319282012088546,0.525654296360734,743,,,0,0,0.9517758844182822,,REMOVE,0.0
GLD,macro_hy_spread_change_5d,3,-0.03389835180047855,0.3564824689551385,-0.03658336570735187,0.3196525558529056,742,,,0,0,0.7892920845478736,,REMOVE,0.0
GLD,macro_hy_spread_change_5d,5,-0.0025929178420351267,0.9438626603003227,-0.02011644941322551,0.5848207097187959,740,,,0,0,0.9705254473144561,,REMOVE,0.0
GLD,macro_hy_spread_change_5d,10,-0.008445633875811816,0.8191930662528535,0.0030485859368495284,0.9342416607447122,735,,,0,0,0.9476353460198977,,REMOVE,0.0
GLD,macro_hy_spread_change_5d,20,-0.04112542880770309,0.26877273653140676,-0.04074260871362067,0.2732581022011418,725,,,0,0,0.7417128976324192,,REMOVE,0.0
JPM,macro_cpi_yoy,2,-0.040289614313156544,0.08000721482406176,-0.023786181176214137,0.3014767154813455,1889,0.03373015873015873,0.031746031746031744,8,7,0.6510852752773911,0.875,REMOVE,68.12
JPM,macro_cpi_yoy,10,-0.0360898318802184,0.11765252355661203,-0.021109733979544763,0.36017430090668134,1881,0.041666666666666664,0.019841269841269826,8,7,0.6994358328713948,0.875,REMOVE,68.12
JPM,macro_cpi_yoy,1,-0.04031409876903372,0.07974403460791403,-0.023589077658580888,0.30537319425862597,1890,0.030864197530864206,0.031746031746031744,9,7,0.6510852752773911,0.7777777777777778,REMOVE,66.67
JPM,macro_cpi_yoy,3,-0.03989496309882057,0.0830916190362342,-0.023814221276466284,0.301035196296571,1888,0.04166666666666668,0.04761904761904767,8,6,0.6632752045874836,0.75,REMOVE,66.25
JPM,macro_cpi_yoy,5,-0.04127103394358138,0.07314933470721306,-0.024658485539871728,0.28447350308723673,1886,0.0357142857142857,0.019841269841269826,8,6,0.6510852752773911,0.75,REMOVE,66.25
JPM,macro_cpi_change_30d,3,-0.00676012174368709,0.756299416075082,-0.017468417984943897,0.4225570805462806,2110,0.005555555555555541,0.007936507936507908,10,6,0.9396224115866785,0.6,REMOVE,64.0
JPM,macro_cpi_change_30d,20,-0.010599579920551846,0.6279264382661673,-0.00632020581895646,0.7726003162224077,2093,0.015079365079365087,0.007936507936507964,10,6,0.915407526715946,0.6,REMOVE,64.0
JPM,macro_cpi_yoy,0,-0.04119724263696389,0.07328305319366785,-0.02300598829727738,0.31735856019232994,1891,0.026455026455026454,0.015873015873015817,9,5,0.6510852752773911,0.5555555555555556,REMOVE,38.33
JPM,macro_cpi_yoy,20,-0.033328033420659244,0.1495725659909556,-0.017779483595035797,0.44213117466194435,1871,0.025793650793650785,0.011904761904761918,8,4,0.7417128976324192,0.5,REMOVE,37.5
JPM,macro_cpi_change_30d,0,-0.016143419847546407,0.45828128409284286,-0.01485563220468101,0.4949177453105625,2113,0.018253968253968265,0.003968253968253954,10,5,0.8679254410611953,0.5,REMOVE,37.5
JPM,macro_yield_curve_10y2y,1,-0.03650117105358242,0.08760937705039214,-0.03331492781224393,0.11900775946654937,2191,-1.0092936587501423e-17,0.007936507936507908,11,6,0.6666700608524659,0.5454545454545454,REMOVE,8.18
JPM,macro_fed_funds_change_5d,10,0.0046487244387682924,0.8283811023844702,-0.0119981897223834,0.5758108823146568,2177,-0.001443001443001448,0.0,11,5,0.9476353460198977,0.45454545454545453,REMOVE,6.82
JPM,macro_us10y_change_5d,5,-0.04277613287365468,0.04572498723022017,-0.039387494455485096,0.06583821790099774,2182,0.005050505050505042,0.0,11,5,0.5656519419947927,0.45454545454545453,REMOVE,6.82
JPM,macro_us2y_change_1d,0,-0.06461699322920486,0.0024778235599140987,-0.05900831869806244,0.005729034845901482,2191,0.008658008658008637,0.0,11,5,0.14092621497011437,0.45454545454545453,REMOVE,6.82
JPM,macro_us2y_change_1d,2,0.019667501115634436,0.3577076910525368,0.012094100763371467,0.5717057424837156,2189,0.001443001443001443,0.0,11,5,0.7900825214995352,0.45454545454545453,REMOVE,6.82
JPM,macro_us2y_change_1d,20,-0.03131043259837223,0.1447315987307747,-0.039284500877323374,0.06723888641497767,2171,0.005772005772005772,0.0,11,5,0.7417128976324192,0.45454545454545453,REMOVE,6.82
JPM,macro_unemployment_level,0,-0.004503903214666251,0.8349349534133177,-0.0009801504925433851,0.9638305649134203,2143,-0.001443001443001458,0.0,11,5,0.9476353460198977,0.45454545454545453,REMOVE,6.82
JPM,macro_yield_curve_10y2y,2,-0.03581046263118681,0.09385216829737834,-0.02894736455992529,0.17568125925582237,2190,-0.002886002886002896,0.0,11,5,0.6672302589891742,0.45454545454545453,REMOVE,6.82
JPM,macro_yield_curve_10y2y,3,-0.03646124494507385,0.08810198668279619,-0.030140788386307384,0.1586270081823027,2189,-0.01010101010101011,0.0,11,5,0.6666700608524659,0.45454545454545453,REMOVE,6.82
JPM,macro_yield_curve_10y2y,5,-0.03640871596963421,0.08870700051502456,-0.029713833224988762,0.16480516375482784,2187,-0.007936507936507943,0.0,11,5,0.6666700608524659,0.45454545454545453,REMOVE,6.82
JPM,macro_yield_curve_10y2y,10,-0.03779538632263271,0.07754483602893678,-0.033425787499208916,0.11854193764841021,2182,-0.00721500721500723,0.0,11,5,0.6510852752773911,0.45454545454545453,REMOVE,6.82
JPM,macro_yield_curve_change_5d,10,-0.015126016210139157,0.4805677481419732,-0.0027386974682043486,0.8983785501568736,2177,-0.0036075036075036097,0.0,11,5,0.8891298646955021,0.45454545454545453,REMOVE,6.82
JPM,macro_financial_conditions_change_5d,20,-0.016459458740866805,0.44706868317998844,-0.029186016982137592,0.177534815673108,2136,-0.007936507936507936,0.0,10,4,0.8670113416043287,0.4,REMOVE,6.0
JPM,macro_cpi_change_30d,1,-0.020648043981109677,0.34289980851432406,-0.023100144794843652,0.28863767382811245,2112,0.019047619047619053,0.0,10,4,0.7861814957586368,0.4,REMOVE,6.0
JPM,macro_cpi_change_30d,2,-0.012571699678239899,0.5637400362770241,-0.018225594361780194,0.40261518475710506,2111,0.001587301587301576,0.0,10,4,0.9103761467735986,0.4,REMOVE,6.0
JPM,macro_unemployment_change,0,0.006018851239755707,0.7821566806861657,0.050219672212977316,0.020968152968024262,2113,0.0007936507936508019,0.0,10,4,0.939961235130992,0.4,REMOVE,6.0
JPM,macro_unemployment_change,1,0.017176119149989136,0.43014402195667367,0.05398706639770702,0.013086832976005283,2112,0.005555555555555558,0.0,10,4,0.8633057876703468,0.4,REMOVE,6.0
JPM,macro_unemployment_change,2,0.016530210025325984,0.4477970665428951,0.04680550683014382,0.03152257294661839,2111,0.010317460317460331,0.0,10,4,0.8670113416043287,0.4,REMOVE,6.0
JPM,macro_unemployment_change,5,0.012882155416483859,0.5544322418140512,0.03424710531352899,0.11597039169003219,2108,0.0015873015873015927,0.0,10,4,0.9068543859123769,0.4,REMOVE,6.0
JPM,macro_unemployment_change,10,0.014632676299599152,0.502431285536547,0.017059159093858443,0.4342740253789633,2103,0.007142857142857145,0.0,10,4,0.8891298646955021,0.4,REMOVE,6.0
JPM,macro_unemployment_change,20,0.01108506067221081,0.612262479545818,0.03710856033279154,0.089647202619682,2093,0.008730158730158727,0.0,10,4,0.915407526715946,0.4,REMOVE,6.0
JPM,macro_us10y_change_1d,0,-0.038335319108542175,0.07280684700757996,-0.028388190887566837,0.18407663979306071,2191,-0.004329004329004329,-0.007936507936507908,11,4,0.6510852752773911,0.36363636363636365,REMOVE,5.45
JPM,macro_us2y_change_5d,0,-0.028745162806963112,0.17901715975995414,-0.02357641693044053,0.2704257033782188,2187,-0.007936507936507943,0.0,11,4,0.7417128976324192,0.36363636363636365,REMOVE,5.45
JPM,macro_us2y_change_5d,5,-0.04677318166693457,0.028902988564366093,-0.03850884189949576,0.07210464664685141,2182,-0.0043290043290043385,-0.007936507936507908,11,4,0.5367697876239417,0.36363636363636365,REMOVE,5.45
JPM,macro_us2y_change_5d,10,0.01649154219278974,0.44184687393736144,0.008625320044931864,0.6875225696879881,2177,0.0014430014430014328,0.0,11,4,0.8638919378856122,0.36363636363636365,REMOVE,5.45
JPM,macro_unemployment_level,1,-0.00022377209925751015,0.9917416287986096,-0.0008178312218978874,0.9698243660782935,2142,0.005772005772005772,0.0,11,4,0.9950219208453526,0.36363636363636365,REMOVE,5.45
JPM,macro_yield_curve_10y2y,0,-0.033797583395807,0.11366974996554577,-0.030709383620388872,0.15063409350817236,2192,0.0014430014430014328,0.0,11,4,0.6947859202885577,0.36363636363636365,REMOVE,5.45
JPM,macro_yield_curve_10y2y,20,-0.03837201491841687,0.07378471442549031,-0.038743409768123356,0.07103335801218781,2172,-0.001443001443001448,0.0,11,4,0.6510852752773911,0.36363636363636365,REMOVE,5.45
JPM,macro_yield_curve_change_5d,0,0.013558641995120996,0.5262494999299829,0.014856236943027352,0.4874322943448215,2187,-0.01010101010101011,0.0,11,4,0.8946391359192799,0.36363636363636365,REMOVE,5.45
JPM,macro_yield_curve_change_5d,2,-0.012165619521728,0.5697870565492724,-0.016547375409909967,0.43946287229366354,2185,-0.003607503607503605,0.0,11,4,0.9103761467735986,0.36363636363636365,REMOVE,5.45
JPM,macro_cpi_change_30d,10,-0.0054891829716936435,0.8013674139607566,-0.0025194998671243143,0.9080710780543794,2103,0.0007936507936507964,0.0,10,3,0.9470705801354397,0.3,REMOVE,4.5
JPM,macro_unemployment_level,10,-0.002798785431941117,0.8972114672176722,-0.005926097917507304,0.7844417460548829,2133,-0.007936507936507926,0.0,10,3,0.9571658091067781,0.3,REMOVE,4.5
JPM,macro_unemployment_change,3,0.01247001514332988,0.5669902740897311,0.04277605589419845,0.04945571935943522,2110,0.009523809523809523,0.0,10,3,0.9103761467735986,0.3,REMOVE,4.5
JPM,macro_fed_funds_change_5d,0,-0.02537977497317786,0.23546155018460013,-0.004374636373199927,0.837989738874457,2187,-0.010101010101010116,-0.007936507936507964,11,3,0.7417128976324192,0.2727272727272727,REMOVE,4.09
JPM,macro_fed_funds_change_5d,20,-0.014039240089870742,0.5136296495354269,-0.0470653506768432,0.02845965688240443,2167,-0.005050505050505053,0.0,11,3,0.8891298646955021,0.2727272727272727,REMOVE,4.09
JPM,macro_us10y_change_1d,1,-0.010667777133112143,0.6178119372708079,-0.007827988939015226,0.7142708544018164,2190,-0.00360750360750362,0.0,11,3,0.915407526715946,0.2727272727272727,REMOVE,4.09
JPM,macro_us10y_change_1d,3,-0.01695319354097094,0.4280065762097792,-0.023789827160156138,0.26600233082010705,2188,0.0,0.0,11,3,0.8633057876703468,0.2727272727272727,REMOVE,4.09
JPM,macro_us10y_change_1d,5,-0.029254510975152567,0.1715326829183976,-0.03509195798219244,0.1009469690069264,2186,-0.005772005772005767,0.0,11,3,0.7417128976324192,0.2727272727272727,REMOVE,4.09
JPM,macro_us10y_change_1d,10,-0.010103904420148045,0.6372082134750542,0.005370257715906286,0.8020805537788964,2181,-0.005050505050505053,0.0,11,3,0.915407526715946,0.2727272727272727,REMOVE,4.09
JPM,macro_us10y_change_1d,20,-0.028119574590004616,0.19029477219093105,-0.02764669476193699,0.1978594403032215,2171,0.004329004329004334,0.0,11,3,0.7417128976324192,0.2727272727272727,REMOVE,4.09
JPM,macro_us10y_change_5d,0,-0.020517941858530897,0.3375176572091612,-0.023401969671103494,0.27398746306378824,2187,-0.006493506493506496,0.0,11,3,0.7861814957586368,0.2727272727272727,REMOVE,4.09
JPM,macro_us10y_change_5d,1,-0.016254759771202762,0.4474927836932436,-0.021627699205428706,0.31214281513169184,2186,-0.009379509379509382,-0.007936507936507908,11,3,0.8670113416043287,0.2727272727272727,REMOVE,4.09
JPM,macro_us2y_change_1d,1,-0.0016432339571077548,0.9387386706293602,0.002646379592800725,0.901494780476396,2190,-0.0043290043290043385,0.0,11,3,0.9674430240914131,0.2727272727272727,REMOVE,4.09
JPM,macro_us2y_change_5d,3,-0.016445536707445387,0.4423886187414234,-0.021323204583158045,0.3192277176279045,2184,-0.010822510822510824,0.0,11,3,0.8638919378856122,0.2727272727272727,REMOVE,4.09
JPM,macro_financial_conditions_change_5d,10,-0.01905113428178938,0.3777181417261383,-0.011012509799862921,0.6101410874663562,2146,-0.005772005772005772,0.0,11,3,0.8164453894793013,0.2727272727272727,REMOVE,4.09
JPM,macro_yield_curve_change_5d,3,-0.01613191182796963,0.4511406978777894,-0.01489533836759801,0.4865865456622843,2184,-0.002164502164502172,0.0,11,3,0.8679254410611953,0.2727272727272727,REMOVE,4.09
JPM,macro_yield_curve_change_5d,5,0.007941467253492313,0.710820642315686,0.009716290800824734,0.6501046091029499,2182,-0.011544011544011534,0.0,11,3,0.9324695798346866,0.2727272727272727,REMOVE,4.09
JPM,macro_yield_curve_change_5d,20,0.028711299404021586,0.18153446624922603,0.030970469333590333,0.149522077206858,2167,5.046468293750712e-18,0.0,11,3,0.7417128976324192,0.2727272727272727,REMOVE,4.09
JPM,macro_cpi_change_30d,5,-0.0031045397090602076,0.8867210885558666,-0.009987850047074713,0.6467288758225965,2108,-0.005555555555555552,0.0,10,2,0.9561173467977997,0.2,REMOVE,3.0
JPM,macro_unemployment_level,2,-0.0037829162147136252,0.8611287458389498,-0.00369160111449584,0.864448115280398,2141,0.0015873015873015873,0.0,10,2,0.9510038333901023,0.2,REMOVE,3.0
JPM,macro_unemployment_level,3,-0.0032298917672412414,0.8812945721948876,-0.003413514090233646,0.8746003584016434,2140,-0.008730158730158732,-0.003968253968253954,10,2,0.9548158651193037,0.2,REMOVE,3.0
JPM,macro_unemployment_level,5,-0.0048035594089598805,0.8243288086624597,-0.0037211765478058507,0.8634676883461119,2138,-0.01349206349206351,0.0,10,2,0.9476353460198977,0.2,REMOVE,3.0
JPM,macro_unemployment_level,20,-0.0117713369127501,0.587766322668321,-0.009473478529535706,0.6626532233184312,2123,-0.00317460317460318,0.0,10,2,0.9127145493684807,0.2,REMOVE,3.0
JPM,macro_fed_funds_change_5d,1,-0.008188238389157816,0.7019971650836481,-0.01131581635853422,0.5969569093349351,2186,-0.0028860028860028908,0.0,11,2,0.9311648116738519,0.18181818181818182,REMOVE,2.73
JPM,macro_fed_funds_change_5d,2,-0.003402252038098699,0.8737127828734131,0.02058374342552263,0.33619154665922957,2185,-0.003607503607503605,0.0,11,2,0.9517758844182822,0.18181818181818182,REMOVE,2.73
JPM,macro_fed_funds_change_5d,5,0.004076583958040083,0.8490610576158788,0.004294018384736925,0.8411148399062883,2182,0.0028860028860028756,0.0,11,2,0.9476353460198977,0.18181818181818182,REMOVE,2.73
JPM,macro_us10y_change_1d,2,0.024368678236005598,0.25443245386608193,0.0062970984763963105,0.7684099319153727,2189,-0.008658008658008668,-0.00793650793650802,11,2,0.7417128976324192,0.18181818181818182,REMOVE,2.73
JPM,macro_us10y_change_5d,2,-0.004019972515760648,0.8510312721318373,-0.011462680805204396,0.5922887093207722,2185,-0.004329004329004334,0.0,11,2,0.9476353460198977,0.18181818181818182,REMOVE,2.73
JPM,macro_us10y_change_5d,10,0.006800682484600448,0.7511450150066634,0.009376851839533322,0.6619180096084466,2177,0.0007215007215007139,0.0,11,2,0.9396224115866785,0.18181818181818182,REMOVE,2.73
JPM,macro_us10y_change_5d,20,0.004166853377439365,0.8462852613865953,0.004929810401163485,0.8185915951450281,2167,-0.004329004329004344,-0.015873015873015872,11,2,0.9476353460198977,0.18181818181818182,REMOVE,2.73
JPM,macro_us2y_change_1d,3,-0.010804972363168937,0.6134605180291669,-0.01931035226919784,0.3666159944861017,2188,-0.005772005772005776,0.0,11,2,0.915407526715946,0.18181818181818182,REMOVE,2.73
JPM,macro_us2y_change_1d,10,0.003610875007881601,0.8661616319180169,0.006177854440970644,0.773078508049125,2181,-0.009379509379509387,0.0,11,2,0.9517758844182822,0.18181818181818182,REMOVE,2.73
JPM,macro_us2y_change_5d,2,0.00399941445275097,0.8517842547788984,-0.0021694424195960603,0.919272252473889,2185,-0.007215007215007215,0.0,11,2,0.9476353460198977,0.18181818181818182,REMOVE,2.73
JPM,macro_us2y_change_5d,20,-0.014673363820713391,0.4947944788620738,-0.023161659798641317,0.28115784661938303,2167,-0.0050505050505050475,0.0,11,2,0.8891298646955021,0.18181818181818182,REMOVE,2.73
JPM,macro_financial_conditions_change_5d,0,-0.0066203913116315875,0.7586697972386536,0.0010232425637676178,0.9621271458782579,2156,-0.007936507936507943,0.0,11,2,0.9396224115866785,0.18181818181818182,REMOVE,2.73
JPM,macro_financial_conditions_change_5d,1,-0.006165731844212623,0.7748305468121823,0.007974081512907748,0.7114095079005801,2155,-0.006493506493506496,0.0,11,2,0.939961235130992,0.18181818181818182,REMOVE,2.73
JPM,macro_financial_conditions_change_5d,3,-0.00703565408959828,0.7442186970226938,0.0025553040562658873,0.9056726468584623,2153,-0.004329004329004329,0.0,11,2,0.9396224115866785,0.18181818181818182,REMOVE,2.73
JPM,macro_financial_conditions_change_5d,5,-0.006393782001173618,0.7669497696753417,0.006806274914019149,0.7523915155471106,2151,-0.000721500721500724,0.0,11,2,0.939961235130992,0.18181818181818182,REMOVE,2.73
JPM,macro_fed_funds_change_5d,3,-0.006333911933395604,0.7673537840899273,0.01862039804885385,0.3844263253984657,2184,-0.0043290043290043385,0.0,11,1,0.939961235130992,0.09090909090909091,REMOVE,1.36
JPM,macro_us10y_change_5d,3,-0.027711954508935748,0.19546588825050748,-0.028928133026594978,0.1765623533249164,2184,-0.012265512265512273,-0.007936507936507908,11,1,0.7417128976324192,0.09090909090909091,REMOVE,1.36
JPM,macro_yield_curve_change_5d,1,-0.009466291258059409,0.6582358330088318,-0.0069992101576741555,0.7436204974239891,2186,-0.012265512265512273,-0.015873015873015817,11,1,0.9174067595973308,0.09090909090909091,REMOVE,1.36
JPM,macro_us2y_change_1d,5,-0.023955229053499297,0.2629102328120253,-0.04022471449612337,0.06005645403834072,2186,-0.02020202020202021,-0.00793650793650802,11,0,0.7417128976324192,0.0,REMOVE,0.0
JPM,macro_us2y_change_5d,1,-0.009635840622502882,0.652513315036838,-0.00934271371312201,0.6624194069927828,2186,-0.012265512265512268,-0.00793650793650802,11,0,0.9170033535497649,0.0,REMOVE,0.0
JPM,macro_hy_spread_change_5d,0,-0.02800869805075853,0.44525185885177326,-0.046811509741838724,0.2018636958833432,745,,,0,0,0.8670113416043287,,REMOVE,0.0
JPM,macro_hy_spread_change_5d,1,-0.01822088098824986,0.6197498498193607,-0.004704973035879819,0.8980544197372726,744,,,0,0,0.915407526715946,,REMOVE,0.0
JPM,macro_hy_spread_change_5d,2,-0.023034106758029537,0.5307311162854845,-0.0141814903257958,0.6995499896148104,743,,,0,0,0.8946391359192799,,REMOVE,0.0
JPM,macro_hy_spread_change_5d,3,-0.025447003776072098,0.48886724888069205,-0.024327175601000093,0.5081986903269465,742,,,0,0,0.8891298646955021,,REMOVE,0.0
JPM,macro_hy_spread_change_5d,5,-0.04128000925302961,0.2620676909949174,-0.02977292349111068,0.41867552598016994,740,,,0,0,0.7417128976324192,,REMOVE,0.0
JPM,macro_hy_spread_change_5d,10,0.019472089800503415,0.5981539882381495,0.03542924752268675,0.3374657926575346,735,,,0,0,0.9127145493684807,,REMOVE,0.0
JPM,macro_hy_spread_change_5d,20,0.024755043476329095,0.5057295960092325,0.0323439635794443,0.38451210776312855,725,,,0,0,0.8891298646955021,,REMOVE,0.0
JPM,macro_financial_conditions_change_5d,2,-0.0037295708276896024,0.8626561407202487,0.01046200372988786,0.6274737435149764,2154,-0.005772005772005772,0.0,11,0,0.9515358643096076,0.0,REMOVE,0.0
MSFT,macro_cpi_yoy,1,-0.06355843361456336,0.0057077500343950816,-0.06125141354265441,0.0077311412819237235,1890,0.019400352733686052,0.015873015873015817,9,7,0.2087192455793346,0.7777777777777778,REMOVE,66.67
MSFT,macro_cpi_yoy,10,-0.06338062189899929,0.005963407016552417,-0.057968910161596755,0.011917296150342392,1881,0.021825396825396817,0.011904761904761946,8,6,0.2087192455793346,0.75,REMOVE,66.25
MSFT,macro_us10y_change_1d,3,0.030479266674010817,0.15409463817821442,0.02962487906191589,0.16597685110765523,2188,0.012987012987013002,0.007936507936507964,11,8,0.7417128976324192,0.7272727272727273,REMOVE,65.91
MSFT,macro_us10y_change_5d,1,-0.051191068234789285,0.01668291446596093,-0.05376292849538343,0.011935384917875078,2186,0.011544011544011558,0.007936507936507964,11,8,0.41030951794660664,0.7272727272727273,REMOVE,65.91
MSFT,macro_us2y_change_1d,3,0.02714730140200489,0.2043154977517547,0.03149051436743692,0.1408789738281218,2188,0.008658008658008668,0.007936507936507908,11,8,0.7417128976324192,0.7272727272727273,REMOVE,65.91
MSFT,macro_cpi_change_30d,20,-0.05025940239305683,0.021481502064854822,-0.05082048176920238,0.020065765754308455,2093,0.026190476190476198,0.019841269841269882,10,7,0.46543254473852114,0.7,REMOVE,65.5
MSFT,macro_cpi_yoy,0,-0.06333408877966623,0.0058679976676545625,-0.060345760460630005,0.008669210493391524,1891,0.011463844797178145,0.007936507936507964,9,6,0.2087192455793346,0.6666666666666666,REMOVE,65.0
MSFT,macro_us10y_change_5d,20,0.02951740485858133,0.16957441821009575,0.022289785950388646,0.2996692015002404,2167,0.0101010101010101,0.007936507936507908,11,7,0.7417128976324192,0.6363636363636364,REMOVE,64.55
MSFT,macro_financial_conditions_change_5d,0,-0.003952668228360812,0.8544625813918587,-0.0027699180798818747,0.8977211988326729,2156,0.010101010101010105,0.007936507936507908,11,7,0.9476353460198977,0.6363636363636364,REMOVE,64.55
MSFT,macro_financial_conditions_change_5d,1,0.0004268860905154236,0.9841986104504865,0.0006200344546644868,0.9770507964221752,2155,0.011544011544011553,0.007936507936507964,11,7,0.9935957218394125,0.6363636363636364,REMOVE,64.55
MSFT,macro_cpi_yoy,2,-0.06354056318381243,0.0057342346203701254,-0.059718984520059,0.009427678297495202,1889,0.02678571428571428,0.019841269841269854,8,5,0.2087192455793346,0.625,REMOVE,64.38
MSFT,macro_cpi_yoy,3,-0.06348668685352535,0.005788548613182915,-0.05982041119931748,0.009325881574845542,1888,0.02976190476190476,0.019841269841269882,8,5,0.2087192455793346,0.625,REMOVE,64.38
MSFT,macro_cpi_yoy,5,-0.06335746002544451,0.0059153785915930296,-0.05824563310023745,0.011407285052166385,1886,0.02480158730158731,0.023809523809523836,8,5,0.2087192455793346,0.625,REMOVE,64.38
MSFT,macro_cpi_yoy,20,-0.06436116003037565,0.0053532199376774,-0.061236029165293936,0.008061468802589082,1871,0.03472222222222223,0.007936507936507908,8,5,0.2087192455793346,0.625,REMOVE,64.38
MSFT,macro_cpi_change_30d,5,-0.05028241027116328,0.02095993243485367,-0.03057362051044912,0.16055098919298377,2108,0.02777777777777779,0.023809523809523808,10,6,0.46543254473852114,0.6,REMOVE,64.0
MSFT,macro_cpi_change_30d,10,-0.05664368835480063,0.009373163513004623,-0.03342319616363726,0.125459843228258,2103,0.030158730158730156,0.0357142857142857,10,6,0.29412340678738647,0.6,REMOVE,64.0
MSFT,macro_us10y_change_1d,20,0.011077823816195678,0.6059392135062442,0.009285591081827957,0.6654413484666999,2171,0.0036075036075036097,0.007936507936507964,11,7,0.9129216627329176,0.6363636363636364,REMOVE,39.55
MSFT,macro_cpi_change_30d,3,-0.034015665453791075,0.1182816917708995,-0.020434652920257375,0.3481405482296559,2110,0.004761904761904773,0.007936507936507908,10,6,0.6994358328713948,0.6,REMOVE,39.0
MSFT,macro_unemployment_level,2,0.021605034091290123,0.31768906253409573,0.003877360255093917,0.8576982146860255,2141,0.003968253968253987,0.00793650793650802,10,6,0.7685995873272973,0.6,REMOVE,39.0
MSFT,macro_unemployment_level,10,0.024106545188925996,0.26577040035342936,0.00974275981786334,0.6529191615258411,2133,0.0047619047619047675,0.007936507936507936,10,6,0.7417128976324192,0.6,REMOVE,39.0
MSFT,macro_us10y_change_1d,2,-0.048617674210915215,0.0229233998886188,-0.06181700665782934,0.0038117796347758837,2189,0.011544011544011558,0.007936507936507964,11,6,0.48512311392193275,0.5454545454545454,REMOVE,38.18
MSFT,macro_us10y_change_5d,10,0.004577581082230725,0.8309675999304943,-0.013796637176143227,0.5199717262480549,2177,0.002886002886002896,0.007936507936507964,11,6,0.9476353460198977,0.5454545454545454,REMOVE,38.18
MSFT,macro_us2y_change_1d,5,-0.04363786595808516,0.04134243582896781,-0.042129670079847026,0.048894903911233585,2186,0.014430014430014439,0.015873015873015872,11,6,0.5656519419947927,0.5454545454545454,REMOVE,38.18
MSFT,macro_us2y_change_5d,20,0.023960533748729425,0.26489138010276064,0.006415016015642876,0.7653547864191613,2167,0.005050505050505053,0.007936507936507908,11,6,0.7417128976324192,0.5454545454545454,REMOVE,38.18
MSFT,macro_financial_conditions_change_5d,5,0.009392763312576928,0.6632850476101084,0.00602000819219859,0.7802130239166193,2151,0.005772005772005772,0.007936507936507908,11,6,0.9201057825079249,0.5454545454545454,REMOVE,38.18
MSFT,macro_financial_conditions_change_5d,20,0.02370529902090915,0.27347391429193363,-0.005668589417301382,0.7934499922318983,2136,0.00873015873015876,0.003968253968253982,10,5,0.7417128976324192,0.5,REMOVE,37.5
MSFT,macro_unemployment_level,3,0.02369063959134864,0.2733214754937198,0.007078346677876422,0.7434727188828228,2140,0.005555555555555541,0.003968253968253954,10,5,0.7417128976324192,0.5,REMOVE,37.5
MSFT,macro_unemployment_level,20,0.014569037335483648,0.5022692203536137,0.0024053625227007415,0.9118031533414266,2123,0.007936507936507926,0.003968253968253954,10,5,0.8891298646955021,0.5,REMOVE,37.5
MSFT,macro_unemployment_change,2,0.02938287482999687,0.17717444570574722,0.009915640561092905,0.6488778838775693,2111,0.001587301587301576,0.003968253968253954,10,5,0.7417128976324192,0.5,REMOVE,37.5
MSFT,macro_unemployment_change,5,0.04734088332105392,0.029743492407615882,0.032009529885590124,0.1417901977951818,2108,0.005555555555555558,0.003968253968253954,10,5,0.5413315618186091,0.5,REMOVE,37.5
MSFT,macro_unemployment_change,20,0.015470612213447888,0.4793244876993301,0.016912575600075076,0.4393260038599879,2093,0.0023809523809523725,0.003968253968253954,10,5,0.8891298646955021,0.5,REMOVE,37.5
MSFT,macro_fed_funds_change_5d,1,0.01144021994251075,0.5929296893348692,-0.015211507907336407,0.47718122010133796,2186,0.005050505050505058,0.0,11,5,0.9127145493684807,0.45454545454545453,REMOVE,6.82
MSFT,macro_fed_funds_change_5d,2,0.00436374548990366,0.8384604856352789,-0.005675763257968291,0.7908876695641396,2185,0.002886002886002896,0.0,11,5,0.9476353460198977,0.45454545454545453,REMOVE,6.82
MSFT,macro_fed_funds_change_5d,20,-0.04086480996419495,0.057171603584675525,-0.047673826426247595,0.026469862847996916,2167,0.0064935064935064905,0.0,11,5,0.5914684501038115,0.45454545454545453,REMOVE,6.82
MSFT,macro_us10y_change_1d,5,-0.04443634781403294,0.03776050671520696,-0.04111857494819319,0.05458071281154216,2186,0.006493506493506506,0.0,11,5,0.5656519419947927,0.45454545454545453,REMOVE,6.82
MSFT,macro_us10y_change_5d,3,-0.020064459464100334,0.34863735791768546,-0.02369860337210126,0.2682787860883815,2184,0.001443001443001443,0.0,11,5,0.7861814957586368,0.45454545454545453,REMOVE,6.82
MSFT,macro_us10y_change_5d,5,-0.015395924166940009,0.47226224381148046,-0.0214906429128973,0.31566354744715097,2182,0.003607503607503625,0.0,11,5,0.8861002925122623,0.45454545454545453,REMOVE,6.82
MSFT,macro_us2y_change_1d,20,-0.0066281432155003706,0.7575823257275797,-0.01422444596380496,0.5076985583861692,2171,0.005050505050505053,0.0,11,5,0.9396224115866785,0.45454545454545453,REMOVE,6.82
MSFT,macro_us2y_change_5d,1,-0.04943867523482984,0.020800794353121176,-0.05408597653925861,0.011433023011776606,2186,0.010822510822510834,0.0,11,5,0.46543254473852114,0.45454545454545453,REMOVE,6.82
MSFT,macro_us2y_change_5d,2,-0.02368473857650041,0.26844929050196004,-0.03829399612823264,0.07351083461776055,2185,0.002886002886002906,0.0,11,5,0.7417128976324192,0.45454545454545453,REMOVE,6.82
MSFT,macro_us2y_change_5d,5,-0.011902026210696522,0.5784384140753537,-0.014109596112201896,0.5100621511829626,2182,0.0014430014430014378,0.0,11,5,0.9114367806045786,0.45454545454545453,REMOVE,6.82
MSFT,macro_financial_conditions_change_5d,2,0.005456505484389903,0.800192575960791,-0.00040202480806266806,0.9851222093223119,2154,0.008658008658008663,0.0,11,5,0.9469118909288944,0.45454545454545453,REMOVE,6.82
MSFT,macro_financial_conditions_change_5d,3,0.0005749432126781481,0.9787292243906638,-0.001639517274903297,0.9393950875824717,2153,0.002886002886002896,0.0,11,5,0.9935957218394125,0.45454545454545453,REMOVE,6.82
MSFT,macro_financial_conditions_change_5d,10,0.005303984399193522,0.8060187340088566,-0.0033861517874503007,0.875424279586501,2146,0.003607503607503605,0.0,11,5,0.9476353460198977,0.45454545454545453,REMOVE,6.82
MSFT,macro_unemployment_level,0,0.027782402652563643,0.1985771217403235,0.006659467866980913,0.7580006991473207,2143,0.0036075036075036097,0.0,11,5,0.7417128976324192,0.45454545454545453,REMOVE,6.82
MSFT,macro_yield_curve_10y2y,3,0.009828324530788064,0.6458149803864147,0.006313277259118827,0.7678319720853293,2189,-0.007936507936507934,0.0,11,5,0.915407526715946,0.45454545454545453,REMOVE,6.82
MSFT,macro_yield_curve_change_5d,3,0.007130303183857811,0.7391071378606996,0.0006872123198721451,0.9743944506467295,2184,0.003607503607503615,0.0,11,5,0.9396224115866785,0.45454545454545453,REMOVE,6.82
MSFT,macro_cpi_change_30d,1,-0.0346075572246608,0.11184000481093989,-0.021634148684527496,0.3203409526543814,2112,1.6653345369377347e-17,0.0,10,4,0.6947859202885577,0.4,REMOVE,6.0
MSFT,macro_unemployment_level,5,0.0251670428676065,0.24475230119311217,0.007382882775340279,0.7329691903617511,2138,0.002380952380952356,0.0,10,4,0.7417128976324192,0.4,REMOVE,6.0
MSFT,macro_unemployment_change,3,0.03481965000462447,0.10982760334661856,0.02257135056502046,0.30004977087584794,2110,0.003968253968253965,0.0,10,4,0.6940494378154368,0.4,REMOVE,6.0
MSFT,macro_fed_funds_change_5d,10,-0.02895582909241762,0.176843497286346,-0.0035214537877302837,0.8695648020528526,2177,-0.005050505050505053,0.0,11,4,0.7417128976324192,0.36363636363636365,REMOVE,5.45
MSFT,macro_us10y_change_1d,0,-0.0008930224817226835,0.9666765846105446,0.010457733845962519,0.6246711690578344,2191,-0.013708513708513696,-0.007936507936507964,11,4,0.9850791623690881,0.36363636363636365,REMOVE,5.45
MSFT,macro_us10y_change_1d,1,-0.0345457533117488,0.10604846978508961,-0.03769302193453066,0.0778066970734615,2190,-0.001443001443001443,0.0,11,4,0.6865064508244281,0.36363636363636365,REMOVE,5.45
MSFT,macro_us10y_change_1d,10,1.9011804962064694e-05,0.9992919855152408,0.005789443303877888,0.7869901728856619,2181,-0.007936507936507938,0.0,11,4,0.9992919855152408,0.36363636363636365,REMOVE,5.45
MSFT,macro_us10y_change_5d,2,-0.021449093719489522,0.3162674637045716,-0.020776268456789208,0.3316904250704739,2185,0.002886002886002901,0.0,11,4,0.7685995873272973,0.36363636363636365,REMOVE,5.45
MSFT,macro_us2y_change_1d,2,-0.03150771894998003,0.14057110331345546,-0.04177785893596448,0.050655462184472845,2189,0.008658008658008663,0.0,11,4,0.7394202544233784,0.36363636363636365,REMOVE,5.45
MSFT,macro_us2y_change_1d,10,-0.004642878721514609,0.8284384316043678,0.0034821096847442354,0.8708917424769516,2181,-0.004329004329004319,0.0,11,4,0.9476353460198977,0.36363636363636365,REMOVE,5.45
MSFT,macro_us2y_change_5d,0,-0.028404219563921796,0.18423018758956683,-0.037732897122831864,0.07769623048107457,2187,0.001443001443001448,0.0,11,4,0.7417128976324192,0.36363636363636365,REMOVE,5.45
MSFT,macro_us2y_change_5d,3,-0.024129579126980317,0.25966932469330817,-0.02458959278531968,0.25069280052170473,2184,0.0028860028860028908,0.0,11,4,0.7417128976324192,0.36363636363636365,REMOVE,5.45
MSFT,macro_us2y_change_5d,10,-0.007615124559946238,0.7225071133946042,-0.025827149900690752,0.22837298820716076,2177,-0.0014430014430014328,0.0,11,4,0.9396224115866785,0.36363636363636365,REMOVE,5.45
MSFT,macro_unemployment_level,1,0.024674567631245318,0.25366638353252924,0.005236819802404283,0.808602456065328,2142,0.002886002886002881,0.0,11,4,0.7417128976324192,0.36363636363636365,REMOVE,5.45
MSFT,macro_yield_curve_10y2y,0,0.00847411469934196,0.6917150468716284,0.003799521754732818,0.8588892985470851,2192,-0.011544011544011539,0.0,11,4,0.9255823468786876,0.36363636363636365,REMOVE,5.45
MSFT,macro_yield_curve_10y2y,2,0.00791487283416618,0.7112408652594905,0.0031192684346730017,0.8840076109632782,2190,-0.0101010101010101,-0.007936507936507964,11,4,0.9324695798346866,0.36363636363636365,REMOVE,5.45
MSFT,macro_yield_curve_10y2y,5,0.008616727672930313,0.6871383487326315,0.004825125368978431,0.8215739212361903,2187,-0.0050505050505050475,0.0,11,4,0.9239294454746325,0.36363636363636365,REMOVE,5.45
MSFT,macro_yield_curve_10y2y,10,0.009608731156908693,0.6537237807756867,0.0034319502371893064,0.8727066197902205,2182,-0.007936507936507934,0.0,11,4,0.9170033535497649,0.36363636363636365,REMOVE,5.45
MSFT,macro_yield_curve_change_5d,10,0.01851914157335115,0.38778015646404623,0.013637655727228666,0.5247931119368665,2177,0.007936507936507938,0.0,11,4,0.8278467106279316,0.36363636363636365,REMOVE,5.45
MSFT,macro_yield_curve_change_5d,20,0.007407708408834143,0.7303632665035028,0.012499722541192497,0.5608616385579863,2167,-0.0007215007215007139,0.0,11,4,0.9396224115866785,0.36363636363636365,REMOVE,5.45
MSFT,macro_cpi_change_30d,0,-0.02852681962885685,0.18992738638378767,-0.011435228705064948,0.5993373813802523,2113,-5.551115123125783e-18,-0.003968253968253954,10,3,0.7417128976324192,0.3,REMOVE,4.5
MSFT,macro_cpi_change_30d,2,-0.03524155248631093,0.10550348750996395,-0.02457921709785805,0.25897841138960953,2111,0.0015873015873015927,0.0,10,3,0.6865064508244281,0.3,REMOVE,4.5
MSFT,macro_unemployment_change,0,0.030875711484595825,0.1559649276978403,0.003263829731440017,0.8808109100815119,2113,-5.551115123125783e-18,0.0,10,3,0.7417128976324192,0.3,REMOVE,4.5
MSFT,macro_unemployment_change,10,0.04399743753731754,0.0436503637655373,0.030217316289033274,0.16598748368123523,2103,0.0015873015873015984,0.0,10,3,0.5656519419947927,0.3,REMOVE,4.5
MSFT,macro_fed_funds_change_5d,0,-0.004128328568538465,0.8469955679586475,-0.009397484183796328,0.6604910590310119,2187,-0.001443001443001448,0.0,11,3,0.9476353460198977,0.2727272727272727,REMOVE,4.09
MSFT,macro_fed_funds_change_5d,3,-0.008864196225614617,0.6788565369797231,7.122691098187065e-05,0.9973456329029882,2184,-0.0007215007215007139,0.0,11,3,0.9239294454746325,0.2727272727272727,REMOVE,4.09
MSFT,macro_us10y_change_5d,0,-0.030673785266258448,0.1515756072816766,-0.03590000758532837,0.09325764501319822,2187,-0.012265512265512273,-0.007936507936507964,11,3,0.7417128976324192,0.2727272727272727,REMOVE,4.09
MSFT,macro_yield_curve_10y2y,1,0.008448641020810315,0.692661074971853,0.004202841727777433,0.8441282691773309,2191,-0.012987012987012986,-0.007936507936507964,11,3,0.9255823468786876,0.2727272727272727,REMOVE,4.09
MSFT,macro_yield_curve_change_5d,0,-0.0021394749364289064,0.9203472995332354,0.00016552824142316726,0.9938271764421515,2187,-0.001443001443001448,0.0,11,3,0.9615568801093504,0.2727272727272727,REMOVE,4.09
MSFT,macro_yield_curve_change_5d,1,-0.00043884072792288643,0.9836396279029084,0.01294081302023052,0.5453631896851074,2186,-0.004329004329004324,-0.007936507936507908,11,3,0.9935957218394125,0.2727272727272727,REMOVE,4.09
MSFT,macro_unemployment_change,1,0.028591890537614458,0.18902332191895263,0.003992330258417566,0.8545111329673667,2112,-0.0007936507936507908,0.0,10,2,0.7417128976324192,0.2,REMOVE,3.0
MSFT,macro_us2y_change_1d,0,0.0009837938344377385,0.9632917019198366,0.006378195145588698,0.7654101154062716,2191,-0.010822510822510815,0.0,11,2,0.9828799658938642,0.18181818181818182,REMOVE,2.73
MSFT,macro_us2y_change_1d,1,-0.036296604009803765,0.08947421332319219,-0.015635817194294882,0.46456961071416397,2190,-0.006493506493506481,-0.007936507936507964,11,2,0.6666700608524659,0.18181818181818182,REMOVE,2.73
MSFT,macro_yield_curve_10y2y,20,0.0017452405584164668,0.9352115740048678,-0.0032267014410773173,0.8805331843433671,2172,-0.007936507936507943,0.0,11,2,0.9662570324675738,0.18181818181818182,REMOVE,2.73
MSFT,macro_yield_curve_change_5d,2,0.004381605557266301,0.8378084897527501,0.0012546509547551004,0.9532596815622976,2185,-0.0021645021645021567,0.0,11,2,0.9476353460198977,0.18181818181818182,REMOVE,2.73
MSFT,macro_yield_curve_change_5d,5,-0.004729433953509496,0.8252517396068556,0.005386344165728453,0.801455448948802,2182,-0.006493506493506485,-0.007936507936507908,11,2,0.9476353460198977,0.18181818181818182,REMOVE,2.73
MSFT,macro_fed_funds_change_5d,5,0.0059345986123992825,0.7817341394799691,0.0008209504775606482,0.9694276216848093,2182,-0.0050505050505050475,0.0,11,0,0.939961235130992,0.0,REMOVE,0.0
MSFT,macro_hy_spread_change_5d,0,-0.014792203993128857,0.6868800346413066,-0.003703626551054306,0.9196140190851124,745,,,0,0,0.9239294454746325,,REMOVE,0.0
MSFT,macro_hy_spread_change_5d,1,0.010357591118493248,0.7779052037863117,0.03124304372649964,0.3947852008095743,744,,,0,0,0.939961235130992,,REMOVE,0.0
MSFT,macro_hy_spread_change_5d,2,0.017158497809212303,0.6405330065765458,0.06314615279523397,0.085421837423648,743,,,0,0,0.915407526715946,,REMOVE,0.0
MSFT,macro_hy_spread_change_5d,3,0.0038822298871602724,0.9159213096617097,0.039698643010887893,0.2801507214227234,742,,,0,0,0.9604003654849206,,REMOVE,0.0
MSFT,macro_hy_spread_change_5d,5,-0.01698352790338163,0.6446162689723923,-0.003265398034398687,0.9293374183152296,740,,,0,0,0.915407526715946,,REMOVE,0.0
MSFT,macro_hy_spread_change_5d,10,-0.04945189629998857,0.18049835545291523,-0.052657346732423366,0.1538259334755799,735,,,0,0,0.7417128976324192,,REMOVE,0.0
MSFT,macro_hy_spread_change_5d,20,0.013441751259894977,0.7178587198093807,0.0021196667196977112,0.9545648263854272,725,,,0,0,0.9358903080609403,,REMOVE,0.0
NVDA,macro_cpi_change_30d,10,-0.010567196922436095,0.6281580948057133,0.006897488331733,0.7519083793002344,2103,0.016666666666666656,0.007936507936507964,10,6,0.915407526715946,0.6,REMOVE,64.0
NVDA,macro_cpi_change_30d,20,-0.033062722292120504,0.1305067126004908,-0.02859125752413919,0.191037395996,2093,0.015873015873015883,0.01190476190476189,10,6,0.7394202544233784,0.6,REMOVE,64.0
NVDA,macro_cpi_yoy,2,-0.033943744701909855,0.1402844061534641,-0.028506413814131923,0.21556955949540624,1889,0.001984126984126977,0.007936507936507908,8,5,0.7394202544233784,0.625,REMOVE,39.38
NVDA,macro_cpi_change_30d,2,-0.024119976561714964,0.2679862011510712,-0.00974173129174655,0.6546329168938143,2111,0.002380952380952367,0.007936507936507908,10,6,0.7417128976324192,0.6,REMOVE,39.0
NVDA,macro_unemployment_level,20,0.03639475107669762,0.09364162640349628,0.0065958082528767385,0.7613313624857747,2123,5.551115123125783e-18,0.007936507936507908,10,6,0.6672302589891742,0.6,REMOVE,39.0
NVDA,macro_cpi_change_30d,3,-0.02711573521381085,0.2131152185109385,-0.014427524822410408,0.5077364933921849,2110,0.00634920634920636,0.003968253968253954,10,5,0.7417128976324192,0.5,REMOVE,37.5
NVDA,macro_cpi_change_30d,5,-0.020144744217283884,0.3552520401909596,-0.004659443135058465,0.8307006057633869,2108,0.011111111111111122,0.007936507936507908,10,5,0.7892920845478736,0.5,REMOVE,37.5
NVDA,macro_unemployment_level,3,0.02403856605683113,0.26633676800595824,0.006358823560870705,0.7687646785654109,2140,0.0023809523809523838,0.003968253968253954,10,5,0.7417128976324192,0.5,REMOVE,37.5
NVDA,macro_unemployment_change,1,-0.010556879453497106,0.6277589644243373,0.02582628863890684,0.23547183934719204,2112,0.004761904761904789,0.003968253968253982,10,5,0.915407526715946,0.5,REMOVE,37.5
NVDA,macro_yield_curve_change_5d,2,0.0331595608358304,0.12124977621734025,0.02257941586906698,0.2914333876520157,2185,-0.0007215007215006987,0.0,11,5,0.7118535248889007,0.45454545454545453,REMOVE,6.82
NVDA,macro_cpi_yoy,1,-0.034383137116446576,0.13511554989097715,-0.028936603847183714,0.20859988277376673,1890,-0.0026455026455026484,0.0,9,4,0.7394202544233784,0.4444444444444444,REMOVE,6.67
NVDA,macro_cpi_change_30d,1,-0.023116365538906582,0.2882991395406961,-0.009854484212358806,0.6508220394550284,2112,-0.0007936507936507908,0.0,10,4,0.7456298504750438,0.4,REMOVE,6.0
NVDA,macro_cpi_yoy,20,-0.033953190560754756,0.14208005221044087,-0.03309362028023319,0.15245838338855214,1871,-0.011904761904761904,0.0,8,3,0.7417128976324192,0.375,REMOVE,5.62
NVDA,macro_us10y_change_1d,5,-0.02697402110773852,0.20742786772098384,-0.0196476685275815,0.3585227352631454,2186,-0.005772005772005756,0.0,11,4,0.7417128976324192,0.36363636363636365,REMOVE,5.45
NVDA,macro_us10y_change_1d,10,0.010073749745515009,0.6382134181768414,0.011380969265304589,0.5952682969106803,2181,-0.012265512265512257,-0.007936507936507908,11,4,0.915407526715946,0.36363636363636365,REMOVE,5.45
NVDA,macro_us10y_change_5d,5,-0.015976593700489282,0.45571771534613026,-0.019752984263785595,0.3563927970002152,2182,-0.007936507936507919,0.0,11,4,0.8679254410611953,0.36363636363636365,REMOVE,5.45
NVDA,macro_us2y_change_1d,0,-0.008455126546694886,0.6924371858019804,0.010482468257986212,0.6238522292546492,2191,1.0092936587501423e-17,0.0,11,4,0.9255823468786876,0.36363636363636365,REMOVE,5.45
NVDA,macro_us2y_change_1d,2,-0.014024963663291914,0.5119271259729166,-0.013764775595175905,0.519788305864702,2189,0.0007215007215007341,0.0,11,4,0.8891298646955021,0.36363636363636365,REMOVE,5.45
NVDA,macro_financial_conditions_change_5d,1,-0.0030504177407039415,0.887455533241062,-0.002148753946884663,0.9205891315692314,2155,-0.0036075036075035997,0.0,11,4,0.9561173467977997,0.36363636363636365,REMOVE,5.45
NVDA,macro_cpi_yoy,0,-0.034617513284429476,0.13237036262481944,-0.030051544738116016,0.19147052660617514,1891,-0.012345679012345697,-0.00793650793650802,9,3,0.7394202544233784,0.3333333333333333,REMOVE,5.0
NVDA,macro_financial_conditions_change_5d,20,-0.017184672533978644,0.42730275834254483,-0.02151963200541641,0.3201726390495604,2136,-0.0031746031746031577,0.0,10,3,0.8633057876703468,0.3,REMOVE,4.5
NVDA,macro_cpi_change_30d,0,-0.02213585618830414,0.30912973510709757,-0.007688539324689472,0.7239249438611548,2113,-1.6653345369377347e-17,0.0,10,3,0.7644240732267902,0.3,REMOVE,4.5
NVDA,macro_unemployment_level,2,0.02803263610818836,0.19477100363064145,0.009617988937505418,0.6564760100976003,2141,-0.0023809523809523838,0.0,10,3,0.7417128976324192,0.3,REMOVE,4.5
NVDA,macro_unemployment_level,10,0.02798873714957768,0.19630908571144126,0.006278147121882915,0.77198039619528,2133,-0.003968253968253977,-0.007936507936507908,10,3,0.7417128976324192,0.3,REMOVE,4.5
NVDA,macro_unemployment_change,2,-0.012032540047121437,0.5805818160708477,0.026162217485791475,0.229544517970017,2111,0.002380952380952367,0.0,10,3,0.9114367806045786,0.3,REMOVE,4.5
NVDA,macro_unemployment_change,20,0.018491506361357577,0.3978090205321614,0.03699613631204417,0.09062383749696935,2093,-0.003968253968253977,-0.003968253968253954,10,3,0.8397572496837442,0.3,REMOVE,4.5
NVDA,macro_us10y_change_1d,0,0.009423361936715282,0.6593230997545652,0.02782047106322281,0.19300776704524383,2191,-0.008658008658008648,-0.007936507936507908,11,3,0.9174067595973308,0.2727272727272727,REMOVE,4.09
NVDA,macro_us2y_change_1d,3,0.025431713889436245,0.23439718879750718,0.03460002655599158,0.10565988712462802,2188,-0.005772005772005767,-0.007936507936507908,11,3,0.7417128976324192,0.2727272727272727,REMOVE,4.09
NVDA,macro_us2y_change_1d,20,-0.024684143751431672,0.25028989215736813,-0.04419387065309325,0.03949530647394757,2171,-0.005772005772005767,0.0,11,3,0.7417128976324192,0.2727272727272727,REMOVE,4.09
NVDA,macro_us2y_change_5d,5,-0.028784073577354404,0.17892695177685308,-0.028825751642503665,0.17829824451326617,2182,-0.007215007215007215,-0.007936507936507908,11,3,0.7417128976324192,0.2727272727272727,REMOVE,4.09
NVDA,macro_financial_conditions_change_5d,3,-0.008899824732333096,0.6798087973305483,0.0014661511725035947,0.9457931368974043,2153,0.001443001443001443,0.0,11,3,0.9239294454746325,0.2727272727272727,REMOVE,4.09
NVDA,macro_cpi_yoy,3,-0.03461020317871229,0.13276000962861126,-0.029474953666935515,0.20049247931501804,1888,-0.005952380952380945,0.0,8,2,0.7394202544233784,0.25,REMOVE,3.75
NVDA,macro_cpi_yoy,5,-0.03405388057159431,0.13931581618573047,-0.029967651530217278,0.19330379929076033,1886,-0.006944444444444461,-0.003968253968253954,8,2,0.7394202544233784,0.25,REMOVE,3.75
NVDA,macro_cpi_yoy,10,-0.032742202042126946,0.15575848815348156,-0.028808702236710875,0.21171029698899038,1881,-0.0069444444444444545,-0.00396825396825401,8,2,0.7417128976324192,0.25,REMOVE,3.75
NVDA,macro_unemployment_level,5,0.02512196235936231,0.24559876453034069,0.006172777191921506,0.7754481485458073,2138,-0.003968253968253971,-0.007936507936507908,10,2,0.7417128976324192,0.2,REMOVE,3.0
NVDA,macro_unemployment_change,3,-0.013507621690027935,0.5351724309560105,0.028923734888448,0.18414683178168115,2110,-1.1102230246251566e-17,0.0,10,2,0.8985367383209771,0.2,REMOVE,3.0
NVDA,macro_fed_funds_change_5d,20,0.006930802958031428,0.7471088932935889,-0.020707467315837842,0.3352959599443345,2167,-0.007215007215007205,0.0,11,2,0.9396224115866785,0.18181818181818182,REMOVE,2.73
NVDA,macro_us10y_change_1d,1,-0.040997798988812145,0.055072602333735315,-0.04881717425160982,0.022337678650276027,2190,-0.0007215007215007189,0.0,11,2,0.5859092778480478,0.18181818181818182,REMOVE,2.73
NVDA,macro_us10y_change_5d,1,-0.02340481985251502,0.2740388610627517,-0.026588975031997225,0.2139903384024057,2186,-0.0021645021645021467,0.0,11,2,0.7417128976324192,0.18181818181818182,REMOVE,2.73
NVDA,macro_us10y_change_5d,10,-0.017540747613297304,0.41334867031357453,-0.021069010043958333,0.32580959230820455,2177,-0.007215007215007215,-0.007936507936507908,11,2,0.8529417006470585,0.18181818181818182,REMOVE,2.73
NVDA,macro_us10y_change_5d,20,-0.008508802518087074,0.6921992420696239,-0.011863876769862234,0.5809643469308506,2167,-0.011544011544011539,0.0,11,2,0.9255823468786876,0.18181818181818182,REMOVE,2.73
NVDA,macro_us2y_change_1d,10,0.02521780847784004,0.2391103415807462,0.023856871162323236,0.26542346483147383,2181,-0.012265512265512257,0.0,11,2,0.7417128976324192,0.18181818181818182,REMOVE,2.73
NVDA,macro_us2y_change_5d,0,-0.013505759588914631,0.5278642832288485,-0.010085602863107097,0.6373556119204962,2187,-0.007215007215007205,0.0,11,2,0.8946391359192799,0.18181818181818182,REMOVE,2.73
NVDA,macro_us2y_change_5d,3,-0.013849770446216887,0.5176929375780449,-0.007700965929989647,0.7190784186133199,2184,-0.0036075036075035797,0.0,11,2,0.8905492877051433,0.18181818181818182,REMOVE,2.73
NVDA,macro_us2y_change_5d,10,-0.018719076971393578,0.3826762806604539,-0.01977259777146354,0.35646769356641933,2177,-0.010822510822510824,-0.007936507936507908,11,2,0.8232515730520402,0.18181818181818182,REMOVE,2.73
NVDA,macro_financial_conditions_change_5d,0,-0.006944234178889064,0.7472581868325828,-0.010016625249251822,0.6420450657111338,2156,-0.007215007215007205,0.0,11,2,0.9396224115866785,0.18181818181818182,REMOVE,2.73
NVDA,macro_unemployment_level,0,0.0355826948911977,0.09960450486584477,0.012912305310195759,0.5502272290013991,2143,-0.006493506493506496,0.0,11,2,0.6865064508244281,0.18181818181818182,REMOVE,2.73
NVDA,macro_unemployment_level,1,0.03110268417802236,0.1501521130892645,0.01099026878837069,0.6111958026224298,2142,-0.005772005772005772,0.0,11,2,0.7417128976324192,0.18181818181818182,REMOVE,2.73
NVDA,macro_yield_curve_change_5d,0,0.011093562388984563,0.6040997476468045,0.0019348130366038097,0.9279450361754678,2187,-0.002886002886002871,0.0,11,2,0.9127145493684807,0.18181818181818182,REMOVE,2.73
NVDA,macro_yield_curve_change_5d,1,-0.003865444944079402,0.8566619778296557,-0.007442738936950501,0.7279989144096172,2186,-0.001443001443001443,0.0,11,2,0.9476353460198977,0.18181818181818182,REMOVE,2.73
NVDA,macro_yield_curve_change_5d,20,0.0028605175732920604,0.8941273210164039,0.008881995609667947,0.6794338737721993,2167,-0.008658008658008658,-0.007936507936507908,11,2,0.9561173467977997,0.18181818181818182,REMOVE,2.73
NVDA,macro_unemployment_change,0,-0.005597976633859366,0.7970444045366184,0.02904563645339744,0.18199311427909717,2113,-0.0007936507936508075,0.0,10,1,0.9452321263651068,0.1,REMOVE,1.5
NVDA,macro_unemployment_change,5,-0.0071557027943973985,0.7426479221568899,0.027375761667973654,0.20897380197435797,2108,-0.002380952380952378,0.0,10,1,0.9396224115866785,0.1,REMOVE,1.5
NVDA,macro_unemployment_change,10,0.0022412709834625606,0.9181849648042648,0.030626270679179442,0.16032824502151294,2103,-1.1102230246251566e-17,0.0,10,1,0.9604003654849206,0.1,REMOVE,1.5
NVDA,macro_fed_funds_change_5d,0,-0.020002005123492136,0.3498089356412615,-0.012187405311447611,0.5689192807737831,2187,-0.0036075036075035997,0.0,11,1,0.7861814957586368,0.09090909090909091,REMOVE,1.36
NVDA,macro_fed_funds_change_5d,1,-0.020948885021780304,0.3275772129399305,-0.011780811333533705,0.581968174856513,2186,-0.0028860028860028756,0.0,11,1,0.7813574100778635,0.09090909090909091,REMOVE,1.36
NVDA,macro_fed_funds_change_5d,2,-0.0264620663877711,0.21629093797385018,-0.014605016895317544,0.49502246909600556,2185,-0.002886002886002886,0.0,11,1,0.7417128976324192,0.09090909090909091,REMOVE,1.36
NVDA,macro_fed_funds_change_5d,5,-0.02450327773654123,0.25257796524586895,-0.024224110409445446,0.2580250534170208,2182,-0.005772005772005776,0.0,11,1,0.7417128976324192,0.09090909090909091,REMOVE,1.36
NVDA,macro_fed_funds_change_5d,10,-0.02600027624770143,0.2252683376482855,0.013050948754423839,0.5427818528799129,2177,-0.0036075036075036097,0.0,11,1,0.7417128976324192,0.09090909090909091,REMOVE,1.36
NVDA,macro_us10y_change_1d,2,-0.021887784076127435,0.30602614707740405,-0.028556162477481817,0.18169337538164385,2189,-0.007936507936507924,-0.007936507936507908,11,1,0.7608846826241467,0.09090909090909091,REMOVE,1.36
NVDA,macro_us10y_change_1d,3,0.03452971490672166,0.10637077974312567,0.04006987629685547,0.06093145112671196,2188,-0.012987012987012986,-0.015873015873015817,11,1,0.6865064508244281,0.09090909090909091,REMOVE,1.36
NVDA,macro_us10y_change_1d,20,-0.015909117671093227,0.4587605902752032,-0.030228091586341432,0.1591435089153508,2171,-0.008658008658008637,-0.007936507936507964,11,1,0.8679254410611953,0.09090909090909091,REMOVE,1.36
NVDA,macro_us10y_change_5d,0,-0.0064790409307483145,0.7620234502757898,-0.011911004957107783,0.5777161070468853,2187,-0.012265512265512252,-0.007936507936507964,11,1,0.9396224115866785,0.09090909090909091,REMOVE,1.36
NVDA,macro_us10y_change_5d,2,0.021700916568178092,0.31061796154235616,0.024981406058656102,0.2431116966318019,2185,-0.0014430014430014328,-0.007936507936507908,11,1,0.7655546654878884,0.09090909090909091,REMOVE,1.36
NVDA,macro_us2y_change_5d,1,-0.020221507417784897,0.3446558450759414,-0.017986365265756712,0.4006092008175099,2186,-0.01731601731601731,0.0,11,1,0.7861814957586368,0.09090909090909091,REMOVE,1.36
NVDA,macro_financial_conditions_change_5d,2,0.0017364057253813983,0.9358062218799807,0.0003534781770174131,0.9869186096585754,2154,-0.004329004329004329,-0.007936507936507908,11,1,0.9662570324675738,0.09090909090909091,REMOVE,1.36
NVDA,macro_financial_conditions_change_5d,5,-0.0034889278677728633,0.871527156302256,-0.007965461151938821,0.7119635721068005,2151,-0.010822510822510819,0.0,11,1,0.9517758844182822,0.09090909090909091,REMOVE,1.36
NVDA,macro_financial_conditions_change_5d,10,-0.011914590357663249,0.5811945644221942,-0.012595579715615675,0.5597770902044839,2146,-0.007215007215007215,0.0,11,1,0.9114367806045786,0.09090909090909091,REMOVE,1.36
NVDA,macro_yield_curve_10y2y,0,0.0045502899099416,0.8313903800687884,0.00233294470488517,0.9130727970457322,2192,-0.016594516594516596,-0.007936507936507964,11,1,0.9476353460198977,0.09090909090909091,REMOVE,1.36
NVDA,macro_yield_curve_10y2y,1,0.002450202870596919,0.908743068496661,0.0002286521367190279,0.9914654558258387,2191,-0.024531024531024525,-0.015873015873015817,11,1,0.9582987797578725,0.09090909090909091,REMOVE,1.36
NVDA,macro_yield_curve_10y2y,2,0.0038516884683401052,0.8570372415103031,0.0012999768668996844,0.9515177918179074,2190,-0.020923520923520914,-0.007936507936507964,11,1,0.9476353460198977,0.09090909090909091,REMOVE,1.36
NVDA,macro_yield_curve_10y2y,3,0.0048732915752286825,0.8197421784476144,0.0031084100673690173,0.8844347862419073,2189,-0.019480519480519473,-0.007936507936507908,11,1,0.9476353460198977,0.09090909090909091,REMOVE,1.36
NVDA,macro_yield_curve_10y2y,5,0.0023017567284307062,0.9143279808934305,0.0008648926669979548,0.9677551678036409,2187,-0.018759018759018753,-0.007936507936507908,11,1,0.9604003654849206,0.09090909090909091,REMOVE,1.36
NVDA,macro_yield_curve_10y2y,10,-0.00040384153778975305,0.9849580624655508,-0.004467799292411319,0.8347755243093712,2182,-0.020202020202020207,-0.007936507936507964,11,1,0.9935957218394125,0.09090909090909091,REMOVE,1.36
NVDA,macro_yield_curve_10y2y,20,-0.00591511075034104,0.7829199872056405,-0.007718188414730982,0.7192193548946025,2172,-0.021645021645021644,-0.015873015873015872,11,1,0.939961235130992,0.09090909090909091,REMOVE,1.36
NVDA,macro_yield_curve_change_5d,5,0.020371428428926173,0.34153270507671274,0.030522608247187215,0.15407524776214412,2182,-0.005772005772005772,-0.007936507936507908,11,1,0.7861814957586368,0.09090909090909091,REMOVE,1.36
NVDA,macro_fed_funds_change_5d,3,-0.043963575906145344,0.03993898506431495,-0.03352064804375546,0.1173314630668381,2184,-0.0028860028860028908,0.0,11,0,0.5656519419947927,0.0,REMOVE,0.0
NVDA,macro_us10y_change_5d,3,0.004882524700241552,0.8196095845665358,0.008757889695610196,0.6824967360587219,2184,-0.00721500721500721,0.0,11,0,0.9476353460198977,0.0,REMOVE,0.0
NVDA,macro_us2y_change_1d,1,-0.02443254527673854,0.25308082548417166,-0.02688644261543917,0.20849101890503316,2190,-0.007215007215007215,-0.007936507936507908,11,0,0.7417128976324192,0.0,REMOVE,0.0
NVDA,macro_us2y_change_1d,5,-0.023069684314819646,0.2809702912839944,-0.015969971898021823,0.45549139151207396,2186,-0.005772005772005772,0.0,11,0,0.7454313850391688,0.0,REMOVE,0.0
NVDA,macro_us2y_change_5d,2,-0.00046358382620403997,0.9827212809517103,-0.0001237353630937555,0.99538779488119,2185,-0.009379509379509376,0.0,11,0,0.9935957218394125,0.0,REMOVE,0.0
NVDA,macro_us2y_change_5d,20,-0.010167496304685554,0.6361798370165206,-0.0282550715830094,0.1885748587453488,2167,-0.01731601731601732,-0.007936507936507908,11,0,0.915407526715946,0.0,REMOVE,0.0
NVDA,macro_hy_spread_change_5d,0,-0.01133351469736521,0.7574468671185494,0.0028568492759175686,0.9379505275495913,745,,,0,0,0.9396224115866785,,REMOVE,0.0
NVDA,macro_hy_spread_change_5d,1,-0.019250989267897915,0.6000958638324612,-0.010967017504428897,0.7652098892349106,744,,,0,0,0.9127145493684807,,REMOVE,0.0
NVDA,macro_hy_spread_change_5d,2,-0.005663700745793656,0.8775130589687442,0.00568792508296935,0.8769933204808672,743,,,0,0,0.9540464559875236,,REMOVE,0.0
NVDA,macro_hy_spread_change_5d,3,-0.019279948341482767,0.6000400783927663,-0.021067682733297403,0.5666630152829866,742,,,0,0,0.9127145493684807,,REMOVE,0.0
NVDA,macro_hy_spread_change_5d,5,0.004057407457537569,0.9122608478390571,-0.0007173383467917695,0.9844576115588678,740,,,0,0,0.9604003654849206,,REMOVE,0.0
NVDA,macro_hy_spread_change_5d,10,-0.018219209281083917,0.6219143048295889,-0.037246156609398326,0.31325888621626247,735,,,0,0,0.915407526715946,,REMOVE,0.0
NVDA,macro_hy_spread_change_5d,20,0.02042715098371173,0.5829189080350161,0.005437657519532599,0.8837936192325245,725,,,0,0,0.9114367806045786,,REMOVE,0.0
NVDA,macro_yield_curve_change_5d,3,0.02861645603034011,0.18127187891886754,0.03247669945481332,0.1291974703156272,2184,-0.006493506493506476,0.0,11,0,0.7417128976324192,0.0,REMOVE,0.0
NVDA,macro_yield_curve_change_5d,10,0.0024906146853385784,0.9075405052824502,-0.0068940088495650755,0.7478451242906154,2177,-0.01010101010101009,-0.007936507936507964,11,0,0.9582987797578725,0.0,REMOVE,0.0
QQQ,macro_unemployment_level,10,0.05346566389608103,0.013526448342207292,0.04542032501827663,0.035943685842618395,2133,0.007142857142857134,0.007936507936507908,10,6,0.3730020603457162,0.6,REMOVE,64.0
QQQ,macro_fed_funds_change_5d,3,-0.03082801302603869,0.14980747370922792,-0.02105789369364302,0.3252875170761306,2184,0.004329004329004324,0.0,11,5,0.7417128976324192,0.45454545454545453,REMOVE,6.82
QQQ,macro_us10y_change_1d,10,-0.00877516400884939,0.6821115453873259,-0.014281242009345944,0.5050260960608829,2181,0.006493506493506485,0.0,11,5,0.9239294454746325,0.45454545454545453,REMOVE,6.82
QQQ,macro_unemployment_level,1,0.05539545273410309,0.010339284943402144,0.04807606973265039,0.02607907440899267,2142,-0.002164502164502152,0.0,11,5,0.29942815611431817,0.45454545454545453,REMOVE,6.82
QQQ,macro_yield_curve_change_5d,5,0.006431691687325692,0.7639732143680744,0.014467823539950374,0.4993788750450533,2182,5.046468293750712e-18,0.0,11,5,0.939961235130992,0.45454545454545453,REMOVE,6.82
QQQ,macro_financial_conditions_change_5d,20,0.012271081108990268,0.5708361784701319,0.0028771243574184095,0.8942770938885262,2136,0.003968253968253977,0.0,10,4,0.9103761467735986,0.4,REMOVE,6.0
QQQ,macro_unemployment_level,2,0.052212298619735836,0.015685625123902102,0.04610599422313472,0.03290370559574836,2141,-0.0031746031746031633,0.0,10,4,0.39649774618752537,0.4,REMOVE,6.0
QQQ,macro_unemployment_level,3,0.05539562385227829,0.010374817445572043,0.048180883317224504,0.025824132732526338,2140,-0.002380952380952367,0.0,10,4,0.29942815611431817,0.4,REMOVE,6.0
QQQ,macro_unemployment_level,5,0.05531060873443479,0.010529341753470528,0.04771021195560989,0.027382926248133568,2138,-0.0015873015873015873,0.0,10,4,0.29942815611431817,0.4,REMOVE,6.0
QQQ,macro_unemployment_change,5,0.030576283580638613,0.16051453910918312,0.013682412330589727,0.530097725418464,2108,0.002380952380952367,0.0,10,4,0.7417128976324192,0.4,REMOVE,6.0
QQQ,macro_unemployment_change,10,0.02980082772032247,0.17190397796012016,0.014529728444031637,0.5054429152449706,2103,0.003968253968253971,0.0,10,4,0.7417128976324192,0.4,REMOVE,6.0
QQQ,macro_unemployment_change,20,0.024180553160921953,0.2688370825062976,0.032473960314456186,0.1374999453561163,2093,0.002380952380952389,0.0,10,4,0.7417128976324192,0.4,REMOVE,6.0
QQQ,macro_us2y_change_1d,2,-0.015064902720635764,0.48113687568285685,-0.019510565736161813,0.361557448309706,2189,-0.002164502164502162,0.0,11,4,0.8891298646955021,0.36363636363636365,REMOVE,5.45
QQQ,macro_us2y_change_1d,3,0.01618498185457974,0.449237613212862,0.022278273312450345,0.2975861912601804,2188,-0.005050505050505058,0.0,11,4,0.8679254410611953,0.36363636363636365,REMOVE,5.45
QQQ,macro_us2y_change_1d,5,-0.04057690509628017,0.05784691435081234,-0.04301482827944219,0.04433339011667751,2186,0.005050505050505058,0.0,11,4,0.5914684501038115,0.36363636363636365,REMOVE,5.45
QQQ,macro_us2y_change_1d,10,0.004900012789855696,0.8190970011868535,-0.00044416472269671257,0.9834601401449663,2181,0.0007215007215007139,0.0,11,4,0.9476353460198977,0.36363636363636365,REMOVE,5.45
QQQ,macro_financial_conditions_change_5d,3,-0.02053270917211809,0.3409582160830123,-0.01291868227692238,0.5490999935112442,2153,-0.0014430014430014378,0.0,11,4,0.7861814957586368,0.36363636363636365,REMOVE,5.45
QQQ,macro_yield_curve_change_5d,2,0.0017046565668941806,0.9365260468531869,-0.004522172242419381,0.8326809106709316,2185,0.0007215007215007088,0.0,11,4,0.9662570324675738,0.36363636363636365,REMOVE,5.45
QQQ,macro_cpi_change_30d,1,-0.038627333759371385,0.07593281328433983,-0.0320497984080495,0.14091212256146451,2112,-0.012698412698412676,-0.003968253968253954,10,3,0.6510852752773911,0.3,REMOVE,4.5
QQQ,macro_cpi_change_30d,2,-0.03966420014906584,0.06844984917069952,-0.03226802070065199,0.13831847215151064,2111,-0.011904761904761885,-0.003968253968253954,10,3,0.6510852752773911,0.3,REMOVE,4.5
QQQ,macro_cpi_change_30d,3,-0.03810435045857616,0.08013357234183276,-0.028465146500809977,0.19120285854169064,2110,-0.015873015873015865,0.0,10,3,0.6510852752773911,0.3,REMOVE,4.5
QQQ,macro_cpi_change_30d,5,-0.041413841757239805,0.05728631146655646,-0.027759616617017716,0.20265784223367692,2108,-0.009523809523809535,0.0,10,3,0.5914684501038115,0.3,REMOVE,4.5
QQQ,macro_unemployment_change,1,0.021571453189133696,0.321745688815197,0.006859208674572329,0.7527295231087944,2112,-0.003968253968253949,0.0,10,3,0.7725292264428213,0.3,REMOVE,4.5
QQQ,macro_fed_funds_change_5d,0,-0.012675334696975536,0.5535481898586342,-0.009875827139387816,0.6443725399512008,2187,0.0050505050505050475,0.0,11,3,0.9068543859123769,0.2727272727272727,REMOVE,4.09
QQQ,macro_fed_funds_change_5d,1,0.0003767899408383008,0.9859526778252632,-0.01022496800015652,0.6327896101720425,2186,-0.000721500721500729,0.0,11,3,0.9935957218394125,0.2727272727272727,REMOVE,4.09
QQQ,macro_fed_funds_change_5d,10,-0.025242225460818883,0.23908724109692342,0.008822147940695187,0.6807804959520343,2177,0.003607503607503605,0.0,11,3,0.7417128976324192,0.2727272727272727,REMOVE,4.09
QQQ,macro_fed_funds_change_5d,20,-0.03191337850716271,0.13751143504177912,-0.055410782677474964,0.009882210774604928,2167,0.002164502164502162,0.0,11,3,0.7394202544233784,0.2727272727272727,REMOVE,4.09
QQQ,macro_us10y_change_1d,0,-0.030591292645383475,0.1523045190412285,-0.013428419508402732,0.5298541421063322,2191,-0.0014430014430014378,0.0,11,3,0.7417128976324192,0.2727272727272727,REMOVE,4.09
QQQ,macro_us10y_change_1d,1,-0.020259666068241748,0.3433044113698075,-0.021583889649354423,0.31268139980733634,2190,-0.0007215007215007088,0.0,11,3,0.7861814957586368,0.2727272727272727,REMOVE,4.09
QQQ,macro_us10y_change_1d,2,-0.01755761364676251,0.4116133683933287,-0.03184701599862954,0.13634388190573535,2189,-0.007215007215007235,0.0,11,3,0.8522458456977352,0.2727272727272727,REMOVE,4.09
QQQ,macro_us10y_change_1d,3,0.009587502222760995,0.6539946993997774,0.01680123574751298,0.4321593037416828,2188,-0.007936507936507938,-0.007936507936507908,11,3,0.9170033535497649,0.2727272727272727,REMOVE,4.09
QQQ,macro_us10y_change_1d,5,-0.04535284889257998,0.03397771444939436,-0.04112979662831284,0.05451470726343366,2186,-0.00721500721500721,-0.007936507936507908,11,3,0.5656519419947927,0.2727272727272727,REMOVE,4.09
QQQ,macro_us10y_change_1d,20,-0.009759656200019088,0.6494760005191003,-0.012862565644511055,0.5491742956551502,2171,0.0,0.0,11,3,0.9170033535497649,0.2727272727272727,REMOVE,4.09
QQQ,macro_us10y_change_5d,0,-0.027082445903695494,0.20550278093145755,-0.03513928669742674,0.1004099037146563,2187,-0.004329004329004329,0.0,11,3,0.7417128976324192,0.2727272727272727,REMOVE,4.09
QQQ,macro_us10y_change_5d,1,-0.03400990811072349,0.11190860372614776,-0.04083428669748712,0.05627523564898538,2186,-0.002886002886002896,0.0,11,3,0.6947859202885577,0.2727272727272727,REMOVE,4.09
QQQ,macro_us10y_change_5d,5,-0.027734739844704637,0.1953034453583328,-0.033160416799895856,0.1214962475136069,2182,-0.0007215007215007139,0.0,11,3,0.7417128976324192,0.2727272727272727,REMOVE,4.09
QQQ,macro_us2y_change_1d,0,-0.036355410023823496,0.08888298142815947,-0.0281190797903902,0.18827130646251009,2191,-0.00360750360750362,0.0,11,3,0.6666700608524659,0.2727272727272727,REMOVE,4.09
QQQ,macro_us2y_change_1d,1,-0.020868154841249917,0.32900258713129044,-0.017042954644697163,0.4253528184475016,2190,-0.003607503607503605,0.0,11,3,0.7817032749072436,0.2727272727272727,REMOVE,4.09
QQQ,macro_us2y_change_1d,20,-0.02074652836903121,0.3339387009275434,-0.03668109132121245,0.08750484145523549,2171,-0.007215007215007205,-0.007936507936507908,11,3,0.7861814957586368,0.2727272727272727,REMOVE,4.09
QQQ,macro_us2y_change_5d,0,-0.022741864635080992,0.2877541977112855,-0.03604144883132703,0.09197398773164872,2187,-0.0014430014430014682,0.0,11,3,0.7456298504750438,0.2727272727272727,REMOVE,4.09
QQQ,macro_us2y_change_5d,5,-0.03116013429697711,0.14565049265950614,-0.03881160318629321,0.0698924381576106,2182,0.0,0.0,11,3,0.7417128976324192,0.2727272727272727,REMOVE,4.09
QQQ,macro_unemployment_level,0,0.057824847828091074,0.007416538803865358,0.050705487360098875,0.018903591817345262,2143,-0.0057720057720057815,0.0,11,3,0.24996482635249911,0.2727272727272727,REMOVE,4.09
QQQ,macro_yield_curve_change_5d,0,-0.005483224411864006,0.797734365987255,0.003155827585249974,0.8827378195272046,2187,0.0036075036075035997,0.0,11,3,0.9452321263651068,0.2727272727272727,REMOVE,4.09
QQQ,macro_yield_curve_change_5d,1,-0.012866242281396486,0.5476815859737444,-0.002559992404231581,0.9047815150150845,2186,-0.0007215007215007139,0.0,11,3,0.9068543859123769,0.2727272727272727,REMOVE,4.09
QQQ,macro_yield_curve_change_5d,3,0.003394372375241174,0.8740314487804534,0.005487775202307136,0.7977061690960502,2184,-0.0014430014430014328,0.0,11,3,0.9517758844182822,0.2727272727272727,REMOVE,4.09
QQQ,macro_yield_curve_change_5d,20,0.011702282751513322,0.5861264510193495,0.007399065179425674,0.7306656446844205,2167,-0.003607503607503615,0.0,11,3,0.9127145493684807,0.2727272727272727,REMOVE,4.09
QQQ,macro_cpi_change_30d,0,-0.036602384366912134,0.09255260607459895,-0.026310607541700656,0.22669231643135881,2113,-0.010317460317460331,0.0,10,2,0.6672302589891742,0.2,REMOVE,3.0
QQQ,macro_cpi_change_30d,10,-0.04432475269117245,0.04210750725280739,-0.02734087613252181,0.21009662551213026,2103,-0.005555555555555552,-0.007936507936507992,10,2,0.5656519419947927,0.2,REMOVE,3.0
QQQ,macro_unemployment_level,20,0.04670694365693468,0.03139914599790826,0.037437892601443666,0.08460357379077624,2123,-0.0023809523809523838,-0.007936507936507908,10,2,0.5518365537975499,0.2,REMOVE,3.0
QQQ,macro_fed_funds_change_5d,2,-0.014675388497285462,0.49294614694282335,-0.007931436728076387,0.7109797148753076,2185,0.000721500721500724,0.0,11,2,0.8891298646955021,0.18181818181818182,REMOVE,2.73
QQQ,macro_us10y_change_5d,2,-0.006075800081249723,0.7765274806093427,-0.005556807261760855,0.7951718152516587,2185,-1.0092936587501423e-17,0.0,11,2,0.939961235130992,0.18181818181818182,REMOVE,2.73
QQQ,macro_us10y_change_5d,3,-0.024052095341703515,0.26120292938852313,-0.026620502750470485,0.21365723306846948,2184,-0.0036075036075036097,0.0,11,2,0.7417128976324192,0.18181818181818182,REMOVE,2.73
QQQ,macro_us10y_change_5d,20,0.0006885178865328757,0.9744459420956859,-0.006030551644751899,0.7790409429803152,2167,-0.0028860028860028756,0.0,11,2,0.991885690500083,0.18181818181818182,REMOVE,2.73
QQQ,macro_us2y_change_5d,1,-0.024672166759849498,0.24888782994111944,-0.02995326448499242,0.16152279651361345,2186,0.000721500721500724,0.0,11,2,0.7417128976324192,0.18181818181818182,REMOVE,2.73
QQQ,macro_us2y_change_5d,2,-0.007010246539224282,0.7432872022774171,-0.011859840330819897,0.5795251683944468,2185,-0.001443001443001448,0.0,11,2,0.9396224115866785,0.18181818181818182,REMOVE,2.73
QQQ,macro_us2y_change_5d,10,-0.001902973890638081,0.929289596394001,-0.021341238002142278,0.31959619681922863,2177,-0.0007215007215007341,0.0,11,2,0.9662570324675738,0.18181818181818182,REMOVE,2.73
QQQ,macro_financial_conditions_change_5d,0,-0.023788431308005693,0.2695593595092297,-0.026096230536089365,0.22580986565943292,2156,-0.004329004329004319,0.0,11,2,0.7417128976324192,0.18181818181818182,REMOVE,2.73
QQQ,macro_financial_conditions_change_5d,2,-0.014235810885050796,0.5090285531605053,-0.01840197846522809,0.39330752194233753,2154,-0.001443001443001448,0.0,11,2,0.8891298646955021,0.18181818181818182,REMOVE,2.73
QQQ,macro_financial_conditions_change_5d,5,-0.01009844073896339,0.639717366103478,-0.00835536709250754,0.698538546065314,2151,-0.000721500721500729,0.0,11,2,0.915407526715946,0.18181818181818182,REMOVE,2.73
QQQ,macro_financial_conditions_change_5d,10,-0.012257266893103073,0.5703693429513906,-0.005750009316226948,0.7900729866874348,2146,-0.001443001443001448,0.0,11,2,0.9103761467735986,0.18181818181818182,REMOVE,2.73
QQQ,macro_yield_curve_10y2y,0,0.03038769988636907,0.15495875642132073,0.027878966849065236,0.19197157521549874,2192,-0.007936507936507948,-0.007936507936507908,11,2,0.7417128976324192,0.18181818181818182,REMOVE,2.73
QQQ,macro_yield_curve_10y2y,1,0.029453320833952513,0.1681518040717845,0.026541351424059844,0.2142880264070042,2191,-0.007936507936507959,-0.007936507936507908,11,2,0.7417128976324192,0.18181818181818182,REMOVE,2.73
QQQ,macro_yield_curve_10y2y,2,0.029107550833569012,0.17330219481688494,0.02463269087178445,0.24921282560983796,2190,-0.011544011544011563,-0.007936507936507908,11,2,0.7417128976324192,0.18181818181818182,REMOVE,2.73
QQQ,macro_yield_curve_10y2y,3,0.029102372995761645,0.17347703195705638,0.025486014435838006,0.23329249846909333,2189,-0.010101010101010116,0.0,11,2,0.7417128976324192,0.18181818181818182,REMOVE,2.73
QQQ,macro_yield_curve_10y2y,5,0.030685780092324005,0.15141557140351114,0.027973017604481166,0.19098303856788584,2187,-0.008658008658008658,0.0,11,2,0.7417128976324192,0.18181818181818182,REMOVE,2.73
QQQ,macro_yield_curve_10y2y,20,0.022138796153329175,0.3023978824460132,0.01717284326260653,0.423749136575982,2172,-0.01154401154401155,0.0,11,2,0.7559947061150329,0.18181818181818182,REMOVE,2.73
QQQ,macro_yield_curve_change_5d,10,-0.003439119284516189,0.8725881350392688,-0.008228508793777642,0.7011900707164703,2177,-0.009379509379509387,0.0,11,2,0.9517758844182822,0.18181818181818182,REMOVE,2.73
QQQ,macro_unemployment_change,0,0.0236642991174542,0.27690672601348026,0.012107386238684126,0.5780496148526981,2113,-0.007142857142857168,0.0,10,1,0.7417128976324192,0.1,REMOVE,1.5
QQQ,macro_unemployment_change,2,0.020578148341249533,0.344650788325528,0.008144099430848767,0.7084264351169115,2111,-0.009523809523809523,-0.003968253968253954,10,1,0.7861814957586368,0.1,REMOVE,1.5
QQQ,macro_unemployment_change,3,0.026932656313893282,0.21622237077566894,0.01580958632859206,0.46794654819836795,2110,-0.0047619047619047675,0.0,10,1,0.7417128976324192,0.1,REMOVE,1.5
QQQ,macro_us10y_change_5d,10,-0.004253740038032865,0.8427639391578501,-0.019149803397150767,0.37182150018636656,2177,-0.004329004329004329,0.0,11,1,0.9476353460198977,0.09090909090909091,REMOVE,1.36
QQQ,macro_us2y_change_5d,3,-0.02557685046209016,0.23216462877198052,-0.02240601790125617,0.29526621842857087,2184,-0.004329004329004334,0.0,11,1,0.7417128976324192,0.09090909090909091,REMOVE,1.36
QQQ,macro_us2y_change_5d,20,-0.006965754099603398,0.7458774803940855,-0.02307485206414795,0.28296536580920456,2167,-0.006493506493506506,0.0,11,1,0.9396224115866785,0.09090909090909091,REMOVE,1.36
QQQ,macro_financial_conditions_change_5d,1,-0.025621090573836183,0.23448422929443885,-0.022363370652437018,0.29941937654480855,2155,-0.005050505050505042,0.0,11,1,0.7417128976324192,0.09090909090909091,REMOVE,1.36
QQQ,macro_yield_curve_10y2y,10,0.029202148567387988,0.17269459924483338,0.02367710775411169,0.2689328198722062,2182,-0.0028860028860028908,0.0,11,1,0.7417128976324192,0.09090909090909091,REMOVE,1.36
QQQ,macro_fed_funds_change_5d,5,-0.005814679313490102,0.7860362814153723,-0.0057003397546599765,0.7901443398066994,2182,-0.0028860028860028908,0.0,11,0,0.939961235130992,0.0,REMOVE,0.0
QQQ,macro_hy_spread_change_5d,0,0.013436824545658877,0.7142496942858522,0.019696698442985744,0.5914302426566224,745,,,0,0,0.9325211216644554,,REMOVE,0.0
QQQ,macro_hy_spread_change_5d,1,0.03469737761159495,0.3446019271256655,0.03594833472986805,0.32747738340809607,744,,,0,0,0.7861814957586368,,REMOVE,0.0
QQQ,macro_hy_spread_change_5d,2,0.020118382284437752,0.5840218744536266,0.022721028643579066,0.5363331320344378,743,,,0,0,0.9115950355965698,,REMOVE,0.0
QQQ,macro_hy_spread_change_5d,3,-0.004525796108367377,0.9020484925686447,-0.007874804144102396,0.8304310258349137,742,,,0,0,0.9576371151606086,,REMOVE,0.0
QQQ,macro_hy_spread_change_5d,5,-0.008209296231962952,0.8235796827806913,-0.008749327760518223,0.8121838710611317,740,,,0,0,0.9476353460198977,,REMOVE,0.0
QQQ,macro_hy_spread_change_5d,10,-0.027446047737592717,0.45750582666655254,-0.051813263484644594,0.16054076162216321,735,,,0,0,0.8679254410611953,,REMOVE,0.0
QQQ,macro_hy_spread_change_5d,20,0.015139427086744702,0.6840362765182206,-0.0014262419911859469,0.9694193924232556,725,,,0,0,0.9239294454746325,,REMOVE,0.0
SPY,macro_unemployment_change,10,0.007375708526049532,0.7353313383725332,0.015952868482274184,0.4646656511605825,2103,0.007142857142857162,0.007936507936507908,10,6,0.9396224115866785,0.6,REMOVE,64.0
SPY,macro_us2y_change_1d,5,-0.04323977371875302,0.043233118298525865,-0.04514825259031453,0.03479286070530925,2186,0.005050505050505073,0.007936507936507908,11,6,0.5656519419947927,0.5454545454545454,REMOVE,38.18
SPY,macro_cpi_change_30d,10,-0.031620425286983236,0.14717989134289086,-0.018265922100377124,0.402469364718553,2103,0.00634920634920636,0.00396825396825401,10,5,0.7417128976324192,0.5,REMOVE,37.5
SPY,macro_cpi_change_30d,20,-0.06098723762851287,0.0052536401222678395,-0.05574420548569179,0.01075008895839119,2093,0.01587301587301589,0.00396825396825401,10,5,0.2087192455793346,0.5,REMOVE,37.5
SPY,macro_us10y_change_1d,5,-0.059126066995739586,0.005687771514340308,-0.0595141385655895,0.005378577193566784,2186,0.008658008658008663,0.0,11,5,0.2087192455793346,0.45454545454545453,REMOVE,6.82
SPY,macro_us10y_change_5d,3,-0.03392005154539376,0.11302452043802515,-0.036464351848235196,0.08843902550089916,2184,0.0014430014430014378,0.0,11,5,0.6947859202885577,0.45454545454545453,REMOVE,6.82
SPY,macro_yield_curve_change_5d,20,0.00452345254589015,0.8333156660266623,0.006285769111164029,0.7699477884558443,2167,-0.003607503607503615,0.0,11,5,0.9476353460198977,0.45454545454545453,REMOVE,6.82
SPY,macro_financial_conditions_change_5d,20,-0.007242125677367446,0.7379895298410534,-0.01987679001013931,0.3585161656860923,2136,0.0031746031746031633,0.0,10,4,0.9396224115866785,0.4,REMOVE,6.0
SPY,macro_unemployment_level,2,0.04456016120800325,0.039240066084051776,0.04392269876325359,0.04213964457180956,2141,0.001587301587301576,0.0,10,4,0.5656519419947927,0.4,REMOVE,6.0
SPY,macro_unemployment_level,3,0.047342732975909275,0.02852209208526553,0.045609332204020595,0.03487912224209573,2140,0.002380952380952389,0.0,10,4,0.5367697876239417,0.4,REMOVE,6.0
SPY,macro_unemployment_change,20,0.025247548279197146,0.24827389366660016,0.034772139268909256,0.1117599456530154,2093,0.00317460317460318,0.0,10,4,0.7417128976324192,0.4,REMOVE,6.0
SPY,macro_fed_funds_change_5d,0,-0.02483553906788119,0.24565887011480023,-0.004352783099907263,0.8387879283127654,2187,0.0050505050505050475,0.0,11,4,0.7417128976324192,0.36363636363636365,REMOVE,5.45
SPY,macro_fed_funds_change_5d,1,-0.025127864147024972,0.24025139688464464,-0.021103368254598368,0.32402189147276,2186,0.004329004329004313,0.0,11,4,0.7417128976324192,0.36363636363636365,REMOVE,5.45
SPY,macro_fed_funds_change_5d,3,-0.052306886924466015,0.01449538425846898,-0.008728165510869362,0.6835158921895641,2184,0.005050505050505042,0.0,11,4,0.38796469632961095,0.36363636363636365,REMOVE,5.45
SPY,macro_fed_funds_change_5d,10,-0.038563106286581564,0.07203039372296803,0.018450067792784283,0.389553037776919,2177,0.005050505050505042,0.0,11,4,0.6510852752773911,0.36363636363636365,REMOVE,5.45
SPY,macro_fed_funds_change_5d,20,-0.019843786423303127,0.3558472640745237,-0.0467980021905467,0.029373846849601412,2167,0.005772005772005762,0.0,11,4,0.7892920845478736,0.36363636363636365,REMOVE,5.45
SPY,macro_us10y_change_5d,0,-0.03484255743882004,0.10331551933553644,-0.036388830884696306,0.08888146036585048,2187,0.001443001443001458,0.0,11,4,0.6865064508244281,0.36363636363636365,REMOVE,5.45
SPY,macro_us10y_change_5d,2,-0.008913396811853182,0.6771045059943629,-0.01394484536582031,0.5147261680095706,2185,0.0007215007215007189,0.0,11,4,0.9239294454746325,0.36363636363636365,REMOVE,5.45
SPY,macro_us10y_change_5d,5,-0.04481507216470154,0.03632697597005449,-0.044525875973635734,0.03755056964187704,2182,0.005772005772005776,0.0,11,4,0.5656519419947927,0.36363636363636365,REMOVE,5.45
SPY,macro_us10y_change_5d,10,0.0069271745591340025,0.7466735383081483,-0.004056226103046522,0.8499761732554972,2177,-0.000721500721500729,0.0,11,4,0.9396224115866785,0.36363636363636365,REMOVE,5.45
SPY,macro_us10y_change_5d,20,0.014682042872963376,0.49453927178096724,0.015384581409960787,0.4741163869475397,2167,0.0014430014430014378,0.0,11,4,0.8891298646955021,0.36363636363636365,REMOVE,5.45
SPY,macro_us2y_change_1d,3,0.012914387459760916,0.546000447162848,0.020922669623768105,0.3279616172220907,2188,-0.0014430014430014378,0.0,11,4,0.9068543859123769,0.36363636363636365,REMOVE,5.45
SPY,macro_us2y_change_5d,3,-0.037189064860765314,0.08228603467420867,-0.0362849536721975,0.09001803854393893,2184,-0.009379509379509371,0.0,11,4,0.6626574473763707,0.36363636363636365,REMOVE,5.45
SPY,macro_unemployment_level,0,0.050404968521237846,0.0196221108232303,0.04827704612834141,0.02542610379188633,2143,0.005772005772005776,0.0,11,4,0.46543254473852114,0.36363636363636365,REMOVE,5.45
SPY,macro_yield_curve_10y2y,0,0.0237675175276662,0.2660139003782097,0.01850967512743204,0.38639109853262893,2192,0.0,0.0,11,4,0.7417128976324192,0.36363636363636365,REMOVE,5.45
SPY,macro_yield_curve_10y2y,1,0.024053631106337424,0.26040875733944563,0.020355719819633366,0.34091043943006,2191,-0.0007215007215007189,0.0,11,4,0.7417128976324192,0.36363636363636365,REMOVE,5.45
SPY,macro_yield_curve_10y2y,2,0.023983719524977264,0.26190617323700593,0.019353988906305252,0.36531455681951236,2190,-0.004329004329004324,0.0,11,4,0.7417128976324192,0.36363636363636365,REMOVE,5.45
SPY,macro_yield_curve_10y2y,3,0.023668775273939235,0.2683338751888,0.01860614605734622,0.3842461983486951,2189,-0.002164502164502152,0.0,11,4,0.7417128976324192,0.36363636363636365,REMOVE,5.45
SPY,macro_yield_curve_10y2y,5,0.02582993179869795,0.2272561122265156,0.02115274783625362,0.3227799947310837,2187,0.001443001443001448,0.0,11,4,0.7417128976324192,0.36363636363636365,REMOVE,5.45
SPY,macro_yield_curve_10y2y,10,0.021605004268193458,0.3130946099151868,0.015628535894637464,0.4655952419183443,2182,-0.0036075036075036097,0.0,11,4,0.7659034812441398,0.36363636363636365,REMOVE,5.45
SPY,macro_unemployment_level,5,0.04868298315820406,0.024382560276196202,0.045391496730037985,0.03584427564621762,2138,1.6653345369377347e-17,-0.003968253968253954,10,3,0.4930695522519677,0.3,REMOVE,4.5
SPY,macro_unemployment_level,10,0.041575553376898076,0.054877222977471184,0.0432290030986287,0.045904652599338805,2133,-0.0023809523809523725,0.0,10,3,0.5859092778480478,0.3,REMOVE,4.5
SPY,macro_fed_funds_change_5d,2,-0.04045860695154157,0.05863923640156484,-0.001566519232978266,0.9416601024546392,2185,0.005772005772005762,0.0,11,3,0.5929078347269334,0.2727272727272727,REMOVE,4.09
SPY,macro_us10y_change_1d,1,-0.026093738832063184,0.22222586766493022,-0.025697390893049017,0.22933101651014148,2190,-0.00360750360750362,0.0,11,3,0.7417128976324192,0.2727272727272727,REMOVE,4.09
SPY,macro_us10y_change_1d,3,0.006505470997910564,0.7610291243746008,0.008116449068377185,0.7043575708401582,2188,-0.002164502164502172,0.0,11,3,0.9396224115866785,0.2727272727272727,REMOVE,4.09
SPY,macro_us10y_change_1d,10,-0.003021644524569424,0.887843255322804,-0.002590833636174783,0.9037497903072527,2181,-0.009379509379509376,-0.007936507936507908,11,3,0.9561173467977997,0.2727272727272727,REMOVE,4.09
SPY,macro_us10y_change_5d,1,-0.042606444956365716,0.046391281699394306,-0.0520869568596149,0.014868374398588916,2186,-0.001443001443001443,0.0,11,3,0.5656519419947927,0.2727272727272727,REMOVE,4.09
SPY,macro_us2y_change_1d,2,0.006659247842646469,0.7555041122188277,0.007694733478321703,0.7189882777032475,2189,0.006493506493506516,0.0,11,3,0.9396224115866785,0.2727272727272727,REMOVE,4.09
SPY,macro_us2y_change_5d,0,-0.02241787426810663,0.29467890390550344,-0.024411649657573205,0.25381281517771387,2187,0.002886002886002896,0.0,11,3,0.7511423040728519,0.2727272727272727,REMOVE,4.09
SPY,macro_us2y_change_5d,5,-0.061616899111772296,0.003985234066993082,-0.05416033816265783,0.01139523950068735,2182,0.002164502164502182,0.0,11,3,0.2087192455793346,0.2727272727272727,REMOVE,4.09
SPY,macro_unemployment_level,1,0.048668336946559115,0.024292234680374444,0.04683032230460608,0.030210995985143745,2142,0.004329004329004329,0.0,11,3,0.4930695522519677,0.2727272727272727,REMOVE,4.09
SPY,macro_yield_curve_change_5d,1,-0.024357759670662154,0.25497155362512275,-0.016471834264138435,0.4414499574241993,2186,-0.0014430014430014328,0.0,11,3,0.7417128976324192,0.2727272727272727,REMOVE,4.09
SPY,macro_cpi_change_30d,0,-0.014483897665301561,0.5057769370855105,-0.00989170754902349,0.649513654685073,2113,-0.0015873015873015984,0.0,10,2,0.8891298646955021,0.2,REMOVE,3.0
SPY,macro_cpi_change_30d,3,-0.012488215369898045,0.5664244536171931,-0.013032273627383385,0.5496366269702078,2110,-0.009523809523809523,-0.003968253968253954,10,2,0.9103761467735986,0.2,REMOVE,3.0
SPY,macro_unemployment_level,20,0.044900069563400154,0.03857973870206118,0.03882443254074074,0.07369598435296931,2123,-0.006349206349206371,0.0,10,2,0.5656519419947927,0.2,REMOVE,3.0
SPY,macro_unemployment_change,5,0.02311498080611985,0.2887855970519337,0.019481315494221715,0.37132232722957764,2108,-0.00317460317460318,0.0,10,2,0.7456298504750438,0.2,REMOVE,3.0
SPY,macro_fed_funds_change_5d,5,-0.016747604815888224,0.4342623491445141,-0.0069440639335083265,0.7457954501594937,2182,-0.001443001443001453,0.0,11,2,0.8633057876703468,0.18181818181818182,REMOVE,2.73
SPY,macro_us2y_change_1d,0,-0.03644506680596772,0.0880978420241953,-0.029663205331797345,0.1651395109492739,2191,-0.00721500721500721,-0.00793650793650802,11,2,0.6666700608524659,0.18181818181818182,REMOVE,2.73
SPY,macro_us2y_change_1d,10,-0.010206452519304595,0.6337947745092312,-0.017785074586257686,0.4064407376467891,2181,-0.005772005772005767,-0.007936507936507908,11,2,0.915407526715946,0.18181818181818182,REMOVE,2.73
SPY,macro_us2y_change_1d,20,0.0017569330656483713,0.9347934778621161,-0.018421162041178746,0.39095103982315393,2171,-0.009379509379509392,0.0,11,2,0.9662570324675738,0.18181818181818182,REMOVE,2.73
SPY,macro_us2y_change_5d,1,-0.025552881541647122,0.23238863060040166,-0.026600360288200574,0.213794172929808,2186,0.001443001443001448,0.0,11,2,0.7417128976324192,0.18181818181818182,REMOVE,2.73
SPY,macro_us2y_change_5d,2,-0.0046205416219767675,0.8290968138484588,-0.004710761841636561,0.8258127527665705,2185,-0.0050505050505050475,0.0,11,2,0.9476353460198977,0.18181818181818182,REMOVE,2.73
SPY,macro_financial_conditions_change_5d,1,-0.0025479538273333008,0.9058991904142621,0.008799966828532478,0.6830661033794945,2155,-0.000721500721500724,0.0,11,2,0.9582987797578725,0.18181818181818182,REMOVE,2.73
SPY,macro_financial_conditions_change_5d,3,-0.005166661680249828,0.8106421448532516,0.013154347508381545,0.541835760138637,2153,-0.0007215007215007088,0.0,11,2,0.9476353460198977,0.18181818181818182,REMOVE,2.73
SPY,macro_financial_conditions_change_5d,10,-0.009408825668730967,0.6631132048712189,-0.0026457356541649273,0.9025091057016285,2146,0.000721500721500729,0.0,11,2,0.9201057825079249,0.18181818181818182,REMOVE,2.73
SPY,macro_yield_curve_10y2y,20,0.01117234756404525,0.602784362120644,0.0023023536439255848,0.9145994378890068,2172,-0.010822510822510819,0.0,11,2,0.9127145493684807,0.18181818181818182,REMOVE,2.73
SPY,macro_yield_curve_change_5d,0,-0.01757583741868657,0.4113421010862987,-0.009133960807427321,0.6694392215725936,2187,1.0092936587501423e-17,0.0,11,2,0.8522458456977352,0.18181818181818182,REMOVE,2.73
SPY,macro_yield_curve_change_5d,2,-0.006215766617933106,0.7715207727414399,-0.015042778750565484,0.4821823954648534,2185,-0.002886002886002881,0.0,11,2,0.939961235130992,0.18181818181818182,REMOVE,2.73
SPY,macro_yield_curve_change_5d,5,0.027724602477191003,0.19546684033655015,0.030832624414991575,0.14993334893862972,2182,-0.005050505050505042,0.0,11,2,0.7417128976324192,0.18181818181818182,REMOVE,2.73
SPY,macro_yield_curve_change_5d,10,0.002213694085980536,0.9177819545392233,-0.009045739861034815,0.6731524903757432,2177,-0.004329004329004334,0.0,11,2,0.9604003654849206,0.18181818181818182,REMOVE,2.73
SPY,macro_cpi_change_30d,1,-0.017728192699686788,0.4154688902870642,-0.019430302149378235,0.37212268185876624,2112,-0.0023809523809523946,0.0,10,1,0.8534462531856172,0.1,REMOVE,1.5
SPY,macro_cpi_change_30d,5,-0.01977978129815182,0.36403755487466893,-0.021922989761320816,0.3143803319691439,2108,-0.007142857142857129,-0.003968253968253954,10,1,0.7982510239420452,0.1,REMOVE,1.5
SPY,macro_unemployment_change,0,0.011157321459288208,0.6082414380431641,0.01691515922888316,0.4370755624092041,2113,-0.0015873015873015817,0.0,10,1,0.9148755514368254,0.1,REMOVE,1.5
SPY,macro_unemployment_change,1,0.010437292098241152,0.6316608395519925,0.01605956380159012,0.4607259495080493,2112,-0.003968253968253977,0.0,10,1,0.915407526715946,0.1,REMOVE,1.5
SPY,macro_us10y_change_1d,0,-0.04254974761988278,0.04643265127487353,-0.028890533256324725,0.17643227794824964,2191,-0.005050505050505042,-0.007936507936507908,11,1,0.5656519419947927,0.09090909090909091,REMOVE,1.36
SPY,macro_us10y_change_1d,2,0.00786950095332116,0.712885336904809,-0.006849859590950798,0.7487383673376827,2189,-0.004329004329004319,0.0,11,1,0.9324695798346866,0.09090909090909091,REMOVE,1.36
SPY,macro_us10y_change_1d,20,-0.011349222923824403,0.5971398159474406,-0.0182133425540507,0.3963188436395889,2171,-0.000721500721500724,0.0,11,1,0.9127145493684807,0.09090909090909091,REMOVE,1.36
SPY,macro_us2y_change_5d,10,0.0053075639645985846,0.8045200549661159,-0.007953033449808576,0.7107358336733568,2177,-0.003607503607503605,0.0,11,1,0.9476353460198977,0.09090909090909091,REMOVE,1.36
SPY,macro_us2y_change_5d,20,0.011370577216489312,0.5967888209712698,0.0016682506028914408,0.9381350590666834,2167,-0.007936507936507943,0.0,11,1,0.9127145493684807,0.09090909090909091,REMOVE,1.36
SPY,macro_financial_conditions_change_5d,0,-0.0013373415970265182,0.9505146845058549,0.006356699886585528,0.7680008726104283,2156,-0.0007215007215007189,0.0,11,1,0.9729677872894578,0.09090909090909091,REMOVE,1.36
SPY,macro_financial_conditions_change_5d,5,0.007080444848392395,0.7427632498135184,0.019853498384854708,0.357395957965571,2151,-0.0036075036075036097,0.0,11,1,0.9396224115866785,0.09090909090909091,REMOVE,1.36
SPY,macro_yield_curve_change_5d,3,0.006508669364415098,0.7611274427909722,0.0013082936228003277,0.9512748838973691,2184,-0.0043290043290043385,0.0,11,1,0.9396224115866785,0.09090909090909091,REMOVE,1.36
SPY,macro_us2y_change_1d,1,-0.023876309706636963,0.2640493337881563,-0.022028734681793047,0.3028106522164282,2190,-0.006493506493506496,0.0,11,0,0.7417128976324192,0.0,REMOVE,0.0
SPY,macro_hy_spread_change_5d,0,-0.016344852051092863,0.6560247308839369,-0.0072558007799088135,0.8432681507271593,745,,,0,0,0.9174067595973308,,REMOVE,0.0
SPY,macro_hy_spread_change_5d,1,-0.004927595880533107,0.8932588823195791,0.004918913193684435,0.8934458450015621,744,,,0,0,0.9561173467977997,,REMOVE,0.0
SPY,macro_hy_spread_change_5d,2,-0.01753132320106538,0.633289945868477,0.002019402434701402,0.9561764629002651,743,,,0,0,0.915407526715946,,REMOVE,0.0
SPY,macro_hy_spread_change_5d,3,-0.04328830162285771,0.23890687624521778,-0.045758334073626505,0.21313433146474942,742,,,0,0,0.7417128976324192,,REMOVE,0.0
SPY,macro_hy_spread_change_5d,5,-0.04325832337137627,0.23986891076325043,-0.043232294030965665,0.24015212515466938,740,,,0,0,0.7417128976324192,,REMOVE,0.0
SPY,macro_hy_spread_change_5d,10,0.017339055943467553,0.638846404553189,-0.014556836033916326,0.6935826165775923,735,,,0,0,0.915407526715946,,REMOVE,0.0
SPY,macro_hy_spread_change_5d,20,0.03139283998844815,0.39865399105865656,0.035652277884628374,0.3377525823029591,725,,,0,0,0.8397572496837442,,REMOVE,0.0
SPY,macro_financial_conditions_change_5d,2,0.0013938457331871194,0.948450650082827,0.010870570129977717,0.6140939256165404,2154,-0.002886002886002886,0.0,11,0,0.9719483013236179,0.0,REMOVE,0.0
SPY,macro_cpi_change_30d,2,-0.017861731928838276,0.4120749144033005,-0.017645397252444846,0.4177611057356077,2111,-0.010317460317460309,-0.003968253968253954,10,0,0.8522458456977352,0.0,REMOVE,0.0
SPY,macro_unemployment_change,2,0.008895505342391667,0.6829246052551626,0.01064099154249929,0.6251028140377958,2111,-0.003968253968253977,0.0,10,0,0.9239294454746325,0.0,REMOVE,0.0
SPY,macro_unemployment_change,3,0.014478789975458345,0.5062295170275853,0.016436130195723275,0.4504932942606937,2110,-0.007936507936507953,0.0,10,0,0.8891298646955021,0.0,REMOVE,0.0
TSLA,macro_unemployment_level,20,0.03553579697997679,0.1016511774212339,0.014023901361526352,0.5183979967655238,2123,0.013492063492063482,0.011904761904761918,10,7,0.6865064508244281,0.7,REMOVE,65.5
TSLA,macro_unemployment_level,1,0.040214689632981505,0.0627622037478865,0.015761786005094425,0.4659389982968936,2142,0.007936507936507938,0.007936507936507908,11,7,0.6146258477890926,0.6363636363636364,REMOVE,64.55
TSLA,macro_unemployment_level,2,0.0363336326976346,0.09280866344290255,0.013802974711743358,0.5232562490460023,2141,0.011111111111111127,0.011904761904761946,10,6,0.6672302589891742,0.6,REMOVE,64.0
TSLA,macro_unemployment_level,5,0.034759375113018534,0.10810540704094902,0.013695946417583857,0.5267731414776875,2138,0.009523809523809513,0.007936507936507908,10,6,0.6886221481348316,0.6,REMOVE,64.0
TSLA,macro_us10y_change_5d,3,0.00689530267707959,0.7474076208093152,0.007353660842710654,0.7312459342033838,2184,0.000721500721500724,0.007936507936507908,11,6,0.9396224115866785,0.5454545454545454,REMOVE,38.18
TSLA,macro_cpi_yoy,10,-0.013049332556196723,0.5716630745729048,-0.011718750001543468,0.6115041210831884,1881,0.001984126984126998,0.003968253968253954,8,4,0.9103761467735986,0.5,REMOVE,37.5
TSLA,macro_cpi_change_30d,3,-0.015581902983663638,0.47438051078021065,-0.028967475189985666,0.1834840248510358,2110,0.005555555555555541,0.003968253968253954,10,5,0.8882433432304356,0.5,REMOVE,37.5
TSLA,macro_cpi_change_30d,5,-0.02962767790231519,0.17389763157345578,-0.038564786796235484,0.07668852878711946,2108,0.008730158730158732,0.0,10,5,0.7417128976324192,0.5,REMOVE,37.5
TSLA,macro_unemployment_level,3,0.04022565482333798,0.06281341081800616,0.0153047380131587,0.4791769139399111,2140,0.011111111111111132,0.00396825396825401,10,5,0.6146258477890926,0.5,REMOVE,37.5
TSLA,macro_unemployment_level,10,0.03387607055706108,0.11779920198214956,0.016678453117817973,0.44136717412025983,2133,0.010317460317460314,0.003968253968253954,10,5,0.6994358328713948,0.5,REMOVE,37.5
TSLA,macro_cpi_change_30d,20,-0.02765017472493,0.20606401386658535,-0.021527684386798134,0.3249176147057174,2093,-0.0015873015873016038,0.007936507936507908,10,6,0.7417128976324192,0.6,REMOVE,9.0
TSLA,macro_cpi_change_30d,0,-0.004637108627853812,0.8313029810052877,-0.013226141380810403,0.5434276713421267,2113,0.0,0.003968253968253954,10,5,0.9476353460198977,0.5,REMOVE,7.5
TSLA,macro_fed_funds_change_5d,0,-0.04455834681391075,0.0371937260269825,-0.026252512280104643,0.21974062694488064,2187,0.004329004329004329,0.0,11,5,0.5656519419947927,0.45454545454545453,REMOVE,6.82
TSLA,macro_fed_funds_change_5d,2,-0.013146324980687907,0.5390920970373388,-0.020170740462586233,0.34597913709058165,2185,-0.0021645021645021467,0.0,11,5,0.8989588852028867,0.45454545454545453,REMOVE,6.82
TSLA,macro_us10y_change_1d,1,0.009692949396212232,0.6502918013666553,0.0017097709982713256,0.9362632829149388,2190,0.005050505050505053,0.0,11,5,0.9170033535497649,0.45454545454545453,REMOVE,6.82
TSLA,macro_us2y_change_1d,1,0.014712491845989535,0.49135766613528076,0.011840504863017876,0.5797100299521937,2190,0.0036075036075035945,0.0,11,5,0.8891298646955021,0.45454545454545453,REMOVE,6.82
TSLA,macro_us2y_change_1d,3,0.003940151769172118,0.8538564192521559,0.012092240993820851,0.5718528237486755,2188,2.0185873175002847e-17,0.0,11,5,0.9476353460198977,0.45454545454545453,REMOVE,6.82
TSLA,macro_us2y_change_1d,10,0.008402612480322806,0.6949149814078505,-0.0019478972554373961,0.9275585173557722,2181,-0.004329004329004313,0.0,11,5,0.9272325998257243,0.45454545454545453,REMOVE,6.82
TSLA,macro_us2y_change_5d,20,0.038727882367573734,0.07147314878608589,0.014055743715463214,0.5131347645311125,2167,0.0007215007215007139,0.0,11,5,0.6510852752773911,0.45454545454545453,REMOVE,6.82
TSLA,macro_unemployment_level,0,0.03783214097025574,0.07995431899471267,0.01356802738816313,0.5301605257670077,2143,0.0050505050505050475,0.0,11,5,0.6510852752773911,0.45454545454545453,REMOVE,6.82
TSLA,macro_yield_curve_change_5d,1,0.004187856035575503,0.8448522410696809,0.005317072623757047,0.8037803808642285,2186,-0.007936507936507929,0.0,11,5,0.9476353460198977,0.45454545454545453,REMOVE,6.82
TSLA,macro_yield_curve_change_5d,2,-0.004739347277418381,0.8247728607512623,-0.0024826624871607207,0.9076657724870578,2185,-0.0050505050505050475,0.0,11,5,0.9476353460198977,0.45454545454545453,REMOVE,6.82
TSLA,macro_yield_curve_change_5d,20,-0.011153927630250847,0.6038000956994004,-0.0017201387751805018,0.9362148921562555,2167,-0.006493506493506481,0.0,11,5,0.9127145493684807,0.45454545454545453,REMOVE,6.82
TSLA,macro_cpi_yoy,1,-0.01191136601038507,0.6047987618342789,-0.013900838122252504,0.5458727513465821,1890,-0.0017636684303350845,0.0,9,4,0.9127145493684807,0.4444444444444444,REMOVE,6.67
TSLA,macro_unemployment_change,20,0.009035742634800913,0.6795036511283983,-0.018032339281634453,0.4096319953547803,2093,0.003174603174603169,0.0,10,4,0.9239294454746325,0.4,REMOVE,6.0
TSLA,macro_cpi_yoy,2,-0.011142612752428152,0.6283988639798236,-0.012760400320448948,0.5794036675043824,1889,-0.001984126984126984,-0.003968253968253954,8,3,0.915407526715946,0.375,REMOVE,5.62
TSLA,macro_fed_funds_change_5d,1,-0.024769764738086345,0.24702012533366607,-0.017774473511074557,0.4061826335983085,2186,-0.0007215007215007139,0.0,11,4,0.7417128976324192,0.36363636363636365,REMOVE,5.45
TSLA,macro_fed_funds_change_5d,3,-0.01458434813480357,0.495731953512287,-0.017922766212934857,0.40249281454258845,2184,-0.007936507936507929,0.0,11,4,0.8891298646955021,0.36363636363636365,REMOVE,5.45
TSLA,macro_fed_funds_change_5d,10,-0.026980430004738376,0.20825872484179145,-0.018678657419155625,0.3837047641856893,2177,-0.005050505050505042,-0.007936507936507908,11,4,0.7417128976324192,0.36363636363636365,REMOVE,5.45
TSLA,macro_us10y_change_1d,0,-0.010346206582336311,0.6283695060023566,0.0010853568207701665,0.9595051833684907,2191,-0.002886002886002871,0.0,11,4,0.915407526715946,0.36363636363636365,REMOVE,5.45
TSLA,macro_us10y_change_1d,2,0.007270872423468087,0.733863547156364,-0.007404324803985104,0.7291689928426247,2189,-0.004329004329004319,-0.007936507936507908,11,4,0.9396224115866785,0.36363636363636365,REMOVE,5.45
TSLA,macro_us10y_change_1d,3,0.016668339342912817,0.43581016022940605,0.01919334857060186,0.3695274454662662,2188,-0.0007215007215007189,-0.007936507936507908,11,4,0.8638919378856122,0.36363636363636365,REMOVE,5.45
TSLA,macro_us10y_change_1d,5,0.014673635490798415,0.4928987601077327,0.015076348083440907,0.48110484378972035,2186,-0.007936507936507938,-0.007936507936507908,11,4,0.8891298646955021,0.36363636363636365,REMOVE,5.45
TSLA,macro_us10y_change_5d,20,0.03223716459869201,0.13356317294932724,0.01962288757721549,0.3612284394651447,2167,0.004329004329004344,0.0,11,4,0.7394202544233784,0.36363636363636365,REMOVE,5.45
TSLA,macro_us2y_change_1d,0,0.006313441282792014,0.7677230028785869,0.016025657062920636,0.4534047262836106,2191,-0.002886002886002886,0.0,11,4,0.939961235130992,0.36363636363636365,REMOVE,5.45
TSLA,macro_us2y_change_1d,20,0.015973494180632368,0.45694444219431796,-0.0013898123345476858,0.9483972254324661,2171,-0.004329004329004334,-0.007936507936507908,11,4,0.8679254410611953,0.36363636363636365,REMOVE,5.45
TSLA,macro_us2y_change_5d,2,0.023008664160756663,0.28235526114879106,0.0158884170806549,0.4578996742121388,2185,-0.005772005772005772,-0.007936507936507908,11,4,0.7456298504750438,0.36363636363636365,REMOVE,5.45
TSLA,macro_us2y_change_5d,3,0.014378007218568675,0.5018501240984377,0.010741159203457794,0.6158808446070446,2184,-0.0007215007215007088,0.0,11,4,0.8891298646955021,0.36363636363636365,REMOVE,5.45
TSLA,macro_us2y_change_5d,5,-0.01317884970785506,0.5383679442172903,-0.01639659865487947,0.44395686100188253,2182,0.001443001443001448,-0.007936507936507908,11,4,0.8989588852028867,0.36363636363636365,REMOVE,5.45
TSLA,macro_us2y_change_5d,10,-0.024823625822482268,0.24696926963518695,-0.049549368329044816,0.020778607131047473,2177,-0.002164502164502152,-0.007936507936507908,11,4,0.7417128976324192,0.36363636363636365,REMOVE,5.45
TSLA,macro_financial_conditions_change_5d,1,0.011264999658964608,0.6012131537600508,0.014666444641342247,0.49619619207627075,2155,-0.007936507936507919,0.0,11,4,0.9127145493684807,0.36363636363636365,REMOVE,5.45
TSLA,macro_financial_conditions_change_5d,10,-0.00043795006193136877,0.9838230491157504,0.01800043659421821,0.40459052752023733,2146,-0.0028860028860028756,0.0,11,4,0.9935957218394125,0.36363636363636365,REMOVE,5.45
TSLA,macro_yield_curve_10y2y,0,0.012653246027355828,0.553786587670488,0.015804060771920373,0.45957231270938453,2192,0.002164502164502177,0.0,11,4,0.9068543859123769,0.36363636363636365,REMOVE,5.45
TSLA,macro_yield_curve_10y2y,2,0.014510785720726978,0.49731808122334414,0.017271419105087227,0.4191729504744301,2190,-0.001443001443001443,0.0,11,4,0.8891298646955021,0.36363636363636365,REMOVE,5.45
TSLA,macro_yield_curve_10y2y,5,0.013484331377782075,0.5285193191647586,0.016050327537447645,0.45312297880792146,2187,0.005772005772005787,0.0,11,4,0.8946391359192799,0.36363636363636365,REMOVE,5.45
TSLA,macro_yield_curve_change_5d,5,-0.018315330069897218,0.3924819330351114,-0.015902975923009526,0.45779703418766116,2182,2.0185873175002847e-17,0.0,11,4,0.8325374337108424,0.36363636363636365,REMOVE,5.45
TSLA,macro_cpi_yoy,0,-0.01265773491562925,0.5822592560129031,-0.015609314535807734,0.4975349883532826,1891,-0.008818342151675485,-0.007936507936507908,9,3,0.9114367806045786,0.3333333333333333,REMOVE,5.0
TSLA,macro_cpi_change_30d,1,-0.010084430588441162,0.6432335192301311,-0.01801571410920108,0.40794455110870687,2112,-0.003968253968253977,-0.003968253968253954,10,3,0.915407526715946,0.3,REMOVE,4.5
TSLA,macro_cpi_change_30d,10,-0.023081496993790307,0.29005820556941264,-0.01922751331598706,0.37815453614519967,2103,-0.01349206349206349,-0.015873015873015844,10,3,0.7456298504750438,0.3,REMOVE,4.5
TSLA,macro_unemployment_change,0,-0.006050078670364948,0.7810551616056955,-0.0279189322766321,0.19954435199418652,2113,-0.005555555555555547,0.0,10,3,0.939961235130992,0.3,REMOVE,4.5
TSLA,macro_us10y_change_1d,20,0.01217838398537602,0.5706233198147448,-0.0006712036303001154,0.9750653419081657,2171,-0.013708513708513696,-0.007936507936507964,11,3,0.9103761467735986,0.2727272727272727,REMOVE,4.09
TSLA,macro_us10y_change_5d,1,0.01271944993661338,0.5522595253211353,0.007167775853612497,0.7376705904980612,2186,0.002886002886002901,0.0,11,3,0.9068543859123769,0.2727272727272727,REMOVE,4.09
TSLA,macro_us10y_change_5d,5,-0.025787584089985955,0.22855225072286675,-0.03131223720836533,0.14369355029155956,2182,1.0092936587501423e-17,0.0,11,3,0.7417128976324192,0.2727272727272727,REMOVE,4.09
TSLA,macro_us10y_change_5d,10,-0.028079898567765455,0.1903085104673941,-0.035791208447547025,0.09501162121975504,2177,-0.001443001443001448,0.0,11,3,0.7417128976324192,0.2727272727272727,REMOVE,4.09
TSLA,macro_us2y_change_1d,5,0.01083959119051676,0.612487014354699,0.02765159837936776,0.19623622821429765,2186,-0.01010101010101009,0.0,11,3,0.915407526715946,0.2727272727272727,REMOVE,4.09
TSLA,macro_us2y_change_5d,0,0.0073973360212744406,0.7295335184698993,0.022779451387597138,0.28695800915025915,2187,-0.002164502164502162,0.0,11,3,0.9396224115866785,0.2727272727272727,REMOVE,4.09
TSLA,macro_financial_conditions_change_5d,0,0.011612620705654456,0.5899480272591229,0.009055498490362933,0.674312735730591,2156,-0.008658008658008658,0.0,11,3,0.9127145493684807,0.2727272727272727,REMOVE,4.09
TSLA,macro_yield_curve_10y2y,1,0.01416834294976119,0.5074277230345409,0.01752454921234045,0.41228108194703245,2191,-0.002886002886002871,-0.007936507936507908,11,3,0.8891298646955021,0.2727272727272727,REMOVE,4.09
TSLA,macro_yield_curve_10y2y,3,0.013907555434656129,0.5154667426308605,0.01784163238639616,0.4040885129532888,2189,0.0014430014430014378,-0.007936507936507908,11,3,0.8900848876548064,0.2727272727272727,REMOVE,4.09
TSLA,macro_yield_curve_10y2y,10,0.016058470757910958,0.4534113653742583,0.020051497650514668,0.34916990839783346,2182,0.005050505050505063,0.0,11,3,0.8679254410611953,0.2727272727272727,REMOVE,4.09
TSLA,macro_cpi_yoy,3,-0.01413390331964603,0.539375331121732,-0.013681225336736708,0.5524461050854358,1888,-0.00496031746031745,-0.003968253968253954,8,2,0.8989588852028867,0.25,REMOVE,3.75
TSLA,macro_cpi_yoy,5,-0.01635542892385484,0.47778984108618644,-0.01676169075081074,0.4669216077529345,1886,-0.003968253968253975,-0.007936507936507936,8,2,0.8891298646955021,0.25,REMOVE,3.75
TSLA,macro_cpi_yoy,20,-0.016016657101636488,0.4886969413313207,-0.016584568387675882,0.4734133719844203,1871,-0.001984126984126984,0.0,8,2,0.8891298646955021,0.25,REMOVE,3.75
TSLA,macro_financial_conditions_change_5d,20,0.0018208761177326586,0.9329721372186488,0.006697675404710644,0.7570416600455192,2136,-0.003968253968253943,0.0,10,2,0.9662570324675738,0.2,REMOVE,3.0
TSLA,macro_cpi_change_30d,2,-0.0032769159885114294,0.8803928990752431,-0.0153195709988006,0.4817494590250853,2111,-0.004761904761904773,0.0,10,2,0.9548158651193037,0.2,REMOVE,3.0
TSLA,macro_unemployment_change,1,-0.0014486231623886212,0.946952471275426,-0.02804596849574835,0.19761199236216456,2112,-0.007142857142857145,0.0,10,2,0.9715070449387122,0.2,REMOVE,3.0
TSLA,macro_unemployment_change,3,0.006941419203851635,0.7499789239774662,-0.02327677949855144,0.28519408739815544,2110,-0.010317460317460331,-0.007936507936507964,10,2,0.9396224115866785,0.2,REMOVE,3.0
TSLA,macro_fed_funds_change_5d,5,0.01457384231627318,0.4962400467687962,-0.011406386439418933,0.5943618799033471,2182,-0.012987012987012981,-0.007936507936507964,11,2,0.8891298646955021,0.18181818181818182,REMOVE,2.73
TSLA,macro_us10y_change_1d,10,0.004152230946411582,0.846329555992819,0.009619701832582614,0.6534285943904097,2181,-0.0028860028860028908,0.0,11,2,0.9476353460198977,0.18181818181818182,REMOVE,2.73
TSLA,macro_us10y_change_5d,0,0.0009962252140672976,0.9628621443787098,0.002667294173772104,0.9007880449792635,2187,-0.002164502164502182,0.0,11,2,0.9828799658938642,0.18181818181818182,REMOVE,2.73
TSLA,macro_us2y_change_1d,2,-0.0009803079848684304,0.9634383841509085,-0.003057702758525274,0.8863070857818205,2189,-0.0072150072150072245,-0.007936507936507908,11,2,0.9828799658938642,0.18181818181818182,REMOVE,2.73
TSLA,macro_us2y_change_5d,1,0.00963281673839173,0.6526151976546938,0.008240756616307993,0.7001780781345849,2186,-0.005772005772005772,0.0,11,2,0.9170033535497649,0.18181818181818182,REMOVE,2.73
TSLA,macro_financial_conditions_change_5d,2,0.01168500002323557,0.587805662906396,0.015684046102683587,0.4668966290777645,2154,-0.006493506493506501,0.0,11,2,0.9127145493684807,0.18181818181818182,REMOVE,2.73
TSLA,macro_financial_conditions_change_5d,3,0.013567441612115792,0.5292191107376787,0.019532988108142017,0.3649892387729041,2153,-0.008658008658008648,-0.007936507936507908,11,2,0.8946391359192799,0.18181818181818182,REMOVE,2.73
TSLA,macro_yield_curve_change_5d,0,-0.009889722289019746,0.643906762277521,-0.013590160845998222,0.5252882615411419,2187,-0.01298701298701297,-0.007936507936507908,11,2,0.915407526715946,0.18181818181818182,REMOVE,2.73
TSLA,macro_yield_curve_change_5d,3,-0.01181631571418153,0.5810042711825945,-0.015647807676184226,0.4648405027523135,2184,-0.002886002886002896,0.0,11,2,0.9114367806045786,0.18181818181818182,REMOVE,2.73
TSLA,macro_unemployment_change,2,-0.003121535535937537,0.8860245988574917,-0.03254762926263625,0.13493236634707567,2111,-0.0119047619047619,-0.003968253968253954,10,1,0.9561173467977997,0.1,REMOVE,1.5
TSLA,macro_unemployment_change,10,0.0067723436199648625,0.7562657053883441,-0.015139440022999155,0.4877457632127144,2103,-0.0015873015873015873,0.0,10,1,0.9396224115866785,0.1,REMOVE,1.5
TSLA,macro_fed_funds_change_5d,20,-0.0035770338400493143,0.867827122835986,-0.007594192383580772,0.7238495071362485,2167,-0.008658008658008658,0.0,11,1,0.9517758844182822,0.09090909090909091,REMOVE,1.36
TSLA,macro_us10y_change_5d,2,0.020513915158209484,0.33783375147994604,0.016145638075870286,0.4506518516284086,2185,-0.009379509379509376,-0.00793650793650802,11,1,0.7861814957586368,0.09090909090909091,REMOVE,1.36
TSLA,macro_financial_conditions_change_5d,5,0.011658637069212342,0.5889084357632534,0.017433155986248807,0.4190205965378312,2151,-0.012987012987012981,0.0,11,1,0.9127145493684807,0.09090909090909091,REMOVE,1.36
TSLA,macro_yield_curve_10y2y,20,0.010135813242670537,0.6368433182542137,0.0077707893022843505,0.7173875623398843,2172,-0.008658008658008658,-0.007936507936507964,11,1,0.915407526715946,0.09090909090909091,REMOVE,1.36
TSLA,macro_yield_curve_change_5d,10,-0.003899102135868074,0.8557225688099066,-0.0014936476555657576,0.9444713464000593,2177,-0.018759018759018753,-0.007936507936507908,11,1,0.9476353460198977,0.09090909090909091,REMOVE,1.36
TSLA,macro_hy_spread_change_5d,0,-0.025687533705903282,0.4838826940537295,-0.010570296459968289,0.7733187716546382,745,,,0,0,0.8891298646955021,,REMOVE,0.0
TSLA,macro_hy_spread_change_5d,1,-0.04195965736809985,0.25300291641232303,-0.0370540691111397,0.312808010903958,744,,,0,0,0.7417128976324192,,REMOVE,0.0
TSLA,macro_hy_spread_change_5d,2,-0.049446249703115744,0.1781859506634507,-0.03740581762724911,0.30855990330089766,743,,,0,0,0.7417128976324192,,REMOVE,0.0
TSLA,macro_hy_spread_change_5d,3,-0.04104820528725364,0.26411174419851285,-0.03748700933614913,0.3078371263912339,742,,,0,0,0.7417128976324192,,REMOVE,0.0
TSLA,macro_hy_spread_change_5d,5,-0.00844691338562467,0.8185607301036457,0.006429612188227289,0.861385705789306,740,,,0,0,0.9476353460198977,,REMOVE,0.0
TSLA,macro_hy_spread_change_5d,10,0.024844165599302193,0.501262452330239,0.005042138652241473,0.8914536592752774,735,,,0,0,0.8891298646955021,,REMOVE,0.0
TSLA,macro_hy_spread_change_5d,20,0.04018855913393535,0.27983970706024686,0.009889137772505314,0.7903776645062646,725,,,0,0,0.7451765634392093,,REMOVE,0.0
TSLA,macro_unemployment_change,5,0.006600910687381603,0.7619730113293628,-0.015313110586425595,0.4822461997326207,2108,-0.006349206349206338,-0.003968253968253954,10,0,0.9396224115866785,0.0,REMOVE,0.0
XOM,macro_us10y_change_1d,1,-0.03380442542539519,0.11376165068460999,-0.04305465443919321,0.04394329830360796,2190,0.01731601731601733,0.015873015873015928,11,9,0.6947859202885577,0.8181818181818182,REMOVE,67.27
XOM,macro_cpi_yoy,3,0.046839292087559034,0.04185199725832165,0.045757158395612126,0.046820057333003214,1888,0.020833333333333336,0.011904761904761946,8,6,0.5656519419947927,0.75,REMOVE,66.25
XOM,macro_yield_curve_change_5d,0,-0.03806149738463969,0.07514353178697544,-0.040661806154500046,0.0572674905228586,2187,0.029581529581529577,0.031746031746031744,11,8,0.6510852752773911,0.7272727272727273,REMOVE,65.91
XOM,macro_unemployment_level,5,-0.017868137099942234,0.40892957025743426,0.01886582392830052,0.38326562407032655,2138,0.013492063492063494,0.015873015873015872,10,7,0.8522458456977352,0.7,REMOVE,65.5
XOM,macro_cpi_yoy,1,0.04409219004620846,0.055297220929885794,0.04256282304757236,0.06431414297496131,1890,0.012345679012345685,0.015873015873015872,9,6,0.5859092778480478,0.6666666666666666,REMOVE,65.0
XOM,macro_fed_funds_change_5d,2,0.026109037585157216,0.22248382927402494,0.021026933253918384,0.32588864689059566,2185,0.007936507936507919,0.007936507936507908,11,7,0.7417128976324192,0.6363636363636364,REMOVE,64.55
XOM,macro_us10y_change_5d,0,-0.04285969801911,0.04505670337207017,-0.045660014803784364,0.03274464431873212,2187,0.013708513708513696,0.015873015873015872,11,7,0.5656519419947927,0.6363636363636364,REMOVE,64.55
XOM,macro_us10y_change_5d,1,-0.03164664380960192,0.13909947214486526,-0.03472273845972447,0.1045869860936598,2186,0.007215007215007215,0.007936507936507908,11,7,0.7394202544233784,0.6363636363636364,REMOVE,64.55
XOM,macro_us2y_change_1d,10,-0.005757946376550469,0.7881213433021395,0.005039052410383139,0.8140564049680483,2181,0.012265512265512257,0.007936507936507908,11,7,0.939961235130992,0.6363636363636364,REMOVE,64.55
XOM,macro_us2y_change_1d,20,-0.005520497358817612,0.7971202410775171,-0.01661345119236274,0.4391114300642469,2171,0.020923520923520934,0.02380952380952378,11,7,0.9452321263651068,0.6363636363636364,REMOVE,64.55
XOM,macro_yield_curve_10y2y,2,0.005885011166833149,0.7831252657951041,0.01103042014523963,0.6059128247790276,2190,0.02092352092352093,0.023809523809523836,11,7,0.939961235130992,0.6363636363636364,REMOVE,64.55
XOM,macro_yield_curve_10y2y,3,0.007879694602620368,0.7125299329667432,0.014424574030224636,0.49997534027128454,2189,0.019480519480519473,0.02380952380952378,11,7,0.9324695798346866,0.6363636363636364,REMOVE,64.55
XOM,macro_yield_curve_10y2y,5,0.008106097347319366,0.7047813178372313,0.01449226427642816,0.49816220167821185,2187,0.018759018759018753,0.023809523809523836,11,7,0.9321962198137798,0.6363636363636364,REMOVE,64.55
XOM,macro_cpi_change_30d,20,-0.03926602095786122,0.07249243265137091,-0.05910252041352608,0.006837658449126604,2093,0.013492063492063505,0.023809523809523836,10,6,0.6510852752773911,0.6,REMOVE,64.0
XOM,macro_unemployment_level,3,-0.016735535247800918,0.43905501294318733,0.01940765891500222,0.3695263923672797,2140,0.02222222222222222,0.015873015873015844,10,6,0.8638919378856122,0.6,REMOVE,64.0
XOM,macro_unemployment_level,10,-0.028561958919161936,0.1872985063546171,0.012834661659365604,0.5535571624209278,2133,0.01587301587301588,0.011904761904761946,10,6,0.7417128976324192,0.6,REMOVE,64.0
XOM,macro_unemployment_level,20,-0.032154943204209106,0.13858463399156304,0.015019448021394023,0.48914591838114896,2123,0.012698412698412691,0.015873015873015872,10,6,0.7394202544233784,0.6,REMOVE,64.0
XOM,macro_cpi_yoy,0,0.04412513072946827,0.05505084276190098,0.04287582391820206,0.06230673981424086,1891,0.010582010582010606,0.015873015873015928,9,5,0.5859092778480478,0.5555555555555556,REMOVE,38.33
XOM,macro_us10y_change_1d,0,-0.026692251168506567,0.21169302540176252,-0.014769583299699397,0.4895783757808022,2191,0.017316017316017316,0.007936507936507908,11,6,0.7417128976324192,0.5454545454545454,REMOVE,38.18
XOM,macro_us10y_change_5d,5,0.025118759704138228,0.24085305290009704,0.019437805210769474,0.364120287881131,2182,0.006493506493506485,0.007936507936507908,11,6,0.7417128976324192,0.5454545454545454,REMOVE,38.18
XOM,macro_us2y_change_5d,0,-0.016886943742372228,0.42991974725874504,-0.01652044592821713,0.43999847096157757,2187,0.0036075036075035897,0.007936507936507908,11,6,0.8633057876703468,0.5454545454545454,REMOVE,38.18
XOM,macro_us2y_change_5d,1,-0.010034229332416707,0.6391478103636374,-0.003684694549710587,0.8632969973883222,2186,0.01082251082251081,0.007936507936507908,11,6,0.915407526715946,0.5454545454545454,REMOVE,38.18
XOM,macro_financial_conditions_change_5d,0,0.010220915162475636,0.6352700702970014,0.014550837558786061,0.4994983425488243,2156,0.004329004329004319,0.007936507936507908,11,6,0.915407526715946,0.5454545454545454,REMOVE,38.18
XOM,macro_financial_conditions_change_5d,1,0.00821848079811604,0.7029782699120178,0.015110088228202957,0.4832573215275292,2155,0.005772005772005772,0.007936507936507908,11,6,0.9311648116738519,0.5454545454545454,REMOVE,38.18
XOM,macro_financial_conditions_change_5d,2,0.014092899162019659,0.5132914203025722,0.013630059751411709,0.5272237432295687,2154,0.005772005772005762,0.007936507936507908,11,6,0.8891298646955021,0.5454545454545454,REMOVE,38.18
XOM,macro_unemployment_level,0,-0.01977493686660505,0.360198156192698,0.01192262449142023,0.5812044492293451,2143,0.020202020202020225,0.023809523809523836,11,6,0.793656954322894,0.5454545454545454,REMOVE,38.18
XOM,macro_yield_curve_10y2y,0,0.0022173219705619203,0.917365154941492,0.007944951813679558,0.7100664854382726,2192,0.01443001443001442,0.007936507936507908,11,6,0.9604003654849206,0.5454545454545454,REMOVE,38.18
XOM,macro_yield_curve_10y2y,1,0.003423869005620418,0.8727441048521859,0.009322882135257882,0.6627300620591775,2191,0.015873015873015876,0.007936507936507908,11,6,0.9517758844182822,0.5454545454545454,REMOVE,38.18
XOM,macro_yield_curve_change_5d,20,-0.026880739101870697,0.21099630017764393,-0.0157972936829921,0.46233820290708355,2167,0.0101010101010101,0.007936507936507964,11,6,0.7417128976324192,0.5454545454545454,REMOVE,38.18
XOM,macro_cpi_yoy,2,0.04715001590473159,0.04045754558006827,0.045822841604536924,0.04644694743050078,1889,0.012896825396825393,0.003968253968253954,8,4,0.5656519419947927,0.5,REMOVE,37.5
XOM,macro_cpi_change_30d,0,0.03812882174553297,0.07972531813057286,0.030721621467352262,0.15804126110698208,2113,0.005555555555555558,0.003968253968253954,10,5,0.6510852752773911,0.5,REMOVE,37.5
XOM,macro_cpi_change_30d,10,0.024688529897059393,0.2577699395631439,0.016631348868244585,0.44588836901863244,2103,0.015873015873015883,0.003968253968253982,10,5,0.7417128976324192,0.5,REMOVE,37.5
XOM,macro_unemployment_change,0,0.02374321134855882,0.27530757404266565,0.028964234457786203,0.18322147919037388,2113,0.009523809523809518,0.003968253968253982,10,5,0.7417128976324192,0.5,REMOVE,37.5
XOM,macro_unemployment_change,1,0.034962229896697346,0.10821205184975924,0.03674547350832339,0.09136060209916409,2112,0.005555555555555547,0.003968253968253954,10,5,0.6886221481348316,0.5,REMOVE,37.5
XOM,macro_unemployment_change,2,0.03541317247633527,0.10381641727056877,0.03963019862237258,0.0686873521983164,2111,0.006349206349206343,0.003968253968253954,10,5,0.6865064508244281,0.5,REMOVE,37.5
XOM,macro_unemployment_change,20,0.028223994573321438,0.1968027933909993,0.05308499564723925,0.015146209232401847,2093,0.011904761904761923,0.007936507936507936,10,5,0.7417128976324192,0.5,REMOVE,37.5
XOM,macro_us10y_change_5d,10,0.030909591263243625,0.14938528825265399,0.030549472099101645,0.154185723545049,2177,-0.002886002886002896,0.007936507936507908,11,7,0.7417128976324192,0.6363636363636364,REMOVE,9.55
XOM,macro_cpi_change_30d,2,0.022674128635792247,0.2977392511325105,0.02340000640253513,0.2825367674658979,2111,-0.0023809523809523946,0.01190476190476189,10,6,0.7544225344426295,0.6,REMOVE,9.0
XOM,macro_fed_funds_change_5d,0,0.017926380995062968,0.40207455955073573,0.022808189607254403,0.2863502598130152,2187,0.0028860028860028756,0.0,11,5,0.8450065801181744,0.45454545454545453,REMOVE,6.82
XOM,macro_us10y_change_1d,2,-0.024648421787233702,0.2490187715551874,-0.03488390189614086,0.10274928591392105,2189,0.005772005772005767,0.0,11,5,0.7417128976324192,0.45454545454545453,REMOVE,6.82
XOM,macro_us10y_change_1d,3,0.013354513139257115,0.5324027376169299,0.019377334337002214,0.3649557041155935,2188,0.006493506493506485,0.0,11,5,0.8955388007974237,0.45454545454545453,REMOVE,6.82
XOM,macro_us10y_change_1d,20,-0.010020525792576443,0.6407581028789405,-0.003997451668768726,0.8523265831592955,2171,0.009379509379509382,0.0,11,5,0.915407526715946,0.45454545454545453,REMOVE,6.82
XOM,macro_us2y_change_1d,0,-0.016804953989834462,0.43174159256095807,-0.013905565156462206,0.5153348478388811,2191,0.0043290043290043385,0.0,11,5,0.8633057876703468,0.45454545454545453,REMOVE,6.82
XOM,macro_us2y_change_1d,1,-0.007452350013315019,0.7274222145792195,-0.020442544611190407,0.33896493452165233,2190,0.005772005772005767,0.0,11,5,0.9396224115866785,0.45454545454545453,REMOVE,6.82
XOM,macro_us2y_change_1d,2,-0.007464684607809205,0.7270489867069856,-0.007810328372464394,0.7149496309358333,2189,0.004329004329004313,0.0,11,5,0.9396224115866785,0.45454545454545453,REMOVE,6.82
XOM,macro_us2y_change_5d,3,0.00026500381053058605,0.9901245086404917,0.0013218010850819363,0.9507724571052689,2184,0.002886002886002881,0.0,11,5,0.9944959192746661,0.45454545454545453,REMOVE,6.82
XOM,macro_us2y_change_5d,5,0.005141401785987805,0.8103081430268402,0.01134020979354948,0.5965030078321227,2182,-0.0007215007215007139,0.0,11,5,0.9476353460198977,0.45454545454545453,REMOVE,6.82
XOM,macro_us2y_change_5d,10,0.022256311782378857,0.2992819065206475,0.016493942920066455,0.4417804087888777,2177,0.01731601731601731,0.0,11,5,0.7544225344426295,0.45454545454545453,REMOVE,6.82
XOM,macro_us2y_change_5d,20,0.00431317309324838,0.8409583326406374,-0.0150345858550476,0.48423247223592314,2167,-0.0043290043290043385,-0.007936507936507908,11,5,0.9476353460198977,0.45454545454545453,REMOVE,6.82
XOM,macro_financial_conditions_change_5d,5,0.011977655074105961,0.5787529659255995,0.01696430491717615,0.43164219655656827,2151,0.0101010101010101,0.0,11,5,0.9114367806045786,0.45454545454545453,REMOVE,6.82
XOM,macro_unemployment_level,1,-0.014765881481293147,0.4945884564567502,0.015411703429145555,0.4759036044096532,2142,0.014430014430014439,0.0,11,5,0.8891298646955021,0.45454545454545453,REMOVE,6.82
XOM,macro_yield_curve_10y2y,10,0.003953091290097845,0.8535810285834933,0.011300137765934637,0.5978012314562203,2182,0.009379509379509387,0.0,11,5,0.9476353460198977,0.45454545454545453,REMOVE,6.82
XOM,macro_yield_curve_change_5d,5,0.029678567265364737,0.16579191186927789,0.025775672365599946,0.22876734287711498,2182,5.046468293750712e-18,0.0,11,5,0.7417128976324192,0.45454545454545453,REMOVE,6.82
XOM,macro_cpi_change_30d,1,0.02741605702358548,0.20787257950343152,0.021099650230780784,0.3324454457311402,2112,-0.008730158730158737,-0.019841269841269854,10,4,0.7417128976324192,0.4,REMOVE,6.0
XOM,macro_cpi_change_30d,5,0.024829027766765314,0.25450564175403767,0.02136391480561694,0.32688344100099886,2108,-0.015079365079365087,-0.003968253968253954,10,4,0.7417128976324192,0.4,REMOVE,6.0
XOM,macro_unemployment_level,2,-0.019146714093253938,0.3758868763498266,0.01598829577554267,0.4596588515603803,2141,0.020634920634920624,0.0,10,4,0.8163652923110792,0.4,REMOVE,6.0
XOM,macro_unemployment_change,3,0.03279510930360339,0.13208075952193737,0.04370554160432717,0.04471006292089121,2110,0.0015873015873015706,-0.01190476190476189,10,4,0.7394202544233784,0.4,REMOVE,6.0
XOM,macro_unemployment_change,5,0.03765365939730176,0.08392039031693693,0.0405446771680514,0.06271772770854185,2108,0.0015873015873015927,0.0,10,4,0.6640656972905444,0.4,REMOVE,6.0
XOM,macro_cpi_yoy,5,0.05149320998109247,0.025335179925856613,0.0514725871531425,0.025393949822787323,1886,-0.0009920634920634955,-0.003968253968253982,8,3,0.5011959507071634,0.375,REMOVE,5.62
XOM,macro_cpi_yoy,20,0.047178349279808365,0.04130307594279625,0.050666685682274996,0.028413218040998743,1871,0.0009920634920634885,-0.003968253968253954,8,3,0.5656519419947927,0.375,REMOVE,5.62
XOM,macro_fed_funds_change_5d,1,0.014246372299299015,0.5055789867385213,-0.004686488285909414,0.8266569573851099,2186,-0.001443001443001448,0.0,11,4,0.8891298646955021,0.36363636363636365,REMOVE,5.45
XOM,macro_fed_funds_change_5d,3,0.03500949597373451,0.10190793608663225,0.023065298504068635,0.28128221764388567,2184,0.00721500721500721,0.0,11,4,0.6865064508244281,0.36363636363636365,REMOVE,5.45
XOM,macro_us10y_change_1d,5,-0.0022089004447954437,0.9177903623628169,-0.004274306567818424,0.841691406890642,2186,-0.005772005772005772,0.0,11,4,0.9604003654849206,0.36363636363636365,REMOVE,5.45
XOM,macro_us10y_change_1d,10,-0.013161030076771694,0.5390105958074521,-0.00278806070192902,0.896462525860711,2181,0.010822510822510829,0.0,11,4,0.8989588852028867,0.36363636363636365,REMOVE,5.45
XOM,macro_us2y_change_1d,3,0.0015787591561077802,0.9411647669212266,0.007481463892760013,0.7265200702266654,2188,0.0036075036075036097,0.0,11,4,0.9688460835953804,0.36363636363636365,REMOVE,5.45
XOM,macro_financial_conditions_change_5d,3,0.008420166961724204,0.6961820829022702,0.004948089347707483,0.8185102028965798,2153,0.005050505050505038,0.0,11,4,0.9275632436911653,0.36363636363636365,REMOVE,5.45
XOM,macro_financial_conditions_change_5d,10,0.012604800620815591,0.5594897321779081,0.011482797532059627,0.594970161084107,2146,0.007215007215007215,0.0,11,4,0.9103761467735986,0.36363636363636365,REMOVE,5.45
XOM,macro_yield_curve_10y2y,20,0.005069236360750871,0.813342765351589,0.011642208861198657,0.5876201703844471,2172,-0.002164502164502172,0.0,11,4,0.9476353460198977,0.36363636363636365,REMOVE,5.45
XOM,macro_yield_curve_change_5d,1,-0.03185466680181575,0.13651879307517625,-0.03649647133045354,0.0880130832356505,2186,0.006493506493506481,0.0,11,4,0.7394202544233784,0.36363636363636365,REMOVE,5.45
XOM,macro_yield_curve_change_5d,3,0.005777563349802377,0.7872739660533595,-0.0032458793662942173,0.8794991479951149,2184,0.0028860028860028756,0.0,11,4,0.939961235130992,0.36363636363636365,REMOVE,5.45
XOM,macro_yield_curve_change_5d,10,0.012065142166405394,0.5736823801995595,0.007151341263657978,0.7387702598482607,2177,0.002886002886002886,0.0,11,4,0.911083710264571,0.36363636363636365,REMOVE,5.45
XOM,macro_cpi_change_30d,3,0.01913792979410074,0.3795882068231756,0.014177427351946761,0.515121894617947,2110,-0.01428571428571428,-0.01190476190476189,10,3,0.8185432895949996,0.3,REMOVE,4.5
XOM,macro_unemployment_change,10,0.01764410253470405,0.41867992324274755,0.023952850335463398,0.27222820288274907,2103,0.00317460317460318,0.0,10,3,0.8561769216874163,0.3,REMOVE,4.5
XOM,macro_fed_funds_change_5d,10,0.004284242359780956,0.8416513028479672,0.022371247122842663,0.2967926303529101,2177,0.0028860028860028908,0.0,11,3,0.9476353460198977,0.2727272727272727,REMOVE,4.09
XOM,macro_yield_curve_change_5d,2,-0.005770305090233521,0.7874872789395887,-0.015360397206870907,0.47298075365671943,2185,0.0014430014430014378,0.0,11,3,0.939961235130992,0.2727272727272727,REMOVE,4.09
XOM,macro_cpi_yoy,10,0.053137902916900244,0.02118261834976606,0.0526325261721359,0.022444292985096984,1881,0.001984126984126977,-0.011904761904761918,8,2,0.46543254473852114,0.25,REMOVE,3.75
XOM,macro_financial_conditions_change_5d,20,0.024754428922428174,0.25279868870167255,0.029312795140046838,0.17565857533433518,2136,-0.0007936507936508019,0.0,10,2,0.7417128976324192,0.2,REMOVE,3.0
XOM,macro_us10y_change_5d,2,-0.011387879169153433,0.5947069638315624,-0.015474332081331242,0.4697036643820019,2185,-0.000721500721500724,0.0,11,2,0.9127145493684807,0.18181818181818182,REMOVE,2.73
XOM,macro_us10y_change_5d,3,0.004136162519422313,0.8468128091614471,-0.0062839796394281115,0.7691355754244533,2184,-0.002886002886002886,0.0,11,2,0.9476353460198977,0.18181818181818182,REMOVE,2.73
XOM,macro_us10y_change_5d,20,-0.01356223995547394,0.5280397279681066,-0.016117577836052985,0.4533113646126421,2167,-0.012265512265512262,-0.007936507936507908,11,2,0.8946391359192799,0.18181818181818182,REMOVE,2.73
XOM,macro_us2y_change_1d,5,-0.0019260278856602973,0.9282876976923895,-0.007392552027415497,0.729761037747056,2186,-0.018037518037518043,-0.007936507936507908,11,2,0.9662570324675738,0.18181818181818182,REMOVE,2.73
XOM,macro_us2y_change_5d,2,-0.007313938426512311,0.7325830311885174,-0.009145476381836203,0.6691897417539147,2185,-0.001443001443001448,0.0,11,2,0.9396224115866785,0.18181818181818182,REMOVE,2.73
XOM,macro_fed_funds_change_5d,5,-0.0005188145953990328,0.9806763903150436,0.008060233952925407,0.7066945711097591,2182,0.002164502164502167,0.0,11,1,0.9935957218394125,0.09090909090909091,REMOVE,1.36
XOM,macro_fed_funds_change_5d,20,-0.0095026498286642,0.6584074033694265,0.0014594022510594862,0.9458671964957948,2167,-0.011544011544011558,-0.007936507936507964,11,0,0.9174067595973308,0.0,REMOVE,0.0
XOM,macro_hy_spread_change_5d,0,0.011529704141326312,0.753383045342244,0.0005685671696875372,0.9876390235127382,745,,,0,0,0.9396224115866785,,REMOVE,0.0
XOM,macro_hy_spread_change_5d,1,0.0376415099388163,0.3051930914734603,0.0229869239928681,0.5312964643819862,744,,,0,0,0.7608846826241467,,REMOVE,0.0
XOM,macro_hy_spread_change_5d,2,0.04850807175424743,0.18657283830561092,0.03399659372566735,0.3547644694704557,743,,,0,0,0.7417128976324192,,REMOVE,0.0
XOM,macro_hy_spread_change_5d,3,0.04385240808603852,0.23283588973508304,0.03546982787107113,0.33461426881055956,742,,,0,0,0.7417128976324192,,REMOVE,0.0
XOM,macro_hy_spread_change_5d,5,0.027434521099370467,0.4561639400123903,0.024246226180900218,0.5101844761629533,740,,,0,0,0.8679254410611953,,REMOVE,0.0
XOM,macro_hy_spread_change_5d,10,0.020893775623890044,0.5717022077655379,0.03222777400102108,0.3829558601104338,735,,,0,0,0.9103761467735986,,REMOVE,0.0
XOM,macro_hy_spread_change_5d,20,-0.0011160126883350788,0.9760688716324146,-0.015387789692896415,0.6791388875761895,725,,,0,0,0.992427567805025,,REMOVE,0.0
