asset,feature,lag,pearson_r,pearson_p,spearman_r,spearman_p,n,oos_delta_accuracy,oos_median_delta,oos_folds,oos_positive_folds,pearson_q,oos_positive_rate,status,evidence_score
AAPL,macro_fed_funds_change_5d,20,-0.014925748032289621,0.48689951314075774,-0.05029384856244868,0.019074850449628013,2172,0.007215007215007219,0.007936507936507908,11,7,0.8847576117472894,0.6363636363636364,REMOVE,64.55
AAPL,macro_unemployment_change,3,0.02540704509847604,0.24282869115697217,0.020752517403011494,0.3401197283707153,2115,0.005555555555555558,0.007936507936507908,10,6,0.7475171798286386,0.6,REMOVE,64.0
AAPL,macro_us10y_change_1d,0,0.0015591563455713787,0.9417879375140661,0.018093313059942582,0.3967352251063624,2196,0.0014430014430014328,0.007936507936507908,11,7,0.978598675654858,0.6363636363636364,REMOVE,39.55
AAPL,macro_financial_conditions_change_5d,2,0.004295981294943606,0.8418730005396764,0.0037058385496351633,0.8633645661775163,2159,0.0036075036075035997,0.007936507936507908,11,7,0.951851883396611,0.6363636363636364,REMOVE,39.55
AAPL,macro_financial_conditions_change_5d,20,0.009909546496120292,0.6467602573794743,-0.013781500580777926,0.5239028387730976,2141,0.0015873015873015984,0.01190476190476189,10,6,0.9200147605480431,0.6,REMOVE,39.0
AAPL,macro_us10y_change_1d,10,0.0003604429688903408,0.9865620597819922,0.0011984324605816084,0.9553415712597609,2186,0.005050505050505033,0.007936507936507908,11,6,0.99961506003799,0.5454545454545454,REMOVE,38.18
AAPL,macro_us10y_change_1d,20,0.01958004380510065,0.36128196607196184,-0.0002378053323646067,0.9911542922344361,2176,0.005772005772005767,0.015873015873015817,11,6,0.8158250034694534,0.5454545454545454,REMOVE,38.18
AAPL,macro_us10y_change_5d,5,-0.01404223051836495,0.5116008488430686,-0.019441827955950147,0.36347133408304216,2187,0.01010101010101009,0.015873015873015817,11,6,0.8877189677570687,0.5454545454545454,REMOVE,38.18
AAPL,macro_us2y_change_1d,10,0.008504699970994841,0.6910619959966503,0.009211812059520848,0.6668624380217136,2186,0.005050505050505038,0.007936507936507908,11,6,0.9337255051214596,0.5454545454545454,REMOVE,38.18
AAPL,macro_yield_curve_change_5d,3,-0.01803500328317185,0.39901270165597424,-0.0274242813784671,0.19963178110493918,2189,0.002886002886002871,0.007936507936507908,11,6,0.850416680349462,0.5454545454545454,REMOVE,38.18
AAPL,macro_yield_curve_change_5d,20,0.0004440515757571838,0.9834985401089038,0.0015770489619983566,0.9414435249232671,2172,0.003607503607503615,0.007936507936507908,11,6,0.99961506003799,0.5454545454545454,REMOVE,38.18
AAPL,macro_us10y_change_5d,10,-0.007186650756141059,0.7372374183251101,-0.019758722430324158,0.356253074133467,2182,-1.0092936587501423e-17,0.007936507936507908,11,6,0.9408441545212849,0.5454545454545454,REMOVE,8.18
AAPL,macro_us2y_change_1d,5,-0.012356146042219858,0.5632236353264113,-0.015470068343763391,0.46921623808845636,2191,-5.046468293750712e-18,0.007936507936507908,11,6,0.9014568196649174,0.5454545454545454,REMOVE,8.18
AAPL,macro_us10y_change_1d,5,-0.007065837731504162,0.7409814290049751,-0.0034672844912518245,0.8711444736187721,2191,-0.0057720057720057815,0.0,11,5,0.9408441545212849,0.45454545454545453,REMOVE,6.82
AAPL,macro_us10y_change_5d,20,0.01949807619398204,0.3637378955785489,0.019445134965524184,0.36504222928002505,2172,-0.005050505050505053,0.0,11,5,0.8158250034694534,0.45454545454545453,REMOVE,6.82
AAPL,macro_us2y_change_1d,0,0.008358175695879436,0.6954569068825819,0.021483989368921128,0.3142641423490457,2196,-0.005772005772005767,0.0,11,5,0.9337255051214596,0.45454545454545453,REMOVE,6.82
AAPL,macro_us2y_change_1d,3,0.02850445564716536,0.18208628387637216,0.03906435587313133,0.06739683591097728,2193,-0.0007215007215007341,0.0,11,5,0.7475171798286386,0.45454545454545453,REMOVE,6.82
AAPL,macro_us2y_change_5d,1,-0.019716274161569326,0.3562966582090841,-0.021065447716195722,0.32433894026123855,2191,-0.009379509379509397,-0.007936507936507908,11,5,0.8114005757429137,0.45454545454545453,REMOVE,6.82
AAPL,macro_us2y_change_5d,10,-0.012070271179911338,0.573079117996472,-0.03173674793051023,0.13833841637000546,2182,0.002886002886002896,0.0,11,5,0.9027985325212923,0.45454545454545453,REMOVE,6.82
AAPL,macro_financial_conditions_change_5d,1,0.0015799385399752341,0.9414986008560559,0.010389021373674333,0.6293999420883891,2160,0.002164502164502162,0.0,11,5,0.978598675654858,0.45454545454545453,REMOVE,6.82
AAPL,macro_financial_conditions_change_5d,3,-0.00034430551064993975,0.987246200883841,0.003135476905283878,0.8842590497945726,2158,0.0021645021645021567,0.0,11,5,0.99961506003799,0.45454545454545453,REMOVE,6.82
AAPL,macro_yield_curve_change_5d,2,0.004987563996337355,0.8155491128371487,-0.008244851546162524,0.6997750227452592,2190,-0.0007215007215007139,0.0,11,5,0.951851883396611,0.45454545454545453,REMOVE,6.82
AAPL,macro_cpi_yoy,3,-0.02711994066823095,0.23824342825541706,-0.017784871151149774,0.4393180855755168,1893,-0.007054673721340388,-0.007936507936507908,9,4,0.7475171798286386,0.4444444444444444,REMOVE,6.67
AAPL,macro_unemployment_level,20,0.00993135734796651,0.6470400160804746,0.00613888262036274,0.7771580811050446,2128,0.0015873015873016038,0.0,10,4,0.9200147605480431,0.4,REMOVE,6.0
AAPL,macro_unemployment_change,0,0.022593255874152833,0.2986654012992336,0.012046286636324033,0.5795214806863257,2118,-0.0023809523809523838,-0.003968253968253954,10,4,0.7512919404592754,0.4,REMOVE,6.0
AAPL,macro_fed_funds_change_5d,10,0.003645737179554723,0.86485109899047,0.030953076725553683,0.14834716537506332,2182,0.0007215007215007139,0.0,11,4,0.9545868920371906,0.36363636363636365,REMOVE,5.45
AAPL,macro_us10y_change_1d,2,-0.028093201655354717,0.18837564489856365,-0.03908208140385524,0.06721006936724869,2194,-0.005772005772005772,-0.007936507936507908,11,4,0.7475171798286386,0.36363636363636365,REMOVE,5.45
AAPL,macro_us10y_change_1d,3,0.020429876610412567,0.33893342597861253,0.03229068146727287,0.13061330481129466,2193,0.001443001443001443,0.0,11,4,0.7928776803098648,0.36363636363636365,REMOVE,5.45
AAPL,macro_us10y_change_5d,1,-0.015736543052608944,0.46159486801880684,-0.016567407086461677,0.43828068377556617,2191,-0.002164502164502162,0.0,11,4,0.8804841151712511,0.36363636363636365,REMOVE,5.45
AAPL,macro_us2y_change_5d,5,-0.004661930095614948,0.827512141702446,-0.007288967789820115,0.7333437929271419,2187,-0.000721500721500729,0.0,11,4,0.951851883396611,0.36363636363636365,REMOVE,5.45
AAPL,macro_us2y_change_5d,20,0.01872818121765687,0.38299253632786345,0.006717158426945608,0.754375926852515,2172,-0.009379509379509397,0.0,11,4,0.8331555897984303,0.36363636363636365,REMOVE,5.45
AAPL,macro_financial_conditions_change_5d,0,-0.0017710630524533308,0.9344216306670077,0.0037091428799078934,0.8631811571358702,2161,0.0007215007215007189,0.0,11,4,0.9762614051744856,0.36363636363636365,REMOVE,5.45
AAPL,macro_financial_conditions_change_5d,5,0.004557798688857039,0.8324897351634197,0.0049432827187726215,0.8185592130275887,2156,-5.046468293750712e-18,0.0,11,4,0.951851883396611,0.36363636363636365,REMOVE,5.45
AAPL,macro_yield_curve_change_5d,5,-0.01380957161533897,0.5186218035055246,-0.0051646920590505355,0.8092511033632735,2187,-1.5139404881252134e-17,0.0,11,4,0.8877189677570687,0.36363636363636365,REMOVE,5.45
AAPL,macro_yield_curve_change_5d,10,0.007813705928867803,0.7152686659638411,0.0011197136428702824,0.9583103877421693,2182,-0.012987012987012991,-0.007936507936507964,11,4,0.9359538158433817,0.36363636363636365,REMOVE,5.45
AAPL,macro_cpi_change_30d,5,-0.035148268097953204,0.1062637552908025,-0.024627047412145185,0.25782679454785434,2113,-0.007142857142857145,0.0,10,3,0.693592842439892,0.3,REMOVE,4.5
AAPL,macro_cpi_change_30d,20,-0.01641692802021157,0.45231430892983954,-0.013320082097414187,0.5420105004046966,2098,-0.012698412698412681,-0.015873015873015872,10,3,0.8804841151712511,0.3,REMOVE,4.5
AAPL,macro_unemployment_level,10,0.021057451690939866,0.33045206164625934,0.015528439263065965,0.4729821936212945,2138,-0.0047619047619047615,0.0,10,3,0.783102541922125,0.3,REMOVE,4.5
AAPL,macro_unemployment_change,1,0.029150118154153318,0.1800130061196343,0.014658016137392932,0.5002693983122085,2117,-0.0007936507936507964,-0.003968253968253954,10,3,0.7475171798286386,0.3,REMOVE,4.5
AAPL,macro_unemployment_change,2,0.02683523990731027,0.2172350195511887,0.0209107278619166,0.33633589717444284,2116,-0.003968253968253971,-0.007936507936507908,10,3,0.7475171798286386,0.3,REMOVE,4.5
AAPL,macro_unemployment_change,5,0.024393200874261254,0.2623752268039394,0.018942939552659764,0.38412548490147125,2113,-0.0015873015873015706,-0.007936507936507908,10,3,0.7475171798286386,0.3,REMOVE,4.5
AAPL,macro_fed_funds_change_5d,2,-0.009814849560324669,0.6461920734345425,0.01636696570561531,0.4439464793771994,2190,-0.0036075036075035997,0.0,11,3,0.9200147605480431,0.2727272727272727,REMOVE,4.09
AAPL,macro_fed_funds_change_5d,5,0.023586362307606648,0.2702236048450311,0.012056741931855939,0.5730698519329546,2187,-1.0092936587501423e-17,0.0,11,3,0.7475171798286386,0.2727272727272727,REMOVE,4.09
AAPL,macro_us10y_change_1d,1,0.009657555213105393,0.6511124756447528,0.014498580473664618,0.4971890344839327,2195,-0.005050505050505053,0.0,11,3,0.9200147605480431,0.2727272727272727,REMOVE,4.09
AAPL,macro_us10y_change_5d,2,-0.0022656288534568907,0.9156099439757872,-0.0034439217994806782,0.8720341941733066,2190,-0.007936507936507938,-0.007936507936507908,11,3,0.9699252639328302,0.2727272727272727,REMOVE,4.09
AAPL,macro_us10y_change_5d,3,-0.00985665999578434,0.6448639834869945,-0.01878220573175972,0.3797625401587093,2189,-0.009379509379509392,0.0,11,3,0.9200147605480431,0.2727272727272727,REMOVE,4.09
AAPL,macro_us2y_change_1d,1,0.0036219929807939813,0.8653268763447348,0.00825823442133664,0.6989847462792086,2195,-0.007936507936507943,0.0,11,3,0.9545868920371906,0.2727272727272727,REMOVE,4.09
AAPL,macro_us2y_change_1d,2,-0.040367774700078,0.05868767465144365,-0.04025733316158669,0.05938269033144727,2194,-0.002886002886002901,0.0,11,3,0.5933975992534858,0.2727272727272727,REMOVE,4.09
AAPL,macro_us2y_change_1d,20,0.0313762905591329,0.14342679037413456,0.01713568514296183,0.4243262466467998,2176,0.0014430014430014378,0.0,11,3,0.7475171798286386,0.2727272727272727,REMOVE,4.09
AAPL,macro_us2y_change_5d,0,-0.009722277122954936,0.6491549547486885,-0.016301885504388228,0.4455528305331385,2192,-0.008658008658008668,-0.007936507936507908,11,3,0.9200147605480431,0.2727272727272727,REMOVE,4.09
AAPL,macro_us2y_change_5d,3,0.0021400569977346375,0.9202893588053623,0.002000866602438511,0.9254581544649294,2189,-0.015151515151515164,-0.007936507936507964,11,3,0.9710877200171891,0.2727272727272727,REMOVE,4.09
AAPL,macro_unemployment_level,0,0.02326549631115702,0.28112612985361973,0.016272134998726925,0.4509886875386324,2148,-0.004329004329004329,0.0,11,3,0.7475171798286386,0.2727272727272727,REMOVE,4.09
AAPL,macro_unemployment_level,1,0.026425620114380998,0.2209706802473096,0.0177396443626218,0.41132431749492465,2147,-0.007215007215007205,-0.015873015873015872,11,3,0.7475171798286386,0.2727272727272727,REMOVE,4.09
AAPL,macro_unemployment_level,2,0.021996712023063254,0.3084281116554908,0.016885653559635283,0.434316333630303,2146,-0.002886002886002901,-0.00793650793650802,11,3,0.7668567803456191,0.2727272727272727,REMOVE,4.09
AAPL,macro_unemployment_level,3,0.023492516051211335,0.2767930857886181,0.017156903703498944,0.42707750020061797,2145,-0.011544011544011544,-0.015873015873015817,11,3,0.7475171798286386,0.2727272727272727,REMOVE,4.09
AAPL,macro_yield_curve_10y2y,5,-0.006183842065693395,0.772307672758004,-0.014840085340549045,0.487408256300417,2192,-0.01370851370851371,-0.015873015873015817,11,3,0.9509129679108956,0.2727272727272727,REMOVE,4.09
AAPL,macro_yield_curve_10y2y,20,-0.00926323309645053,0.6657646378258647,-0.018191243426153563,0.39623985099491954,2177,-0.012265512265512273,-0.007936507936507964,11,3,0.9200147605480431,0.2727272727272727,REMOVE,4.09
AAPL,macro_yield_curve_change_5d,1,0.0067798102706587305,0.7511125561156666,0.01788189954988903,0.40281333442083433,2191,-0.009379509379509387,-0.007936507936507964,11,3,0.9453837151663301,0.2727272727272727,REMOVE,4.09
AAPL,macro_cpi_yoy,0,-0.03102996909919004,0.1768317265992932,-0.023582491335553145,0.3047408266787767,1896,-0.011463844797178139,-0.00793650793650802,9,2,0.7475171798286386,0.2222222222222222,REMOVE,3.33
AAPL,macro_cpi_yoy,2,-0.026391623756196882,0.25096523307168506,-0.017929006995896567,0.435496880105148,1894,-0.004409171075837758,-0.00793650793650802,9,2,0.7475171798286386,0.2222222222222222,REMOVE,3.33
AAPL,macro_cpi_yoy,5,-0.0294405397141255,0.20066077938520202,-0.023036470513601928,0.31671760770874663,1891,-0.01763668430335097,-0.007936507936507964,9,2,0.7475171798286386,0.2222222222222222,REMOVE,3.33
AAPL,macro_cpi_change_30d,2,-0.02788175685721141,0.19982434104196392,-0.015911044591590078,0.4644604500155244,2116,-0.018253968253968272,-0.019841269841269854,10,2,0.7475171798286386,0.2,REMOVE,3.0
AAPL,macro_cpi_change_30d,3,-0.026012153561138483,0.23178577941473272,-0.01579357493707375,0.46787025626352907,2115,-0.00873015873015875,-0.003968253968253982,10,2,0.7475171798286386,0.2,REMOVE,3.0
AAPL,macro_cpi_change_30d,10,-0.019784985400701293,0.36391133354346,-0.0027507431935660763,0.899557706247344,2108,-0.017460317460317447,-0.023809523809523808,10,2,0.8158250034694534,0.2,REMOVE,3.0
AAPL,macro_unemployment_change,10,0.02321307864737595,0.2867435608477238,0.025667185182970533,0.2388159261807322,2108,-0.008730158730158732,-0.007936507936507936,10,2,0.7475171798286386,0.2,REMOVE,3.0
AAPL,macro_unemployment_change,20,0.006037822773562944,0.7822456859488592,0.0207781161744341,0.341475009906226,2098,-0.00714285714285714,0.0,10,2,0.9509129679108956,0.2,REMOVE,3.0
AAPL,macro_fed_funds_change_5d,1,-0.01617802125243455,0.44912168098239547,-0.022983183030849733,0.28222804995612766,2191,-0.006493506493506485,0.0,11,2,0.8804841151712511,0.18181818181818182,REMOVE,2.73
AAPL,macro_fed_funds_change_5d,3,-0.013075915563515209,0.5408975442031277,0.012107076354930623,0.5712932049646742,2189,-0.007936507936507934,0.0,11,2,0.8931944514265077,0.18181818181818182,REMOVE,2.73
AAPL,macro_us10y_change_5d,0,-0.011653818903685116,0.5855299400087335,-0.015208376690412919,0.4766673237244727,2192,-0.009379509379509382,0.0,11,2,0.9075222560428762,0.18181818181818182,REMOVE,2.73
AAPL,macro_financial_conditions_change_5d,10,-5.375536040819128e-07,0.9999801193983082,-0.0008342041466320785,0.9691559104333924,2151,-0.002886002886002886,-0.007936507936507908,11,2,0.9999801193983082,0.18181818181818182,REMOVE,2.73
AAPL,macro_unemployment_level,5,0.024182680162424603,0.2631451080623618,0.01618360304639586,0.4539824946922672,2143,-0.010101010101010085,-0.015873015873015817,11,2,0.7475171798286386,0.18181818181818182,REMOVE,2.73
AAPL,macro_yield_curve_10y2y,0,-0.006778196670498717,0.7508402652804437,-0.015477708900346878,0.4683880411058343,2197,-0.01154401154401155,-0.007936507936507908,11,2,0.9453837151663301,0.18181818181818182,REMOVE,2.73
AAPL,macro_yield_curve_10y2y,1,-0.006269135883518344,0.769050801651784,-0.014980858045705526,0.4828880346078543,2196,-0.012265512265512273,-0.015873015873015817,11,2,0.9509129679108956,0.18181818181818182,REMOVE,2.73
AAPL,macro_yield_curve_10y2y,2,-0.006625783142809505,0.7563708500683414,-0.01674777156545154,0.43289050125555734,2195,-0.01370851370851371,-0.007936507936507908,11,2,0.9461814409214081,0.18181818181818182,REMOVE,2.73
AAPL,macro_yield_curve_10y2y,3,-0.007784948176398488,0.7155250774714107,-0.017211590399240397,0.42036176127325714,2194,-0.013708513708513715,-0.007936507936507908,11,2,0.9359538158433817,0.18181818181818182,REMOVE,2.73
AAPL,macro_yield_curve_10y2y,10,-0.004291464345352194,0.8410284745407899,-0.012344197093377278,0.5639577550397006,2187,-0.014430014430014433,-0.007936507936507908,11,2,0.951851883396611,0.18181818181818182,REMOVE,2.73
AAPL,macro_yield_curve_change_5d,0,-0.002500312122846224,0.9068639977546981,0.004285467072350023,0.8410685231337126,2192,-0.004329004329004329,0.0,11,2,0.964072707893429,0.18181818181818182,REMOVE,2.73
AAPL,macro_cpi_yoy,20,-0.030336330147923786,0.18905548110798595,-0.019691306321269902,0.39399206415685883,1876,-0.01190476190476189,-0.007936507936507908,8,1,0.7475171798286386,0.125,REMOVE,1.88
AAPL,macro_cpi_yoy,1,-0.029884784798470378,0.19347608413377176,-0.022817484959781177,0.32082915979094273,1895,-0.008818342151675478,-0.007936507936507908,9,1,0.7475171798286386,0.1111111111111111,REMOVE,1.67
AAPL,macro_cpi_change_30d,1,-0.03813572676010018,0.07938602074707242,-0.02397175891910577,0.2702580772593482,2117,-0.010317460317460326,-0.007936507936507908,10,1,0.6574998512736118,0.1,REMOVE,1.5
AAPL,macro_fed_funds_change_5d,0,-0.02115720117536267,0.3221249682269319,-0.009113207632778631,0.6697909589767188,2192,-0.010101010101010105,-0.007936507936507964,11,1,0.771404529175021,0.09090909090909091,REMOVE,1.36
AAPL,macro_us2y_change_5d,2,-0.005443907984593806,0.7990186408435429,0.0014471732803544165,0.9460360966421825,2190,-0.01731601731601732,-0.015873015873015872,11,1,0.9509129679108956,0.09090909090909091,REMOVE,1.36
AAPL,macro_hy_spread_change_5d,0,0.05565184282236278,0.1291088771694825,0.06414328477034505,0.08018163226937694,745,,,0,0,0.732295668331343,,REMOVE,0.0
AAPL,macro_hy_spread_change_5d,1,0.07222992534035388,0.04890373925843056,0.08595878147923931,0.019024918611360176,744,,,0,0,0.57054362468169,,REMOVE,0.0
AAPL,macro_hy_spread_change_5d,2,0.0751450434471066,0.040584227337127465,0.10395537179383575,0.0045605843792955285,743,,,0,0,0.5683815385759048,,REMOVE,0.0
AAPL,macro_hy_spread_change_5d,3,0.040081114016432974,0.27553959151527363,0.04285214130323811,0.2436766827921924,742,,,0,0,0.7475171798286386,,REMOVE,0.0
AAPL,macro_hy_spread_change_5d,5,-0.0017086514817430086,0.9629899985529999,-0.010248212063988188,0.7807686160311006,740,,,0,0,0.985237304900389,,REMOVE,0.0
AAPL,macro_hy_spread_change_5d,10,0.0487322256915048,0.18693213081659574,0.018236926125983915,0.6215754762897435,735,,,0,0,0.7475171798286386,,REMOVE,0.0
AAPL,macro_hy_spread_change_5d,20,0.007096531004788058,0.8487193972692018,-0.002201869990925542,0.9528048085487829,725,,,0,0,0.951851883396611,,REMOVE,0.0
AAPL,macro_cpi_yoy,10,-0.024590263531062594,0.2858084700198476,-0.013004191249616071,0.572484126782614,1886,-0.01488095238095239,-0.011904761904761946,8,0,0.7475171798286386,0.0,REMOVE,0.0
AAPL,macro_cpi_change_30d,0,-0.033724544152258194,0.12076105355330655,-0.02117746774867205,0.3299782584039955,2118,-0.011904761904761895,-0.007936507936507908,10,0,0.7277652896258872,0.0,REMOVE,0.0
AMZN,macro_cpi_yoy,3,-0.04560962495075488,0.047240946911776625,-0.045832775572121405,0.04616829466264251,1893,0.007054673721340363,0.007936507936507908,9,7,0.5683815385759048,0.7777777777777778,REMOVE,66.67
AMZN,macro_cpi_yoy,5,-0.04318534366863688,0.06043918533748383,-0.04275687921285241,0.0630369919874824,1891,0.007936507936507945,0.015873015873015872,9,6,0.6043918533748383,0.6666666666666666,REMOVE,65.0
AMZN,macro_cpi_yoy,20,-0.03737992240029028,0.10555139701134847,-0.03693049888071968,0.10981100058487749,1876,0.008928571428571418,0.007936507936507964,8,5,0.693592842439892,0.625,REMOVE,64.38
AMZN,macro_cpi_yoy,0,-0.047438379331406544,0.03888386141146448,-0.04829839374680282,0.03547440170518687,1896,0.005291005291005297,0.007936507936507908,9,5,0.5683815385759048,0.5555555555555556,REMOVE,38.33
AMZN,macro_cpi_yoy,1,-0.04584239716042478,0.04600744126443212,-0.047003625933505364,0.04076388390209427,1895,0.0017636684303350845,0.007936507936507908,9,5,0.5683815385759048,0.5555555555555556,REMOVE,38.33
AMZN,macro_us2y_change_1d,1,-0.043689498822126895,0.04068750522803725,-0.0452832904445551,0.03388484652564585,2195,0.002164502164502162,0.007936507936507908,11,6,0.5683815385759048,0.5454545454545454,REMOVE,38.18
AMZN,macro_unemployment_level,3,0.01389204005620291,0.5201890996384558,0.0056492757886127,0.7937139274824396,2145,0.004329004329004324,0.007936507936507908,11,6,0.8877189677570687,0.5454545454545454,REMOVE,38.18
AMZN,macro_cpi_yoy,10,-0.044666864584051766,0.05244303127079009,-0.041793250091974696,0.06958678491788693,1886,0.01289682539682542,0.007936507936507964,8,4,0.5768024053024731,0.5,REMOVE,37.5
AMZN,macro_cpi_change_30d,1,-0.02793504588597783,0.19885962816700992,-0.026514080910146724,0.22268113029683437,2117,0.0023809523809523838,0.003968253968253954,10,5,0.7475171798286386,0.5,REMOVE,37.5
AMZN,macro_cpi_change_30d,5,-0.022980517235681484,0.2910282937817892,-0.027923444825487937,0.19947167610301608,2113,0.003968253968253971,2.7755575615628914e-17,10,5,0.7475171798286386,0.5,REMOVE,37.5
AMZN,macro_unemployment_change,10,0.05282892845394681,0.015275197463067923,0.04729856948130802,0.029890024391483454,2108,-0.0015873015873015927,0.003968253968253954,10,5,0.397155134039766,0.5,REMOVE,7.5
AMZN,macro_unemployment_change,20,0.022959192483115388,0.29319748337363755,0.02247608810230845,0.30347516325212687,2098,-0.003968253968253943,0.003968253968253982,10,5,0.7475171798286386,0.5,REMOVE,7.5
AMZN,macro_us2y_change_1d,20,-0.014344511325992576,0.5036312559176878,-0.021703796074289093,0.31155346017236646,2176,-0.000721500721500729,0.0,11,5,0.8847576117472894,0.45454545454545453,REMOVE,6.82
AMZN,macro_unemployment_level,0,0.023008364430975033,0.2864787877797263,0.00674468987944253,0.7547255277456233,2148,-0.005772005772005762,0.0,11,5,0.7475171798286386,0.45454545454545453,REMOVE,6.82
AMZN,macro_unemployment_level,5,0.014483596014884663,0.5027771420660541,0.005178411193576739,0.810653088367705,2143,-0.001443001443001443,0.0,11,5,0.8847576117472894,0.45454545454545453,REMOVE,6.82
AMZN,macro_cpi_yoy,2,-0.04567574080189079,0.04686277838827686,-0.04662718046606605,0.04245992647051904,1894,6.1679056923619804e-18,0.0,9,4,0.5683815385759048,0.4444444444444444,REMOVE,6.67
AMZN,macro_financial_conditions_change_5d,20,0.02732738366834859,0.20624389664739956,-0.0031841102669575676,0.8829377659204763,2141,0.003968253968253971,0.0,10,4,0.7475171798286386,0.4,REMOVE,6.0
AMZN,macro_cpi_change_30d,2,-0.025943592579058726,0.23290820559846354,-0.029297803497046575,0.1779184725410835,2116,-0.0031746031746031854,-0.007936507936507964,10,4,0.7475171798286386,0.4,REMOVE,6.0
AMZN,macro_cpi_change_30d,3,-0.026058355995949693,0.23095749381260064,-0.026821136834390944,0.21758571935912346,2115,0.0007936507936507798,-0.003968253968253954,10,4,0.7475171798286386,0.4,REMOVE,6.0
AMZN,macro_cpi_change_30d,10,-0.029127390691304746,0.18128298068162338,-0.024390615836704804,0.2629918413905589,2108,0.0134920634920635,0.0,10,4,0.7475171798286386,0.4,REMOVE,6.0
AMZN,macro_cpi_change_30d,20,-0.02578509597855548,0.23778108713109625,-0.027638699507353003,0.20571066498880455,2098,0.002380952380952389,-0.003968253968253982,10,4,0.7475171798286386,0.4,REMOVE,6.0
AMZN,macro_us10y_change_1d,0,-0.015580803876454368,0.46553177015652364,-0.007906172931499575,0.711166463460504,2196,-0.02092352092352094,-0.015873015873015872,11,4,0.8828065135292916,0.36363636363636365,REMOVE,5.45
AMZN,macro_us10y_change_5d,3,-0.002803150835700886,0.8957154521844657,-0.01250204634267499,0.5588040223317284,2189,-0.004329004329004334,0.0,11,4,0.9579490375379163,0.36363636363636365,REMOVE,5.45
AMZN,macro_us10y_change_5d,20,0.02268848239704215,0.29054913439353863,0.020272645012964087,0.34498871817030385,2172,-0.0050505050505050475,0.0,11,4,0.7475171798286386,0.36363636363636365,REMOVE,5.45
AMZN,macro_us2y_change_1d,5,-0.030981715514019983,0.14713766439011808,-0.025291616546186776,0.236663851112994,2191,-1.5139404881252134e-17,-0.007936507936507908,11,4,0.7475171798286386,0.36363636363636365,REMOVE,5.45
AMZN,macro_us2y_change_5d,2,0.0298978418971984,0.1619161100430173,0.009886778204177679,0.6437779973869882,2190,-0.0057720057720057815,0.0,11,4,0.7475171798286386,0.36363636363636365,REMOVE,5.45
AMZN,macro_us2y_change_5d,5,-0.024110119365079962,0.25972645578935144,-0.02336313240837233,0.27478475909023087,2187,-0.002886002886002901,-0.00793650793650802,11,4,0.7475171798286386,0.36363636363636365,REMOVE,5.45
AMZN,macro_unemployment_level,2,0.016799096273074573,0.4366759717819022,0.004832944928089475,0.8229465904284662,2146,-0.007936507936507934,-0.007936507936507908,11,4,0.8733519435638044,0.36363636363636365,REMOVE,5.45
AMZN,macro_yield_curve_change_5d,5,0.02582358504266206,0.22737036653877554,0.02874039843886602,0.1790892437582734,2187,-0.00721500721500721,0.0,11,4,0.7475171798286386,0.36363636363636365,REMOVE,5.45
AMZN,macro_unemployment_level,20,0.01378025925377621,0.5252044298663321,-0.0006801380500709415,0.9749852261802012,2128,-0.00793650793650793,-0.01190476190476189,10,3,0.8912820269705568,0.3,REMOVE,4.5
AMZN,macro_unemployment_change,1,0.02304892287745688,0.28913758680521484,0.021733653204711934,0.31754687576534935,2117,-0.004761904761904778,-0.003968253968253954,10,3,0.7475171798286386,0.3,REMOVE,4.5
AMZN,macro_unemployment_change,3,0.02299167287291714,0.29056561771956,0.03710268163393615,0.0880269553183082,2115,-0.0015873015873015873,0.0,10,3,0.7475171798286386,0.3,REMOVE,4.5
AMZN,macro_fed_funds_change_5d,2,0.016934303943956952,0.4283103303317587,0.022536530747652123,0.29179886622639395,2190,-0.006493506493506506,0.0,11,3,0.8633335014150358,0.2727272727272727,REMOVE,4.09
AMZN,macro_us10y_change_1d,1,-0.04231154854978478,0.04746922739754809,-0.046010135937298316,0.031120652780939274,2195,-0.004329004329004329,0.0,11,3,0.5683815385759048,0.2727272727272727,REMOVE,4.09
AMZN,macro_us10y_change_1d,3,0.015860315749819127,0.45787316586155835,0.007452365062360773,0.7272422916886407,2193,-0.0101010101010101,-0.007936507936507908,11,3,0.8804841151712511,0.2727272727272727,REMOVE,4.09
AMZN,macro_us10y_change_1d,10,-0.011204472766752693,0.6005718592491454,-0.010482650892891182,0.6242428036377747,2186,-0.01731601731601733,0.0,11,3,0.9109986644726906,0.2727272727272727,REMOVE,4.09
AMZN,macro_us10y_change_1d,20,0.0033009835946018187,0.8776925636900846,-0.0006179443592445491,0.9770168669172925,2176,-0.010822510822510824,-0.00793650793650802,11,3,0.9550851186455056,0.2727272727272727,REMOVE,4.09
AMZN,macro_us10y_change_5d,5,-0.007537219695363565,0.7246250099950279,-0.005574143107526865,0.7944550797691703,2187,-0.01370851370851371,-0.00793650793650802,11,3,0.9403716265466715,0.2727272727272727,REMOVE,4.09
AMZN,macro_us2y_change_1d,0,-0.022542902537558026,0.2910016203324622,-0.017258037606707743,0.4188964790805819,2196,-0.021645021645021655,-0.007936507936507908,11,3,0.7475171798286386,0.2727272727272727,REMOVE,4.09
AMZN,macro_us2y_change_1d,2,0.02970234261024227,0.16429328097360948,0.026534321378682214,0.21409560481585635,2194,-0.013708513708513705,-0.015873015873015872,11,3,0.7475171798286386,0.2727272727272727,REMOVE,4.09
AMZN,macro_us2y_change_1d,10,0.006331465075436414,0.7673375618714832,-0.0005832000780275613,0.9782589495914975,2186,-0.012987012987012986,-0.015873015873015817,11,3,0.9509129679108956,0.2727272727272727,REMOVE,4.09
AMZN,macro_financial_conditions_change_5d,0,0.01998496593420814,0.35310291952712997,0.005732506489249907,0.7899831501714115,2161,-0.002886002886002886,-0.015873015873015817,11,3,0.8080410775151874,0.2727272727272727,REMOVE,4.09
AMZN,macro_financial_conditions_change_5d,1,0.02274880854426382,0.29060569449084134,0.00844219916471056,0.6949563777049925,2160,-0.00649350649350651,-0.00793650793650802,11,3,0.7475171798286386,0.2727272727272727,REMOVE,4.09
AMZN,macro_financial_conditions_change_5d,2,0.027376624758008117,0.2035303448342162,0.009276400561724208,0.6666225422276078,2159,-0.0072150072150072245,-0.00793650793650802,11,3,0.7475171798286386,0.2727272727272727,REMOVE,4.09
AMZN,macro_financial_conditions_change_5d,3,0.02215398899713447,0.3036312293973294,0.01336063381890486,0.535042729723072,2158,-0.009379509379509397,-0.015873015873015872,11,3,0.7611691976627265,0.2727272727272727,REMOVE,4.09
AMZN,macro_financial_conditions_change_5d,10,0.022806099055811605,0.29040030177007475,0.0065244911850082694,0.7623274270239542,2151,-0.001443001443001443,0.0,11,3,0.7475171798286386,0.2727272727272727,REMOVE,4.09
AMZN,macro_yield_curve_change_5d,0,-0.01608227443307806,0.4517071707927533,-0.007556460649882125,0.7236479202314121,2192,-0.010822510822510819,0.0,11,3,0.8804841151712511,0.2727272727272727,REMOVE,4.09
AMZN,macro_yield_curve_change_5d,3,0.011420891904892459,0.5933009763274656,0.006257542429871481,0.7698235465043504,2189,-0.011544011544011553,0.0,11,3,0.9107048290087881,0.2727272727272727,REMOVE,4.09
AMZN,macro_cpi_change_30d,0,-0.024849462392785484,0.25299012784263375,-0.026470230237282278,0.2233379613734089,2118,-0.008730158730158737,-0.007936507936507936,10,2,0.7475171798286386,0.2,REMOVE,3.0
AMZN,macro_unemployment_level,10,0.023517905645019606,0.2770600821955493,0.010660461941338106,0.6222601763953933,2138,-0.0071428571428571565,-0.007936507936507936,10,2,0.7475171798286386,0.2,REMOVE,3.0
AMZN,macro_unemployment_change,5,0.03268677386015862,0.13308740084249793,0.038340915400278716,0.07806315019549416,2113,-0.003968253968253965,0.0,10,2,0.7333434121890994,0.2,REMOVE,3.0
AMZN,macro_fed_funds_change_5d,0,0.008026772631946604,0.7072176000193567,0.005317565698923247,0.8034986329047374,2192,-0.0014430014430014378,0.0,11,2,0.9359538158433817,0.18181818181818182,REMOVE,2.73
AMZN,macro_fed_funds_change_5d,3,-0.012921319484780439,0.5456930905170249,-0.0028415731371597254,0.8942943718214416,2189,-0.005050505050505053,0.0,11,2,0.8931944514265077,0.18181818181818182,REMOVE,2.73
AMZN,macro_fed_funds_change_5d,5,-0.008555077690775178,0.6892596533672078,0.005463777285319576,0.7984362569771382,2187,-0.003607503607503605,0.0,11,2,0.9337255051214596,0.18181818181818182,REMOVE,2.73
AMZN,macro_us10y_change_1d,2,0.01890749155916459,0.3760464920254967,0.013269641980515468,0.5344514569805644,2194,-0.007215007215007235,-0.007936507936507908,11,2,0.8272879425597685,0.18181818181818182,REMOVE,2.73
AMZN,macro_us10y_change_1d,5,-0.019930182818134357,0.3511016351008348,-0.020166321186145628,0.3454227490745573,2191,-0.006493506493506496,-0.007936507936507908,11,2,0.8080410775151874,0.18181818181818182,REMOVE,2.73
AMZN,macro_us10y_change_5d,2,0.02582507545096467,0.22702464933562644,0.015436410003030145,0.4702852590920565,2190,-0.0043290043290043385,0.0,11,2,0.7475171798286386,0.18181818181818182,REMOVE,2.73
AMZN,macro_us10y_change_5d,10,-0.017875551232826713,0.4039492353943697,-0.019842923055616794,0.3542067803291132,2182,-0.012265512265512257,-0.007936507936507908,11,2,0.850416680349462,0.18181818181818182,REMOVE,2.73
AMZN,macro_us2y_change_5d,3,-0.010143745816069579,0.6352617329624172,-0.021385341233814546,0.3172652704124249,2189,-0.011544011544011544,-0.007936507936507908,11,2,0.9180106017321105,0.18181818181818182,REMOVE,2.73
AMZN,macro_us2y_change_5d,20,0.008043171082456209,0.7079282081556816,-0.005826214029136565,0.7861025717933428,2172,-0.011544011544011553,-0.015873015873015872,11,2,0.9359538158433817,0.18181818181818182,REMOVE,2.73
AMZN,macro_financial_conditions_change_5d,5,0.02957639855671418,0.16980914631783794,0.012308644914504617,0.567854326473771,2156,-0.008658008658008672,-0.00793650793650802,11,2,0.7475171798286386,0.18181818181818182,REMOVE,2.73
AMZN,macro_unemployment_level,1,0.02005566462092747,0.35296884029692543,0.006874347050572538,0.750222373286005,2147,-0.006493506493506506,0.0,11,2,0.8080410775151874,0.18181818181818182,REMOVE,2.73
AMZN,macro_yield_curve_10y2y,0,0.015095759174010143,0.4794368862890782,0.013435569458063606,0.5290713395820079,2197,-0.01731601731601733,-0.015873015873015872,11,2,0.8847576117472894,0.18181818181818182,REMOVE,2.73
AMZN,macro_yield_curve_10y2y,5,0.016456288749094355,0.4412546031330606,0.015043187096115643,0.48146886105946607,2192,-0.01010101010101011,-0.007936507936507908,11,2,0.8767285782774785,0.18181818181818182,REMOVE,2.73
AMZN,macro_yield_curve_change_5d,2,-0.00737900802906083,0.7299994962968447,-0.002376113264099963,0.9115111342320277,2190,-0.021645021645021655,-0.015873015873015928,11,2,0.9403716265466715,0.18181818181818182,REMOVE,2.73
AMZN,macro_yield_curve_change_5d,20,0.021576194841505764,0.3148531889140864,0.016912851360158274,0.4308012313255614,2172,-0.01154401154401155,-0.007936507936507908,11,2,0.7691928837854805,0.18181818181818182,REMOVE,2.73
AMZN,macro_unemployment_change,0,0.033943995583775026,0.11836119100638914,0.025366133137080957,0.24325397810304913,2118,-0.009523809523809535,-0.003968253968253954,10,1,0.7228770725893565,0.1,REMOVE,1.5
AMZN,macro_unemployment_change,2,0.024349712691535505,0.2628881284054062,0.02747466609019838,0.2064719337413768,2116,-0.0031746031746031746,0.0,10,1,0.7475171798286386,0.1,REMOVE,1.5
AMZN,macro_fed_funds_change_5d,1,0.023086793482850695,0.2800635252426143,0.006447134032191185,0.762950042213726,2191,-0.015151515151515154,-0.007936507936507908,11,1,0.7475171798286386,0.09090909090909091,REMOVE,1.36
AMZN,macro_fed_funds_change_5d,10,-0.022549951682872403,0.29239554291782427,0.005926711239987384,0.7820168980386517,2182,-0.00721500721500721,0.0,11,1,0.7475171798286386,0.09090909090909091,REMOVE,1.36
AMZN,macro_fed_funds_change_5d,20,-0.02999571262739826,0.16227783989616096,-0.018580322977630657,0.38676057904457245,2172,-0.008658008658008677,0.0,11,1,0.7475171798286386,0.09090909090909091,REMOVE,1.36
AMZN,macro_us10y_change_5d,0,-0.014453631323180395,0.4988178183787894,-0.023735042726428648,0.2666678709344342,2192,-0.008658008658008658,-0.007936507936507908,11,1,0.8847576117472894,0.09090909090909091,REMOVE,1.36
AMZN,macro_us10y_change_5d,1,-0.01647633785657541,0.44080260995123,-0.02697195830302781,0.20694312050569488,2191,-0.010101010101010095,-0.007936507936507908,11,1,0.8767285782774785,0.09090909090909091,REMOVE,1.36
AMZN,macro_us2y_change_1d,3,0.017878414339303088,0.40269018834079984,0.012668424199958903,0.5532204763784598,2193,-0.009379509379509392,-0.00793650793650802,11,1,0.850416680349462,0.09090909090909091,REMOVE,1.36
AMZN,macro_us2y_change_5d,0,-0.0036187290060149943,0.8655382897521919,-0.020721043245199657,0.33220347675414835,2192,-0.010822510822510829,-0.00793650793650802,11,1,0.9545868920371906,0.09090909090909091,REMOVE,1.36
AMZN,macro_us2y_change_5d,1,-0.007536830530612441,0.7243969263542197,-0.024012501205759113,0.2612249534451289,2191,-0.01154401154401155,-0.015873015873015872,11,1,0.9403716265466715,0.09090909090909091,REMOVE,1.36
AMZN,macro_yield_curve_10y2y,1,0.014068852143478796,0.50993126654424,0.012076422298642994,0.5716537275159179,2196,-0.01731601731601734,-0.015873015873015872,11,1,0.8877189677570687,0.09090909090909091,REMOVE,1.36
AMZN,macro_yield_curve_10y2y,2,0.013543542740495726,0.5259543389925154,0.011679640369017192,0.5844421007580889,2195,-0.015151515151515168,-0.015873015873015872,11,1,0.8912820269705568,0.09090909090909091,REMOVE,1.36
AMZN,macro_yield_curve_10y2y,3,0.014542032873622325,0.49599876316375796,0.011938642301645153,0.5762237767014898,2194,-0.018759018759018777,-0.015873015873015872,11,1,0.8847576117472894,0.09090909090909091,REMOVE,1.36
AMZN,macro_yield_curve_10y2y,20,0.00804199755556307,0.7076480063128021,0.009596385539665568,0.6545108454920437,2177,-0.011544011544011553,-0.007936507936507908,11,1,0.9359538158433817,0.09090909090909091,REMOVE,1.36
AMZN,macro_yield_curve_change_5d,10,-0.015472006186228246,0.47007585367681115,-0.01825895504121134,0.39394080157309624,2182,-0.012265512265512268,-0.015873015873015872,11,1,0.8828065135292916,0.09090909090909091,REMOVE,1.36
AMZN,macro_us2y_change_5d,10,-0.007330723834579961,0.7321700661562868,-0.022815865395519143,0.2867401980169546,2182,-0.021645021645021655,-0.015873015873015817,11,0,0.9403716265466715,0.0,REMOVE,0.0
AMZN,macro_hy_spread_change_5d,0,0.01276389815679604,0.7279785267926953,0.008901529366037919,0.8083452641006076,745,,,0,0,0.9403716265466715,,REMOVE,0.0
AMZN,macro_hy_spread_change_5d,1,0.02977145949229071,0.4174394730225329,0.045011799277985896,0.22008000190482108,744,,,0,0,0.8633335014150358,,REMOVE,0.0
AMZN,macro_hy_spread_change_5d,2,-0.009250769207840738,0.8012431606753619,0.028958898723541196,0.4305804866343396,743,,,0,0,0.9509129679108956,,REMOVE,0.0
AMZN,macro_hy_spread_change_5d,3,-0.01883990790649236,0.608389797417616,0.006222093409696441,0.8656364153371252,742,,,0,0,0.9109986644726906,,REMOVE,0.0
AMZN,macro_hy_spread_change_5d,5,-0.0005527481666848671,0.9880234382473513,0.00520472532571165,0.8875970497138062,740,,,0,0,0.99961506003799,,REMOVE,0.0
AMZN,macro_hy_spread_change_5d,10,-0.00779971174740698,0.8328089403342785,-0.020000440723104702,0.5882588613859648,735,,,0,0,0.951851883396611,,REMOVE,0.0
AMZN,macro_hy_spread_change_5d,20,0.04521933609213267,0.22395099431714102,0.04950922267225092,0.18299394975718788,725,,,0,0,0.7475171798286386,,REMOVE,0.0
AMZN,macro_yield_curve_10y2y,10,0.012859594846670793,0.5477968478220783,0.010750192653002876,0.615341271530885,2187,-0.01803751803751805,-0.00793650793650802,11,0,0.8931944514265077,0.0,REMOVE,0.0
AMZN,macro_yield_curve_change_5d,1,-0.013062817263887755,0.5411181240904117,-0.0032641838787774106,0.8786320832685809,2191,-0.009379509379509382,0.0,11,0,0.8931944514265077,0.0,REMOVE,0.0
GLD,macro_cpi_yoy,0,-0.03752791788377436,0.1023472836352322,-0.029104068563690067,0.20525778079124943,1896,0.012345679012345678,0.023809523809523725,9,6,0.693592842439892,0.6666666666666666,REMOVE,65.0
GLD,macro_cpi_yoy,3,-0.04048908945875287,0.0782074375582965,-0.031870697370234805,0.16572057441063434,1893,0.01322751322751323,0.015873015873015817,9,6,0.6574998512736118,0.6666666666666666,REMOVE,65.0
GLD,macro_us2y_change_5d,0,-0.029870725471858522,0.16210533875818692,-0.02463398084778286,0.24897176020136133,2192,0.006493506493506481,0.007936507936507908,11,7,0.7475171798286386,0.6363636363636364,REMOVE,64.55
GLD,macro_us2y_change_5d,1,-0.013364534563456118,0.5318137795371825,-0.005834600773906149,0.7848892234961734,2191,0.008658008658008648,0.007936507936507908,11,7,0.8915195271135341,0.6363636363636364,REMOVE,64.55
GLD,macro_unemployment_level,10,0.009440007747956045,0.6626579919427584,0.003296184703113723,0.8789330071679122,2138,0.010317460317460336,0.007936507936507908,10,6,0.9200147605480431,0.6,REMOVE,64.0
GLD,macro_fed_funds_change_5d,5,-0.043443462507244616,0.04220964717267923,-0.02121823568270188,0.3212838575895492,2187,0.002886002886002886,0.007936507936507908,11,7,0.5683815385759048,0.6363636363636364,REMOVE,39.55
GLD,macro_cpi_yoy,1,-0.03805553574395148,0.09769649234763847,-0.029050232900702563,0.20621732466619172,1895,0.002645502645502667,0.007936507936507908,9,5,0.678655023178252,0.5555555555555556,REMOVE,38.33
GLD,macro_cpi_yoy,2,-0.03906413041959883,0.0892058839494817,-0.03046818691507427,0.18503481545248013,1894,0.009700176366843049,0.007936507936507908,9,5,0.6574998512736118,0.5555555555555556,REMOVE,38.33
GLD,macro_us10y_change_5d,3,-0.02529784382750048,0.23676271087939407,-0.031806764776052446,0.1368401757200608,2189,0.002164502164502162,0.007936507936507908,11,6,0.7475171798286386,0.5454545454545454,REMOVE,38.18
GLD,macro_us10y_change_5d,20,-0.03609321719469463,0.09262820970948538,-0.035580243352553165,0.09736235874572914,2172,0.006493506493506496,0.007936507936507908,11,6,0.6637139435876511,0.5454545454545454,REMOVE,38.18
GLD,macro_unemployment_level,5,0.017646888277045667,0.4142105840882752,0.009326928476973816,0.6660868572661159,2143,0.01010101010101011,0.007936507936507908,11,6,0.8625437792227241,0.5454545454545454,REMOVE,38.18
GLD,macro_yield_curve_change_5d,2,-0.005352088392998763,0.802337718547107,-0.010114885610611154,0.6361471421202735,2190,0.005772005772005767,0.007936507936507908,11,6,0.9509129679108956,0.5454545454545454,REMOVE,38.18
GLD,macro_yield_curve_change_5d,3,-0.04585820628157586,0.03191611598091292,-0.03840197575454415,0.07244046366075828,2189,0.009379509379509376,0.007936507936507908,11,6,0.5573265203371951,0.5454545454545454,REMOVE,38.18
GLD,macro_yield_curve_change_5d,5,-0.027750056997835015,0.19454531642244777,-0.02039813136335905,0.3403469115202283,2187,0.007215007215007205,0.007936507936507908,11,6,0.7475171798286386,0.5454545454545454,REMOVE,38.18
GLD,macro_cpi_change_30d,20,-0.056330997852636545,0.009860233673287507,-0.04823265394506689,0.027159741580183756,2098,0.007936507936507941,0.0,10,5,0.30151686581645964,0.5,REMOVE,37.5
GLD,macro_us10y_change_5d,5,-0.022445776598822992,0.2940781872292886,-0.02660940367172383,0.21353362129289125,2187,-0.000721500721500724,0.007936507936507908,11,6,0.7475171798286386,0.5454545454545454,REMOVE,8.18
GLD,macro_cpi_change_30d,2,-0.029076569932781852,0.18121788668749073,-0.015938737577886053,0.46368332574147897,2116,-0.008730158730158704,0.00396825396825401,10,5,0.7475171798286386,0.5,REMOVE,7.5
GLD,macro_fed_funds_change_5d,0,0.008092561424933649,0.704929892630715,0.013399758744892945,0.5306389678145325,2192,0.0014430014430014328,0.0,11,5,0.9359538158433817,0.45454545454545453,REMOVE,6.82
GLD,macro_us10y_change_1d,0,-0.006463955154956381,0.7620870076734825,-0.014774259573471265,0.48894517604300836,2196,-0.005050505050505073,0.0,11,5,0.9486992845182887,0.45454545454545453,REMOVE,6.82
GLD,macro_us10y_change_1d,1,-0.0059678581617367945,0.7799054032197014,-0.006307843968238332,0.7677171255031712,2195,0.002164502164502152,0.0,11,5,0.9509129679108956,0.45454545454545453,REMOVE,6.82
GLD,macro_us10y_change_1d,2,0.0025868186897887615,0.9036133052477793,0.008593311012034583,0.6874705762054562,2194,0.006493506493506476,0.0,11,5,0.962245663138363,0.45454545454545453,REMOVE,6.82
GLD,macro_us10y_change_5d,0,-0.00933801651886169,0.6621440759376329,-0.018205018561462227,0.3942576434360081,2192,0.001443001443001443,0.0,11,5,0.9200147605480431,0.45454545454545453,REMOVE,6.82
GLD,macro_us2y_change_1d,2,-0.020814262697978134,0.3298117030321565,-0.01821278687708949,0.39383995079431083,2194,0.015151515151515159,0.0,11,5,0.783102541922125,0.45454545454545453,REMOVE,6.82
GLD,macro_us2y_change_5d,5,-0.0037615787081275373,0.8604418944862511,-0.013415764489534113,0.5306181063304204,2187,0.002164502164502167,0.0,11,5,0.9545868920371906,0.45454545454545453,REMOVE,6.82
GLD,macro_unemployment_level,0,0.017751350782137205,0.41090660799847384,0.012350800178089639,0.5672506803438292,2148,0.007936507936507934,0.0,11,5,0.8595977316749682,0.45454545454545453,REMOVE,6.82
GLD,macro_unemployment_level,3,0.015696521130923468,0.46747595846553813,0.008952708656530604,0.6785785135746695,2145,0.010822510822510824,0.0,11,5,0.8828065135292916,0.45454545454545453,REMOVE,6.82
GLD,macro_yield_curve_10y2y,2,0.0038916107592057527,0.8554084961787805,0.0028051159414508886,0.8955004975218873,2195,-0.010101010101010095,-0.007936507936507908,11,5,0.9527805771391556,0.45454545454545453,REMOVE,6.82
GLD,macro_yield_curve_change_5d,0,0.031960432765719284,0.1346855285864495,0.036436096460875145,0.08810353478215771,2192,-0.0036075036075036097,0.0,11,5,0.7333434121890994,0.45454545454545453,REMOVE,6.82
GLD,macro_yield_curve_change_5d,10,0.021909867261383196,0.3063137625487359,0.02569327049532635,0.23025923295766895,2182,0.007215007215007205,0.0,11,5,0.7646810344757579,0.45454545454545453,REMOVE,6.82
GLD,macro_yield_curve_change_5d,20,-0.02681519073324073,0.21158473297158226,-0.01835074235242995,0.3926558560009981,2172,0.0,0.0,11,5,0.7475171798286386,0.45454545454545453,REMOVE,6.82
GLD,macro_cpi_yoy,5,-0.04178136121294729,0.06929667827515498,-0.03325169289700216,0.14834152688713328,1891,0.011463844797178126,0.0,9,4,0.6381946990015975,0.4444444444444444,REMOVE,6.67
GLD,macro_cpi_change_30d,3,-0.024917874423089372,0.25202208140562465,-0.013472231300122246,0.5357595774875556,2115,-0.009523809523809535,-0.007936507936507936,10,4,0.7475171798286386,0.4,REMOVE,6.0
GLD,macro_unemployment_level,20,0.010878515231249717,0.6159850732180626,0.008060399098332513,0.710178929765483,2128,0.0007936507936508075,0.0,10,4,0.9114575880137186,0.4,REMOVE,6.0
GLD,macro_unemployment_change,1,0.013663618767988474,0.5297858274473972,0.028657626531012944,0.18748550352131402,2117,-0.0023809523809523838,0.0,10,4,0.8915195271135341,0.4,REMOVE,6.0
GLD,macro_cpi_yoy,10,-0.03881434431193832,0.09195949184604531,-0.03323108006750386,0.14913195897641346,1886,0.0029761904761904726,0.0,8,3,0.6637139435876511,0.375,REMOVE,5.62
GLD,macro_cpi_yoy,20,-0.045078472877601465,0.05091842856017545,-0.0388050767293139,0.09290484539767134,1876,0.00496031746031745,0.0,8,3,0.5768024053024731,0.375,REMOVE,5.62
GLD,macro_fed_funds_change_5d,2,-0.015428709067036589,0.4705067681996774,-0.01261066808118161,0.5553023131284075,2190,0.001443001443001443,0.0,11,4,0.8828065135292916,0.36363636363636365,REMOVE,5.45
GLD,macro_fed_funds_change_5d,3,-0.024298709565047063,0.2557992065496186,-0.014655564613538643,0.49313482813883974,2189,0.005050505050505038,0.0,11,4,0.7475171798286386,0.36363636363636365,REMOVE,5.45
GLD,macro_fed_funds_change_5d,10,-0.01887453703293689,0.3781887737416084,-0.012074282632214394,0.572951624531654,2182,-1.0092936587501423e-17,0.0,11,4,0.8272879425597685,0.36363636363636365,REMOVE,5.45
GLD,macro_us10y_change_1d,3,-0.016363422698464088,0.44373287775383374,-0.019447026305518113,0.3626849148148706,2193,-0.004329004329004324,0.0,11,4,0.8797318491415876,0.36363636363636365,REMOVE,5.45
GLD,macro_us10y_change_1d,5,-0.008440897312345805,0.6929284334596867,-0.010104649411493924,0.6364116814690831,2191,-0.000721500721500729,0.0,11,4,0.9337255051214596,0.36363636363636365,REMOVE,5.45
GLD,macro_us10y_change_5d,1,-0.0102430609123997,0.6317982225881966,-0.010815480937389316,0.6128719428508619,2191,-0.000721500721500729,0.0,11,4,0.9180106017321105,0.36363636363636365,REMOVE,5.45
GLD,macro_us2y_change_1d,0,-0.024646985522915763,0.24829014903206492,-0.021836785190917106,0.30638171062234454,2196,0.0014430014430014328,0.0,11,4,0.7475171798286386,0.36363636363636365,REMOVE,5.45
GLD,macro_us2y_change_1d,1,-0.021409676188902715,0.31605168504200043,-0.013384289834331672,0.5308323491833916,2195,-0.002164502164502172,-0.007936507936507908,11,4,0.7691928837854805,0.36363636363636365,REMOVE,5.45
GLD,macro_us2y_change_1d,3,-0.015890217314690445,0.45702575397559747,-0.024673832123895092,0.24809873131410892,2193,0.0007215007215007189,0.0,11,4,0.8804841151712511,0.36363636363636365,REMOVE,5.45
GLD,macro_us2y_change_5d,10,-0.017848965914226286,0.4046488160344143,-0.01341329070597928,0.5311646155297738,2182,0.000721500721500724,0.0,11,4,0.850416680349462,0.36363636363636365,REMOVE,5.45
GLD,macro_yield_curve_10y2y,3,0.001655754729228644,0.9382165148363003,0.0007530263827989323,0.9718789768973624,2194,-0.007215007215007219,0.0,11,4,0.978598675654858,0.36363636363636365,REMOVE,5.45
GLD,macro_yield_curve_10y2y,5,0.002575193389806135,0.904087958223407,0.0009329932190802783,0.9651780420282655,2192,-0.006493506493506501,-0.007936507936507908,11,4,0.962245663138363,0.36363636363636365,REMOVE,5.45
GLD,macro_yield_curve_10y2y,10,0.0065206063783088955,0.7605432472606662,0.004386153980310993,0.8375691259722471,2187,-0.012265512265512283,0.0,11,4,0.9480782406687926,0.36363636363636365,REMOVE,5.45
GLD,macro_yield_curve_10y2y,20,0.004295090862849835,0.841255656939771,0.0012464454015126553,0.9536501084156531,2177,-0.007936507936507948,0.0,11,4,0.951851883396611,0.36363636363636365,REMOVE,5.45
GLD,macro_financial_conditions_change_5d,20,0.0030811304400953487,0.8866978072951142,0.004644636171963598,0.8299331252809439,2141,0.004761904761904778,0.0,10,3,0.9551097364230317,0.3,REMOVE,4.5
GLD,macro_cpi_change_30d,0,-0.025924619554470264,0.23302918424869562,-0.019261435464855932,0.3756156166828641,2118,-0.021428571428571446,-0.007936507936507964,10,3,0.7475171798286386,0.3,REMOVE,4.5
GLD,macro_cpi_change_30d,1,-0.033014255788157525,0.12888050468875248,-0.020356316529983487,0.34919307211044276,2117,-0.01349206349206351,-0.007936507936507964,10,3,0.732295668331343,0.3,REMOVE,4.5
GLD,macro_unemployment_change,2,0.02145569476227739,0.3238915834521135,0.027418928183657165,0.20739445169610424,2116,-0.006349206349206338,0.0,10,3,0.7715741909461342,0.3,REMOVE,4.5
GLD,macro_unemployment_change,10,0.010975159893930105,0.6145295800289866,0.007179763236006042,0.741813380677794,2108,-0.0007936507936507908,0.0,10,3,0.9114575880137186,0.3,REMOVE,4.5
GLD,macro_unemployment_change,20,0.043770060437141656,0.0450051150878231,0.03934426415137466,0.07158545332063268,2098,-0.0015873015873015984,0.0,10,3,0.5683815385759048,0.3,REMOVE,4.5
GLD,macro_fed_funds_change_5d,1,0.00020533620635106785,0.9923357051793926,0.0033986799852156603,0.8736724259892501,2191,-0.0028860028860028908,0.0,11,3,0.99961506003799,0.2727272727272727,REMOVE,4.09
GLD,macro_fed_funds_change_5d,20,-0.01209373950608127,0.5732159828674862,0.04510153705423641,0.035570443355415364,2172,0.002164502164502167,0.0,11,3,0.9027985325212923,0.2727272727272727,REMOVE,4.09
GLD,macro_us10y_change_1d,10,-0.023942068962523225,0.26317262242018413,-0.02161560456734636,0.3124135542947816,2186,-0.002164502164502167,0.0,11,3,0.7475171798286386,0.2727272727272727,REMOVE,4.09
GLD,macro_us10y_change_1d,20,0.012107728848525044,0.5724187761496665,0.006438232453864693,0.7640560818114986,2176,-0.0043290043290043385,0.0,11,3,0.9027985325212923,0.2727272727272727,REMOVE,4.09
GLD,macro_us10y_change_5d,2,-0.007290060555898414,0.7331292556399882,-0.009598230910830086,0.6534846854211067,2190,-0.0007215007215007189,0.0,11,3,0.9403716265466715,0.2727272727272727,REMOVE,4.09
GLD,macro_us2y_change_1d,5,0.011142061103784299,0.6021874195932269,0.013792743704224909,0.5187492165839052,2191,-0.001443001443001453,0.0,11,3,0.9109986644726906,0.2727272727272727,REMOVE,4.09
GLD,macro_us2y_change_1d,20,0.007515419369207939,0.7260536112994465,-0.002825868004890798,0.8951863686485161,2176,-0.002164502164502152,0.0,11,3,0.9403716265466715,0.2727272727272727,REMOVE,4.09
GLD,macro_us2y_change_5d,2,-0.003607213260613463,0.866022783927777,-0.0005189590398720911,0.980635576709611,2190,-0.003607503607503615,0.0,11,3,0.9545868920371906,0.2727272727272727,REMOVE,4.09
GLD,macro_financial_conditions_change_5d,1,-0.02065584442623561,0.33728498473781326,-0.017465481265867507,0.4171852433703187,2160,-0.0007215007215007189,0.0,11,3,0.7910549899778611,0.2727272727272727,REMOVE,4.09
GLD,macro_unemployment_level,2,0.0172997443282186,0.4231301319308444,0.011522560665529617,0.593695378062871,2146,0.0,-0.007936507936507908,11,3,0.8633335014150358,0.2727272727272727,REMOVE,4.09
GLD,macro_yield_curve_10y2y,0,0.007017898591255451,0.7423363768640467,0.006379262809564941,0.7650600375832796,2197,-0.009379509379509371,-0.015873015873015817,11,3,0.9408441545212849,0.2727272727272727,REMOVE,4.09
GLD,macro_yield_curve_10y2y,1,0.005307004595479999,0.8037055333198122,0.004691890413476802,0.8260697273821545,2196,-0.014430014430014433,-0.007936507936507964,11,3,0.9509129679108956,0.2727272727272727,REMOVE,4.09
GLD,macro_yield_curve_change_5d,1,0.005229919834540112,0.8067160763977499,0.009767892414982693,0.6476950144591214,2191,-0.002886002886002896,0.0,11,3,0.9509129679108956,0.2727272727272727,REMOVE,4.09
GLD,macro_cpi_change_30d,5,-0.018453749493972223,0.3965266661254321,-0.011149925127490048,0.6084792169933132,2113,-0.005555555555555547,-0.00396825396825401,10,2,0.850416680349462,0.2,REMOVE,3.0
GLD,macro_unemployment_change,0,0.012840630289774432,0.5547726757974043,0.026103297687558705,0.22982318984566283,2118,-0.003968253968253965,0.0,10,2,0.8931944514265077,0.2,REMOVE,3.0
GLD,macro_unemployment_change,3,0.012235130860461834,0.5738629897759343,0.02121269079646462,0.3295175219866469,2115,-0.0023809523809523725,0.0,10,2,0.9027985325212923,0.2,REMOVE,3.0
GLD,macro_unemployment_change,5,0.01743581281971087,0.4230938696579718,0.022972019462542948,0.29120678260025257,2113,-0.006349206349206338,0.0,10,2,0.8633335014150358,0.2,REMOVE,3.0
GLD,macro_us10y_change_5d,10,-0.0037071223486236362,0.862597952850493,0.007558121232370138,0.7241957942289076,2182,-0.008658008658008677,0.0,11,2,0.9545868920371906,0.18181818181818182,REMOVE,2.73
GLD,macro_us2y_change_1d,10,-0.02866654197147472,0.1803091774395879,-0.033477774033682024,0.1176331189416318,2186,-0.006493506493506501,0.0,11,2,0.7475171798286386,0.18181818181818182,REMOVE,2.73
GLD,macro_us2y_change_5d,3,0.005213272999120416,0.8074055180546594,-0.010003112103716788,0.6399580258593148,2189,-0.005772005772005772,-0.007936507936507908,11,2,0.9509129679108956,0.18181818181818182,REMOVE,2.73
GLD,macro_us2y_change_5d,20,-0.017697457750286555,0.4097266066741699,-0.0409294854092444,0.05649361430541808,2172,-0.002886002886002896,-0.007936507936507908,11,2,0.8591041752845497,0.18181818181818182,REMOVE,2.73
GLD,macro_financial_conditions_change_5d,0,-0.021574114706289036,0.31612982256677985,-0.021626363959350886,0.3149589493021479,2161,-0.007936507936507943,-0.007936507936507908,11,2,0.7691928837854805,0.18181818181818182,REMOVE,2.73
GLD,macro_financial_conditions_change_5d,2,-0.01722831406390856,0.42364701410901284,-0.01407673058578593,0.5132861235526527,2159,-0.0057720057720057815,0.0,11,2,0.8633335014150358,0.18181818181818182,REMOVE,2.73
GLD,macro_financial_conditions_change_5d,3,-0.01713738162234849,0.4262053389200213,-0.005160025138728131,0.8106652086508334,2158,-0.001443001443001448,0.0,11,2,0.8633335014150358,0.18181818181818182,REMOVE,2.73
GLD,macro_financial_conditions_change_5d,5,-0.018459057032677893,0.39162140040689786,-0.003574314216100214,0.8682596432229097,2156,0.0,0.0,11,2,0.8485130342149453,0.18181818181818182,REMOVE,2.73
GLD,macro_financial_conditions_change_5d,10,-0.011491229261334642,0.594270295174759,0.002615013777174139,0.9035238288429969,2151,-0.0007215007215007139,0.0,11,2,0.9107048290087881,0.18181818181818182,REMOVE,2.73
GLD,macro_unemployment_level,1,0.016001943776592423,0.4586465036529931,0.011071203291431391,0.6081547074697147,2147,-0.0050505050505050475,-0.007936507936507908,11,2,0.8804841151712511,0.18181818181818182,REMOVE,2.73
GLD,macro_cpi_change_30d,10,-0.019782011363245807,0.36398346308637153,-0.01555379442528235,0.47538774669652706,2108,-0.005555555555555569,0.0,10,1,0.8158250034694534,0.1,REMOVE,1.5
GLD,macro_hy_spread_change_5d,0,0.05209388063996253,0.15547286255735865,0.048843444765783506,0.18295125613057997,745,,,0,0,0.7475171798286386,,REMOVE,0.0
GLD,macro_hy_spread_change_5d,1,0.029266629407704425,0.42538382506465167,0.011231090366559586,0.7597281006661136,744,,,0,0,0.8633335014150358,,REMOVE,0.0
GLD,macro_hy_spread_change_5d,2,-0.005505263841151055,0.8809136471458234,-0.022400737279987298,0.5420947853149745,743,,,0,0,0.9550851186455056,,REMOVE,0.0
GLD,macro_hy_spread_change_5d,3,-0.03427013294826818,0.351229382753483,-0.03857671818449041,0.29397732680080374,742,,,0,0,0.8080410775151874,,REMOVE,0.0
GLD,macro_hy_spread_change_5d,5,-0.006989424117205706,0.8494550493597471,-0.025361541448458293,0.4909157628455502,740,,,0,0,0.951851883396611,,REMOVE,0.0
GLD,macro_hy_spread_change_5d,10,-0.009072616619571506,0.8060282241149579,0.0006729030291683913,0.985469771225862,735,,,0,0,0.9509129679108956,,REMOVE,0.0
GLD,macro_hy_spread_change_5d,20,-0.034908290359696136,0.3479368225887994,-0.0352999152399367,0.34255192262004963,725,,,0,0,0.8080410775151874,,REMOVE,0.0
JPM,macro_cpi_yoy,10,-0.03576732573999933,0.12047712089470138,-0.0215528442865334,0.349537267031896,1886,0.041666666666666664,0.019841269841269826,8,7,0.7277652896258872,0.875,REMOVE,68.12
JPM,macro_cpi_yoy,1,-0.03971100905181038,0.08394794471683875,-0.023299696460793808,0.310706175022636,1895,0.030864197530864206,0.031746031746031744,9,7,0.6574998512736118,0.7777777777777778,REMOVE,66.67
JPM,macro_cpi_yoy,2,-0.039685563342429064,0.08422872985356418,-0.023490628964768053,0.3068846404525106,1894,0.029982363315696647,0.031746031746031744,9,7,0.6574998512736118,0.7777777777777778,REMOVE,66.67
JPM,macro_cpi_yoy,3,-0.03929052649399069,0.08744959407905147,-0.02352308506658452,0.3063445010134266,1893,0.03703703703703705,0.04761904761904767,9,6,0.6574998512736118,0.6666666666666666,REMOVE,65.0
JPM,macro_cpi_yoy,5,-0.04066342287994461,0.07708824204465421,-0.024347745379773893,0.28994885707570095,1891,0.03174603174603173,0.007936507936507908,9,6,0.6574998512736118,0.6666666666666666,REMOVE,65.0
JPM,macro_cpi_change_30d,3,-0.005784937262247475,0.7903245643575805,-0.016627759365471617,0.444690310342111,2115,0.005555555555555541,0.007936507936507908,10,6,0.9509129679108956,0.6,REMOVE,64.0
JPM,macro_cpi_change_30d,20,-0.00961152343576125,0.6599419337861213,-0.005490082557965508,0.8015671896604707,2098,0.015079365079365087,0.007936507936507964,10,6,0.9200147605480431,0.6,REMOVE,64.0
JPM,macro_cpi_yoy,0,-0.0405937767246564,0.07720464339183956,-0.022715185099945863,0.3228762978261928,1896,0.026455026455026454,0.015873015873015817,9,5,0.6574998512736118,0.5555555555555556,REMOVE,38.33
JPM,macro_cpi_yoy,20,-0.033020300070587705,0.15282072581814565,-0.01831015374741488,0.4280096464530092,1876,0.025793650793650785,0.011904761904761918,8,4,0.7475171798286386,0.5,REMOVE,37.5
JPM,macro_cpi_change_30d,0,-0.014952635889313524,0.49159231571071027,-0.01304496690376457,0.548490831210222,2118,0.018253968253968265,0.003968253968253954,10,5,0.8847576117472894,0.5,REMOVE,37.5
JPM,macro_yield_curve_10y2y,1,-0.03646800793452225,0.08753604937771373,-0.03310982025389809,0.12087349876854576,2196,-1.0092936587501423e-17,0.007936507936507908,11,6,0.6574998512736118,0.5454545454545454,REMOVE,8.18
JPM,macro_fed_funds_change_5d,10,0.004712523821716386,0.8258665263607875,-0.011904300110764397,0.5783658242853205,2182,-0.001443001443001448,0.0,11,5,0.951851883396611,0.45454545454545453,REMOVE,6.82
JPM,macro_us10y_change_5d,5,-0.04339483783523629,0.0424408392739004,-0.03996840332437915,0.06164850706509781,2187,0.005050505050505042,0.0,11,5,0.5683815385759048,0.45454545454545453,REMOVE,6.82
JPM,macro_us2y_change_1d,0,-0.06409587235375991,0.0026557332932195137,-0.05809365362411076,0.006467140079307628,2196,0.008658008658008637,0.0,11,5,0.15104483105185984,0.45454545454545453,REMOVE,6.82
JPM,macro_us2y_change_1d,2,0.019542127244445075,0.36023260054300565,0.01291986568036145,0.5452794248082194,2194,0.001443001443001443,0.0,11,5,0.8158250034694534,0.45454545454545453,REMOVE,6.82
JPM,macro_us2y_change_1d,20,-0.029777763804585106,0.16496311334614863,-0.0382403327978769,0.0745134638736429,2176,0.005772005772005772,0.0,11,5,0.7475171798286386,0.45454545454545453,REMOVE,6.82
JPM,macro_unemployment_level,0,-0.0041160303179736,0.8487971106635477,-0.0012405155571391555,0.9541786606986783,2148,-0.001443001443001458,0.0,11,5,0.951851883396611,0.45454545454545453,REMOVE,6.82
JPM,macro_yield_curve_10y2y,2,-0.035755820087411336,0.0939791661096708,-0.028657262386781176,0.1795547283343811,2195,-0.002886002886002896,0.0,11,5,0.6681331340609409,0.45454545454545453,REMOVE,6.82
JPM,macro_yield_curve_10y2y,3,-0.03639287830107019,0.08833605523660813,-0.029821930904827453,0.1626005957377181,2194,-0.01010101010101011,0.0,11,5,0.6574998512736118,0.45454545454545453,REMOVE,6.82
JPM,macro_yield_curve_10y2y,5,-0.03641627531036247,0.08827667748759167,-0.029589992882406563,0.16608887128244798,2192,-0.007936507936507943,0.0,11,5,0.6574998512736118,0.45454545454545453,REMOVE,6.82
JPM,macro_yield_curve_10y2y,10,-0.038070570092676746,0.07507403398906104,-0.03365718821553993,0.11559456318483888,2187,-0.00721500721500723,0.0,11,5,0.6574998512736118,0.45454545454545453,REMOVE,6.82
JPM,macro_yield_curve_change_5d,10,-0.014443259216838936,0.5001076354335986,-0.0020666962588953073,0.9231361350067678,2182,-0.0036075036075036097,0.0,11,5,0.8847576117472894,0.45454545454545453,REMOVE,6.82
JPM,macro_financial_conditions_change_5d,20,-0.01537389994624554,0.4770895634598199,-0.027925401337769492,0.19648465771090387,2141,-0.00714285714285714,0.0,10,4,0.8847576117472894,0.4,REMOVE,6.0
JPM,macro_cpi_change_30d,1,-0.019514863520889655,0.36947833146242437,-0.02159109908914806,0.3207322630369772,2117,0.019047619047619053,0.0,10,4,0.8240815726245249,0.4,REMOVE,6.0
JPM,macro_cpi_change_30d,2,-0.01151984158788259,0.5963773935072451,-0.017051041740755106,0.4330744735915764,2116,0.001587301587301576,0.0,10,4,0.9107048290087881,0.4,REMOVE,6.0
JPM,macro_unemployment_change,0,0.0060118566284260875,0.7821523618629593,0.04965333796052138,0.022301496688667866,2118,0.0007936507936508019,0.0,10,4,0.9509129679108956,0.4,REMOVE,6.0
JPM,macro_unemployment_change,1,0.017190867390220566,0.42920196956902973,0.05408208606150755,0.012820551832248315,2117,0.005555555555555558,0.0,10,4,0.8633335014150358,0.4,REMOVE,6.0
JPM,macro_unemployment_change,2,0.01658160262411173,0.4458479056685558,0.04757670416737117,0.028635057564404376,2116,0.010317460317460331,0.0,10,4,0.8804841151712511,0.4,REMOVE,6.0
JPM,macro_unemployment_change,5,0.012977469669049559,0.5510333520292489,0.03578783644796846,0.10004687259963647,2113,0.0015873015873015927,0.0,10,4,0.8931944514265077,0.4,REMOVE,6.0
JPM,macro_unemployment_change,10,0.014725925196603429,0.49920164524157523,0.018574414691294214,0.39400650449443814,2108,0.007142857142857145,0.0,10,4,0.8847576117472894,0.4,REMOVE,6.0
JPM,macro_unemployment_change,20,0.011183889559032602,0.6086672395597756,0.03862590248706434,0.07692328357681448,2098,0.008730158730158727,0.0,10,4,0.9109986644726906,0.4,REMOVE,6.0
JPM,macro_us10y_change_1d,0,-0.039610721004023505,0.06346935323381324,-0.029263039558721667,0.17043024952400496,2196,-0.004329004329004329,-0.007936507936507908,11,4,0.6079695941344215,0.36363636363636365,REMOVE,5.45
JPM,macro_us2y_change_5d,0,-0.03013751567103982,0.15838683107031956,-0.025257275939425596,0.23719404177578438,2192,-0.007936507936507943,0.0,11,4,0.7475171798286386,0.36363636363636365,REMOVE,5.45
JPM,macro_us2y_change_5d,5,-0.04847792432243518,0.023382590642144988,-0.040172572468311185,0.060330640899381734,2187,-0.0043290043290043385,-0.007936507936507908,11,4,0.48304941343198154,0.36363636363636365,REMOVE,5.45
JPM,macro_us2y_change_5d,10,0.014402876845431263,0.5013069010125413,0.0066943057859236,0.7546393297256115,2182,0.0014430014430014328,0.0,11,4,0.8847576117472894,0.36363636363636365,REMOVE,5.45
JPM,macro_financial_conditions_change_5d,10,-0.01769239819093153,0.41213588418922914,-0.008783918517883226,0.6838909905619486,2151,-0.00721500721500721,0.0,11,4,0.8601918683766021,0.36363636363636365,REMOVE,5.45
JPM,macro_unemployment_level,1,0.00015906731043614656,0.9941226695982209,-0.0010829968473472346,0.9600010691291033,2147,0.005772005772005772,0.0,11,4,0.99961506003799,0.36363636363636365,REMOVE,5.45
JPM,macro_yield_curve_10y2y,0,-0.033943360111973096,0.11171050352188035,-0.03077298731980546,0.14932573810792021,2197,0.0014430014430014328,0.0,11,4,0.7033776554854122,0.36363636363636365,REMOVE,5.45
JPM,macro_yield_curve_10y2y,20,-0.038920522240414125,0.06942997274852544,-0.039306342082894616,0.06670987979115725,2177,-0.001443001443001448,0.0,11,4,0.6381946990015975,0.36363636363636365,REMOVE,5.45
JPM,macro_yield_curve_change_5d,0,0.012597100144796909,0.5555473181400037,0.013649007095764188,0.5230211241800825,2192,-0.01010101010101011,0.0,11,4,0.8931944514265077,0.36363636363636365,REMOVE,5.45
JPM,macro_yield_curve_change_5d,2,-0.011320731440162882,0.5964616242738876,-0.015537728931583056,0.46737629584822316,2190,-0.003607503607503605,0.0,11,4,0.9107048290087881,0.36363636363636365,REMOVE,5.45
JPM,macro_cpi_change_30d,10,-0.004521127058535693,0.835653542847753,-0.0016568002864812625,0.9394003702379529,2108,0.0007936507936507964,0.0,10,3,0.951851883396611,0.3,REMOVE,4.5
JPM,macro_unemployment_level,10,-0.002409671423348396,0.9113351418623863,-0.0062072756273990936,0.7742270988517977,2138,-0.007936507936507926,0.0,10,3,0.966567574702531,0.3,REMOVE,4.5
JPM,macro_unemployment_change,3,0.012562429863457812,0.5636581652630088,0.04423175613115218,0.041954334696807996,2115,0.009523809523809523,0.0,10,3,0.9014568196649174,0.3,REMOVE,4.5
JPM,macro_fed_funds_change_5d,0,-0.02634509531316567,0.21759211924721325,-0.005348295120613938,0.8023865061941399,2192,-0.010101010101010116,-0.007936507936507964,11,3,0.7475171798286386,0.2727272727272727,REMOVE,4.09
JPM,macro_fed_funds_change_5d,20,-0.013952061103053769,0.5157637753115111,-0.046923948794774795,0.028755431340689537,2172,-0.005050505050505053,0.0,11,3,0.8877189677570687,0.2727272727272727,REMOVE,4.09
JPM,macro_us10y_change_1d,1,-0.013189845326670523,0.5368192479452089,-0.010086970351018187,0.6366943119032196,2195,-0.00360750360750362,0.0,11,3,0.8931944514265077,0.2727272727272727,REMOVE,4.09
JPM,macro_us10y_change_1d,3,-0.0164600334178088,0.441046355068958,-0.02369345643473288,0.2673977108183323,2193,0.0,0.0,11,3,0.8767285782774785,0.2727272727272727,REMOVE,4.09
JPM,macro_us10y_change_1d,5,-0.029641388299035773,0.1654507288086072,-0.035622105857117746,0.09551812789213945,2191,-0.005772005772005767,0.0,11,3,0.7475171798286386,0.2727272727272727,REMOVE,4.09
JPM,macro_us10y_change_1d,10,-0.011623150519882957,0.587030531743978,0.003795468450451988,0.8592295141607738,2186,-0.005050505050505053,0.0,11,3,0.9075222560428762,0.2727272727272727,REMOVE,4.09
JPM,macro_us10y_change_1d,20,-0.027477406700989616,0.20010204191920256,-0.026901988288442112,0.209689553709785,2176,0.004329004329004334,0.0,11,3,0.7475171798286386,0.2727272727272727,REMOVE,4.09
JPM,macro_us10y_change_5d,0,-0.02253989945362784,0.29150624092609834,-0.0253921787644422,0.2346975911736588,2192,-0.006493506493506496,0.0,11,3,0.7475171798286386,0.2727272727272727,REMOVE,4.09
JPM,macro_us10y_change_5d,1,-0.01787449758481981,0.4030081140367911,-0.022755865345459293,0.28701657171897005,2191,-0.009379509379509382,-0.007936507936507908,11,3,0.850416680349462,0.2727272727272727,REMOVE,4.09
JPM,macro_us2y_change_1d,1,-0.0038998354861075274,0.8551062848751939,0.0006729626867280303,0.9748620975958648,2195,-0.0043290043290043385,0.0,11,3,0.9527805771391556,0.2727272727272727,REMOVE,4.09
JPM,macro_us2y_change_5d,3,-0.017824877418414826,0.4045301262468812,-0.02292151208947089,0.28374189130094835,2189,-0.010822510822510824,0.0,11,3,0.850416680349462,0.2727272727272727,REMOVE,4.09
JPM,macro_financial_conditions_change_5d,0,-0.005933778766276605,0.7827909593045079,0.0021824696284088907,0.9192353822854938,2161,-0.007215007215007219,0.0,11,3,0.9509129679108956,0.2727272727272727,REMOVE,4.09
JPM,macro_financial_conditions_change_5d,1,-0.005486174217926142,0.7988554381944003,0.008961955818861498,0.6772041568243903,2160,-0.004329004329004334,0.0,11,3,0.9509129679108956,0.2727272727272727,REMOVE,4.09
JPM,macro_financial_conditions_change_5d,5,-0.006763700930092681,0.7536131891584014,0.006071965826810575,0.7781143961323344,2156,-1.0092936587501423e-17,0.0,11,3,0.9461814409214081,0.2727272727272727,REMOVE,4.09
JPM,macro_yield_curve_change_5d,3,-0.014707325800803573,0.49160888234136024,-0.01326490193034049,0.5350639471385693,2189,-0.002164502164502172,0.0,11,3,0.8847576117472894,0.2727272727272727,REMOVE,4.09
JPM,macro_yield_curve_change_5d,5,0.009730434409402437,0.649254573580398,0.011798930619675439,0.5813011685009661,2187,-0.011544011544011534,0.0,11,3,0.9200147605480431,0.2727272727272727,REMOVE,4.09
JPM,macro_yield_curve_change_5d,20,0.02877698445705433,0.18003446771120982,0.03133166161158494,0.14436673473445755,2172,5.046468293750712e-18,0.0,11,3,0.7475171798286386,0.2727272727272727,REMOVE,4.09
JPM,macro_cpi_change_30d,5,-0.0021424556505256096,0.9215948959220438,-0.009179015728743084,0.6732480122843169,2113,-0.005555555555555552,0.0,10,2,0.9710877200171891,0.2,REMOVE,3.0
JPM,macro_unemployment_level,20,-0.01136799893112168,0.6001968540799899,-0.00975967326374422,0.6527375843947721,2128,-0.00317460317460318,0.0,10,2,0.9109986644726906,0.2,REMOVE,3.0
JPM,macro_fed_funds_change_5d,1,-0.010286318827832243,0.6303592953509574,-0.013337027375723709,0.5326586770307252,2191,-0.0028860028860028908,0.0,11,2,0.9180106017321105,0.18181818181818182,REMOVE,2.73
JPM,macro_fed_funds_change_5d,2,-0.006617205045322505,0.7569451527371265,0.017345172231532528,0.4171892836158567,2190,-0.003607503607503605,0.0,11,2,0.9461814409214081,0.18181818181818182,REMOVE,2.73
JPM,macro_fed_funds_change_5d,5,0.001815677410216943,0.9323708203219114,0.0020803747409333046,0.922540582058359,2187,0.0028860028860028756,0.0,11,2,0.975460185037446,0.18181818181818182,REMOVE,2.73
JPM,macro_us10y_change_1d,2,0.02408623530317427,0.2594366620042393,0.006732322270674435,0.7526349569746269,2194,-0.008658008658008668,-0.00793650793650802,11,2,0.7475171798286386,0.18181818181818182,REMOVE,2.73
JPM,macro_us10y_change_5d,2,-0.003905312117870628,0.8550687672307508,-0.011533235650528866,0.5895862868886753,2190,-0.004329004329004334,0.0,11,2,0.9527805771391556,0.18181818181818182,REMOVE,2.73
JPM,macro_us10y_change_5d,10,0.005154241933879681,0.8098434616823561,0.007592930381103605,0.7229777323779104,2182,0.0007215007215007139,0.0,11,2,0.9509129679108956,0.18181818181818182,REMOVE,2.73
JPM,macro_us10y_change_5d,20,0.004311275081210283,0.8408463301987577,0.005222928765967068,0.8077926230834851,2172,-0.004329004329004344,-0.015873015873015872,11,2,0.951851883396611,0.18181818181818182,REMOVE,2.73
JPM,macro_us2y_change_1d,3,-0.01017554684138365,0.6338918712914238,-0.019005447227138116,0.37368711116381775,2193,-0.005772005772005776,0.0,11,2,0.9180106017321105,0.18181818181818182,REMOVE,2.73
JPM,macro_us2y_change_1d,10,0.001597753990958471,0.9404853974428694,0.004231620035591889,0.8432518112915778,2186,-0.009379509379509387,0.0,11,2,0.978598675654858,0.18181818181818182,REMOVE,2.73
JPM,macro_us2y_change_5d,2,0.0035621353070802867,0.8676815247650291,-0.003199651857665758,0.8810404443307429,2190,-0.007215007215007215,0.0,11,2,0.9547644347474927,0.18181818181818182,REMOVE,2.73
JPM,macro_us2y_change_5d,20,-0.014582942618606721,0.49696119505664627,-0.02285500029867633,0.2870222102840645,2172,-0.0050505050505050475,0.0,11,2,0.8847576117472894,0.18181818181818182,REMOVE,2.73
JPM,macro_financial_conditions_change_5d,3,-0.007213877988534278,0.7376811413199127,0.001847492556795333,0.931645851723326,2158,-0.005772005772005767,0.0,11,2,0.9408441545212849,0.18181818181818182,REMOVE,2.73
JPM,macro_unemployment_level,2,-0.003395409787897466,0.8750864705999183,-0.003950926805354723,0.85486038142822,2146,0.001443001443001443,0.0,11,2,0.9549011113509713,0.18181818181818182,REMOVE,2.73
JPM,macro_unemployment_level,3,-0.002843108226299066,0.8953009727849128,-0.0036781946468446907,0.864810609516348,2145,-0.007936507936507938,0.0,11,2,0.9579490375379163,0.18181818181818182,REMOVE,2.73
JPM,macro_unemployment_level,5,-0.004413555332869927,0.8381999393777163,-0.004000083576818425,0.8531766718738479,2143,-0.012265512265512283,0.0,11,2,0.951851883396611,0.18181818181818182,REMOVE,2.73
JPM,macro_fed_funds_change_5d,3,-0.00852874235850484,0.6900321252588604,0.016334632075065886,0.44495140128235555,2189,-0.0043290043290043385,0.0,11,1,0.9337255051214596,0.09090909090909091,REMOVE,1.36
JPM,macro_us10y_change_5d,3,-0.028179169337576974,0.18753029655286285,-0.029004697369938586,0.1749255739503877,2189,-0.012265512265512273,-0.007936507936507908,11,1,0.7475171798286386,0.09090909090909091,REMOVE,1.36
JPM,macro_financial_conditions_change_5d,2,-0.003488699753666632,0.871298616174276,0.010834055523683217,0.6148742395514583,2159,-0.006493506493506496,0.0,11,1,0.9549011113509713,0.09090909090909091,REMOVE,1.36
JPM,macro_yield_curve_change_5d,1,-0.009272712718646516,0.6644337725693787,-0.006836011752528504,0.7491184423118435,2191,-0.012265512265512273,-0.015873015873015817,11,1,0.9200147605480431,0.09090909090909091,REMOVE,1.36
JPM,macro_us2y_change_1d,5,-0.024194922316148882,0.2576183666946404,-0.040274730492982386,0.059446945865328664,2191,-0.02020202020202021,-0.00793650793650802,11,0,0.7475171798286386,0.0,REMOVE,0.0
JPM,macro_us2y_change_5d,1,-0.011360836444137793,0.5950771446703471,-0.01132742351385884,0.5961605956595307,2191,-0.012265512265512268,-0.00793650793650802,11,0,0.9107048290087881,0.0,REMOVE,0.0
JPM,macro_hy_spread_change_5d,0,-0.03342649016860219,0.3622488850787857,-0.053236105099602284,0.14659826156591854,745,,,0,0,0.8158250034694534,,REMOVE,0.0
JPM,macro_hy_spread_change_5d,1,-0.021884076317168207,0.5511847598693159,-0.0076081333037856655,0.8358721930435723,744,,,0,0,0.8931944514265077,,REMOVE,0.0
JPM,macro_hy_spread_change_5d,2,-0.025424363875930122,0.48896055286406964,-0.015368283663859643,0.6757800789263572,743,,,0,0,0.8847576117472894,,REMOVE,0.0
JPM,macro_hy_spread_change_5d,3,-0.02105559176283768,0.5668857391766129,-0.02116521883756853,0.5648678670789707,742,,,0,0,0.9027985325212923,,REMOVE,0.0
JPM,macro_hy_spread_change_5d,5,-0.03207375874057848,0.38361779354455194,-0.022305797914218363,0.5446257117072127,740,,,0,0,0.8331555897984303,,REMOVE,0.0
JPM,macro_hy_spread_change_5d,10,0.022396407970997605,0.5443626931279799,0.03587520849597115,0.33141590069894666,735,,,0,0,0.8931944514265077,,REMOVE,0.0
JPM,macro_hy_spread_change_5d,20,0.02555696256923755,0.4920404405549382,0.035015433905074195,0.34645827315911176,725,,,0,0,0.8847576117472894,,REMOVE,0.0
MSFT,macro_cpi_yoy,1,-0.06325048661989562,0.005881134329725128,-0.06103127890918998,0.007871942796131948,1895,0.019400352733686052,0.015873015873015817,9,7,0.21329491055857724,0.7777777777777778,REMOVE,66.67
MSFT,macro_cpi_yoy,10,-0.06317867596128636,0.006057489547809912,-0.05798639355139233,0.01177927009375514,1886,0.021825396825396817,0.011904761904761946,8,6,0.21329491055857724,0.75,REMOVE,66.25
MSFT,macro_us10y_change_1d,3,0.029417952836523716,0.16846897988584228,0.02918460036258341,0.17187262710335335,2193,0.012987012987013002,0.007936507936507964,11,8,0.7475171798286386,0.7272727272727273,REMOVE,65.91
MSFT,macro_us10y_change_5d,1,-0.04999604369137273,0.019265733109985514,-0.05311058576174343,0.012906358444513443,2191,0.011544011544011558,0.007936507936507964,11,8,0.46136360868649523,0.7272727272727273,REMOVE,65.91
MSFT,macro_us2y_change_1d,3,0.024885490659915806,0.24406332249910695,0.02961807094987092,0.1655905666075512,2193,0.008658008658008668,0.007936507936507908,11,8,0.7475171798286386,0.7272727272727273,REMOVE,65.91
MSFT,macro_cpi_change_30d,20,-0.049777556661420246,0.022603989557604526,-0.0504247668548961,0.020902254846968078,2098,0.026190476190476198,0.019841269841269882,10,7,0.48304941343198154,0.7,REMOVE,65.5
MSFT,macro_cpi_yoy,0,-0.06302719842705184,0.006045223786641792,-0.06014500703122769,0.008804755065246046,1896,0.011463844797178145,0.007936507936507964,9,6,0.21329491055857724,0.6666666666666666,REMOVE,65.0
MSFT,macro_cpi_yoy,2,-0.06323285145652037,0.0059080944637437465,-0.05950212030124009,0.009594127235964143,1894,0.024691358024691357,0.015873015873015872,9,6,0.21329491055857724,0.6666666666666666,REMOVE,65.0
MSFT,macro_cpi_yoy,3,-0.06317833032815333,0.005964374960708225,-0.05960776337341223,0.009485402184267468,1893,0.027336860670194,0.015873015873015872,9,6,0.21329491055857724,0.6666666666666666,REMOVE,65.0
MSFT,macro_us10y_change_5d,20,0.029905402258128013,0.16354656059133316,0.02284956886672244,0.28713679284701965,2172,0.0101010101010101,0.007936507936507908,11,7,0.7475171798286386,0.6363636363636364,REMOVE,64.55
MSFT,macro_financial_conditions_change_5d,2,0.004678001974502499,0.8280222022593233,-0.0014962614676430628,0.9446046659514081,2159,0.007936507936507943,0.007936507936507908,11,7,0.951851883396611,0.6363636363636364,REMOVE,64.55
MSFT,macro_financial_conditions_change_5d,5,0.009559554621471988,0.6573107634258321,0.007462342250434441,0.729116572159212,2156,0.007215007215007215,0.007936507936507908,11,7,0.9200147605480431,0.6363636363636364,REMOVE,64.55
MSFT,macro_cpi_yoy,20,-0.06417010259890778,0.005429178132743406,-0.06126450472216786,0.007948185010104691,1876,0.03472222222222223,0.007936507936507908,8,5,0.21329491055857724,0.625,REMOVE,64.38
MSFT,macro_financial_conditions_change_5d,20,0.023469232895960028,0.27771849852826375,-0.005038009895090741,0.8157778674560254,2141,0.007936507936507969,0.007936507936507936,10,6,0.7475171798286386,0.6,REMOVE,64.0
MSFT,macro_cpi_change_30d,5,-0.049807567933484446,0.022045113902635083,-0.030107174326622018,0.1665292022124165,2113,0.02777777777777779,0.023809523809523808,10,6,0.48304941343198154,0.6,REMOVE,64.0
MSFT,macro_cpi_change_30d,10,-0.056156771456306286,0.009913571882266898,-0.032984393769883075,0.13004489985716403,2108,0.030158730158730156,0.0357142857142857,10,6,0.30151686581645964,0.6,REMOVE,64.0
MSFT,macro_us10y_change_1d,20,0.011124504106582922,0.6040052146356208,0.009242538094468306,0.6665382995396499,2176,0.0036075036075036097,0.007936507936507964,11,7,0.9109986644726906,0.6363636363636364,REMOVE,39.55
MSFT,macro_unemployment_level,2,0.021734672881228757,0.3142281724581097,0.0036795836661783292,0.8647287949224272,2146,0.004329004329004349,0.00793650793650802,11,7,0.7691928837854805,0.6363636363636364,REMOVE,39.55
MSFT,macro_cpi_change_30d,3,-0.03355612329438061,0.12289411054774435,-0.01999221487656133,0.35810977373948316,2115,0.004761904761904773,0.007936507936507908,10,6,0.7309388274408324,0.6,REMOVE,39.0
MSFT,macro_unemployment_level,10,0.02423500410007575,0.2626712810123027,0.009550054566757995,0.6589725661059617,2138,0.0047619047619047675,0.007936507936507936,10,6,0.7475171798286386,0.6,REMOVE,39.0
MSFT,macro_cpi_yoy,5,-0.06304971525990821,0.006094140301673635,-0.05803644731525565,0.011595850126978311,1891,0.02204585537918872,0.023809523809523836,9,5,0.21329491055857724,0.5555555555555556,REMOVE,38.33
MSFT,macro_us10y_change_1d,2,-0.047535964054696386,0.02597524489699944,-0.061109484035246776,0.004190910744473574,2194,0.011544011544011558,0.007936507936507964,11,6,0.5138581055710759,0.5454545454545454,REMOVE,38.18
MSFT,macro_us10y_change_5d,10,0.004390277128487686,0.8376021387367254,-0.014018792846904785,0.5127889992149974,2182,0.002886002886002896,0.007936507936507964,11,6,0.951851883396611,0.5454545454545454,REMOVE,38.18
MSFT,macro_us2y_change_1d,5,-0.04321167754665096,0.04313011775162486,-0.04187212087178249,0.050031311992047196,2191,0.014430014430014439,0.015873015873015872,11,6,0.5683815385759048,0.5454545454545454,REMOVE,38.18
MSFT,macro_us2y_change_5d,20,0.024016394948780124,0.26322785320408,0.00670481765609896,0.7548127033148992,2172,0.005050505050505053,0.007936507936507908,11,6,0.7475171798286386,0.5454545454545454,REMOVE,38.18
MSFT,macro_financial_conditions_change_5d,1,1.3257935916740834e-05,0.9995086495506409,9.231007953969143e-05,0.9965789197252459,2160,0.009379509379509382,0.007936507936507908,11,6,0.9999801193983082,0.5454545454545454,REMOVE,38.18
MSFT,macro_unemployment_level,20,0.014709901025419966,0.4976389305934196,0.0022421666893791756,0.9176684736119232,2128,0.007936507936507926,0.003968253968253954,10,5,0.8847576117472894,0.5,REMOVE,37.5
MSFT,macro_unemployment_change,2,0.02941986342306686,0.1761173419268872,0.011049565703881268,0.6114567181235142,2116,0.001587301587301576,0.003968253968253954,10,5,0.7475171798286386,0.5,REMOVE,37.5
MSFT,macro_unemployment_change,5,0.04732815275885839,0.029593947692239015,0.03261765824979707,0.13390998993779168,2113,0.005555555555555558,0.003968253968253954,10,5,0.5496018857130103,0.5,REMOVE,37.5
MSFT,macro_unemployment_change,20,0.015497626057416277,0.4780317868605462,0.017598549896501572,0.4204361883703306,2098,0.0023809523809523725,0.003968253968253954,10,5,0.8847576117472894,0.5,REMOVE,37.5
MSFT,macro_fed_funds_change_5d,1,0.009189499208544548,0.6672634527051741,-0.017311767424123197,0.4179806776393278,2191,0.005050505050505058,0.0,11,5,0.9200147605480431,0.45454545454545453,REMOVE,6.82
MSFT,macro_fed_funds_change_5d,2,0.003111639428507887,0.8842893031053849,-0.006856516554516976,0.7484468639111822,2190,0.002886002886002896,0.0,11,5,0.9550851186455056,0.45454545454545453,REMOVE,6.82
MSFT,macro_fed_funds_change_5d,20,-0.04078687007968073,0.05736002481056463,-0.0475752500263512,0.026608719724606454,2172,0.0064935064935064905,0.0,11,5,0.5933975992534858,0.45454545454545453,REMOVE,6.82
MSFT,macro_us10y_change_1d,5,-0.04281547384348769,0.04508216584258214,-0.039288106751456074,0.065964800337307,2191,0.006493506493506506,0.0,11,5,0.5683815385759048,0.45454545454545453,REMOVE,6.82
MSFT,macro_us10y_change_5d,3,-0.019844081452644866,0.35340697675938965,-0.02393225675722194,0.2630406444872822,2189,0.001443001443001443,0.0,11,5,0.8080410775151874,0.45454545454545453,REMOVE,6.82
MSFT,macro_us10y_change_5d,5,-0.015964411855455652,0.45554517168270664,-0.02202105260122915,0.3033111177566479,2187,0.003607503607503625,0.0,11,5,0.8804841151712511,0.45454545454545453,REMOVE,6.82
MSFT,macro_us2y_change_1d,20,-0.007297340163180484,0.7336965437891613,-0.01456385617636759,0.4971284833829573,2176,0.005050505050505053,0.0,11,5,0.9403716265466715,0.45454545454545453,REMOVE,6.82
MSFT,macro_us2y_change_5d,1,-0.04883055943505529,0.022270303818229968,-0.053913069041284664,0.011603950978566193,2191,0.010822510822510834,0.0,11,5,0.48304941343198154,0.45454545454545453,REMOVE,6.82
MSFT,macro_us2y_change_5d,2,-0.02444366005873282,0.2528649321407936,-0.03906563780370229,0.06757572438205982,2190,0.002886002886002906,0.0,11,5,0.7475171798286386,0.45454545454545453,REMOVE,6.82
MSFT,macro_us2y_change_5d,5,-0.0133641794249742,0.5321998731925986,-0.015299397162891101,0.47453810934459895,2187,0.0014430014430014378,0.0,11,5,0.8915195271135341,0.45454545454545453,REMOVE,6.82
MSFT,macro_financial_conditions_change_5d,0,-0.003456129121285034,0.8724312456909705,-0.0018600520870170104,0.9311345651491865,2161,0.0072150072150072245,0.0,11,5,0.9549011113509713,0.45454545454545453,REMOVE,6.82
MSFT,macro_financial_conditions_change_5d,3,-0.00015959731473498684,0.9940879827900599,-0.0022575932544182664,0.9165232138632704,2158,0.002886002886002886,0.0,11,5,0.99961506003799,0.45454545454545453,REMOVE,6.82
MSFT,macro_financial_conditions_change_5d,10,0.005495818175656004,0.7989211214730902,-0.0029717078344748257,0.8904422268333319,2151,0.005772005772005772,0.0,11,5,0.9509129679108956,0.45454545454545453,REMOVE,6.82
MSFT,macro_unemployment_level,0,0.027903901744364936,0.1960983397054565,0.006460264474507378,0.7647572209905578,2148,0.0036075036075036097,0.0,11,5,0.7475171798286386,0.45454545454545453,REMOVE,6.82
MSFT,macro_unemployment_level,3,0.02381799436450691,0.2701907275917062,0.00687663617775634,0.7502546243601886,2145,0.005050505050505038,0.0,11,5,0.7475171798286386,0.45454545454545453,REMOVE,6.82
MSFT,macro_unemployment_level,5,0.02529328038950324,0.2418422594917022,0.007171771149616338,0.7400326410193322,2143,0.0050505050505050275,0.0,11,5,0.7475171798286386,0.45454545454545453,REMOVE,6.82
MSFT,macro_yield_curve_10y2y,3,0.00991129348416944,0.6426525180320743,0.006533832436914789,0.7597001491562033,2194,-0.007936507936507934,0.0,11,5,0.9200147605480431,0.45454545454545453,REMOVE,6.82
MSFT,macro_yield_curve_change_5d,3,0.008189030174074156,0.7017748654428453,0.0018666401863973875,0.930445596606509,2189,0.003607503607503615,0.0,11,5,0.9359538158433817,0.45454545454545453,REMOVE,6.82
MSFT,macro_cpi_change_30d,1,-0.034136362667035174,0.11637472126662843,-0.021180123519517414,0.33003193030998174,2117,1.6653345369377347e-17,0.0,10,4,0.7155472726529181,0.4,REMOVE,6.0
MSFT,macro_unemployment_change,3,0.034818041094510706,0.10942341399223002,0.02309085157432003,0.28848913190942044,2115,0.003968253968253965,0.0,10,4,0.696330816314191,0.4,REMOVE,6.0
MSFT,macro_fed_funds_change_5d,10,-0.028892782928495456,0.17729053590039795,-0.003479205104599643,0.8709691491729336,2182,-0.005050505050505053,0.0,11,4,0.7475171798286386,0.36363636363636365,REMOVE,5.45
MSFT,macro_us10y_change_1d,0,-0.0033547366431720465,0.8751511284249561,0.008287993567187388,0.6978877712846431,2196,-0.013708513708513696,-0.007936507936507964,11,4,0.9549011113509713,0.36363636363636365,REMOVE,5.45
MSFT,macro_us10y_change_1d,1,-0.034563493124810274,0.10547103776863685,-0.03712198368173881,0.08206920094481307,2195,-0.001443001443001443,0.0,11,4,0.693592842439892,0.36363636363636365,REMOVE,5.45
MSFT,macro_us10y_change_1d,10,-0.0010768698796079063,0.9598674483943783,0.004890983019353106,0.8192210910764681,2186,-0.007936507936507938,0.0,11,4,0.985237304900389,0.36363636363636365,REMOVE,5.45
MSFT,macro_us10y_change_5d,2,-0.021208179245001367,0.3211812623024079,-0.0200471694593619,0.34839102814231354,2190,0.002886002886002901,0.0,11,4,0.7711740071113223,0.36363636363636365,REMOVE,5.45
MSFT,macro_us2y_change_1d,2,-0.030547108369712285,0.1526167000743267,-0.04127131449860015,0.0532514063960122,2194,0.008658008658008663,0.0,11,4,0.7475171798286386,0.36363636363636365,REMOVE,5.45
MSFT,macro_us2y_change_1d,10,-0.005570863312359209,0.7946192855907092,0.0025492057764972304,0.9051808250588191,2186,-0.004329004329004319,0.0,11,4,0.9509129679108956,0.36363636363636365,REMOVE,5.45
MSFT,macro_us2y_change_5d,0,-0.029368428168666173,0.16928442678661812,-0.03877660525235854,0.06950528632680072,2192,0.001443001443001448,0.0,11,4,0.7475171798286386,0.36363636363636365,REMOVE,5.45
MSFT,macro_us2y_change_5d,3,-0.024601751012468174,0.24991632100755592,-0.02540482586505617,0.23478531910747888,2189,0.0028860028860028908,0.0,11,4,0.7475171798286386,0.36363636363636365,REMOVE,5.45
MSFT,macro_us2y_change_5d,10,-0.007509694849263258,0.7258915189395404,-0.026136010099349346,0.2223242204914527,2182,-0.0014430014430014328,0.0,11,4,0.9403716265466715,0.36363636363636365,REMOVE,5.45
MSFT,macro_unemployment_level,1,0.024800430885767957,0.2506988690915127,0.005040365242066107,0.8154395688191743,2147,0.002886002886002881,0.0,11,4,0.7475171798286386,0.36363636363636365,REMOVE,5.45
MSFT,macro_yield_curve_10y2y,0,0.008529867168064928,0.6894562487799348,0.003882074528394089,0.8556938725564853,2197,-0.011544011544011539,0.0,11,4,0.9337255051214596,0.36363636363636365,REMOVE,5.45
MSFT,macro_yield_curve_10y2y,2,0.008002352906213898,0.7078766828081028,0.0033405755559882794,0.8757019633520863,2195,-0.0101010101010101,-0.007936507936507964,11,4,0.9359538158433817,0.36363636363636365,REMOVE,5.45
MSFT,macro_yield_curve_10y2y,5,0.008625816306536263,0.6864866488287688,0.004871586386983757,0.819682716570968,2192,-0.0050505050505050475,0.0,11,4,0.9337255051214596,0.36363636363636365,REMOVE,5.45
MSFT,macro_yield_curve_10y2y,10,0.009405472045146848,0.6602205722304404,0.003241189224084352,0.8795898612909556,2187,-0.007936507936507934,0.0,11,4,0.9200147605480431,0.36363636363636365,REMOVE,5.45
MSFT,macro_yield_curve_change_5d,10,0.018121812325766543,0.3975034403104801,0.013101388083215605,0.5407587133652025,2182,0.007936507936507938,0.0,11,4,0.850416680349462,0.36363636363636365,REMOVE,5.45
MSFT,macro_yield_curve_change_5d,20,0.007892393275953381,0.7131590088462914,0.012903984006836882,0.5477964264377725,2172,-0.0007215007215007139,0.0,11,4,0.9359538158433817,0.36363636363636365,REMOVE,5.45
MSFT,macro_cpi_change_30d,0,-0.027996898547122433,0.19776071033379222,-0.010688397101896495,0.6229864303355624,2118,-5.551115123125783e-18,-0.003968253968253954,10,3,0.7475171798286386,0.3,REMOVE,4.5
MSFT,macro_cpi_change_30d,2,-0.03483783591600414,0.10913796275184964,-0.0244148571577334,0.2616128852356983,2116,0.0015873015873015927,0.0,10,3,0.696330816314191,0.3,REMOVE,4.5
MSFT,macro_unemployment_change,0,0.030838186360342922,0.1559788001535132,0.0030561453848355377,0.8882124876682115,2118,-5.551115123125783e-18,0.0,10,3,0.7475171798286386,0.3,REMOVE,4.5
MSFT,macro_unemployment_change,10,0.04398881147030668,0.04344190730682494,0.03085916066264554,0.15667821846045724,2108,0.0015873015873015984,0.0,10,3,0.5683815385759048,0.3,REMOVE,4.5
MSFT,macro_fed_funds_change_5d,0,-0.005208547150532709,0.8074473102862298,-0.010442591168781075,0.6250937356801226,2192,-0.001443001443001448,0.0,11,3,0.9509129679108956,0.2727272727272727,REMOVE,4.09
MSFT,macro_fed_funds_change_5d,3,-0.01116526851817231,0.6015975579707821,-0.002243475570231881,0.9164511052492015,2189,-0.0007215007215007139,0.0,11,3,0.9109986644726906,0.2727272727272727,REMOVE,4.09
MSFT,macro_us10y_change_5d,0,-0.031377553070518066,0.14194592786939694,-0.03660283747494967,0.08665781993768566,2192,-0.012265512265512273,-0.007936507936507964,11,3,0.7475171798286386,0.2727272727272727,REMOVE,4.09
MSFT,macro_yield_curve_10y2y,1,0.00844302588700273,0.6925221653722369,0.004268506898729687,0.8415465514227369,2196,-0.012987012987012986,-0.007936507936507964,11,3,0.9337255051214596,0.2727272727272727,REMOVE,4.09
MSFT,macro_yield_curve_change_5d,0,-0.0018228912023988963,0.9320253025064054,0.0003288114468334203,0.987724410769124,2192,-0.001443001443001448,0.0,11,3,0.975460185037446,0.2727272727272727,REMOVE,4.09
MSFT,macro_yield_curve_change_5d,1,0.0002970973367955221,0.9889108532987737,0.013763712244507063,0.5196296948387241,2191,-0.004329004329004324,-0.007936507936507908,11,3,0.99961506003799,0.2727272727272727,REMOVE,4.09
MSFT,macro_unemployment_change,1,0.02859348728525681,0.1884752782996573,0.004461315625139834,0.8374558775128561,2117,-0.0007936507936507908,0.0,10,2,0.7475171798286386,0.2,REMOVE,3.0
MSFT,macro_us2y_change_1d,0,-0.001974968362899417,0.9263028795089969,0.0032769369862664763,0.8780235814723752,2196,-0.010822510822510815,0.0,11,2,0.9733667671514864,0.18181818181818182,REMOVE,2.73
MSFT,macro_us2y_change_1d,1,-0.03543055022395978,0.09700983505814453,-0.014057503761097465,0.5103691210655832,2195,-0.006493506493506481,-0.007936507936507964,11,2,0.678655023178252,0.18181818181818182,REMOVE,2.73
MSFT,macro_yield_curve_10y2y,20,0.0015244243549800184,0.9433290803712306,-0.0035070034702117127,0.8700952829257014,2177,-0.007936507936507943,0.0,11,2,0.978598675654858,0.18181818181818182,REMOVE,2.73
MSFT,macro_yield_curve_change_5d,2,0.00589185139578764,0.7828794977358475,0.0028872572511196683,0.8925807419264251,2190,-0.0021645021645021567,0.0,11,2,0.9509129679108956,0.18181818181818182,REMOVE,2.73
MSFT,macro_yield_curve_change_5d,5,-0.0032961622908165146,0.8775635729923256,0.006532557527744118,0.7601178121595694,2187,-0.006493506493506485,-0.007936507936507908,11,2,0.9550851186455056,0.18181818181818182,REMOVE,2.73
MSFT,macro_fed_funds_change_5d,5,0.005645404656632684,0.7918873262343881,0.0005558940159716338,0.9792719110006107,2187,-0.0050505050505050475,0.0,11,0,0.9509129679108956,0.0,REMOVE,0.0
MSFT,macro_hy_spread_change_5d,0,-0.016286162147175584,0.6571808789957082,-0.005929781244241057,0.8716356807440043,745,,,0,0,0.9200147605480431,,REMOVE,0.0
MSFT,macro_hy_spread_change_5d,1,0.015831260718570973,0.6663809925858016,0.035771774386535074,0.32986035537385483,744,,,0,0,0.9200147605480431,,REMOVE,0.0
MSFT,macro_hy_spread_change_5d,2,0.022376433646863397,0.5425332325906511,0.06891941066041989,0.060425339272144475,743,,,0,0,0.8931944514265077,,REMOVE,0.0
MSFT,macro_hy_spread_change_5d,3,0.007502554065962317,0.838333596122263,0.04233479069110971,0.24942044939725264,742,,,0,0,0.951851883396611,,REMOVE,0.0
MSFT,macro_hy_spread_change_5d,5,-0.014311634111189074,0.6975126568420131,-0.000729169154372563,0.9842013096082916,740,,,0,0,0.9348107772109454,,REMOVE,0.0
MSFT,macro_hy_spread_change_5d,10,-0.05375990644779047,0.14537853247137716,-0.056015829623032566,0.1292047619368572,735,,,0,0,0.7475171798286386,,REMOVE,0.0
MSFT,macro_hy_spread_change_5d,20,0.006671903413703007,0.8576719088129737,-0.00397399028354661,0.9149327718468615,725,,,0,0,0.9541337860877824,,REMOVE,0.0
NVDA,macro_cpi_change_30d,10,-0.011328336742397315,0.6031850927454863,0.006285086833287048,0.7730416125773172,2108,0.016666666666666656,0.007936507936507964,10,6,0.9109986644726906,0.6,REMOVE,64.0
NVDA,macro_cpi_change_30d,20,-0.033794407129545526,0.12175811491511376,-0.029204857538209086,0.18116218030029305,2098,0.015873015873015883,0.01190476190476189,10,6,0.7289466090312733,0.6,REMOVE,64.0
NVDA,macro_cpi_change_30d,2,-0.025026140443025282,0.2498546761609637,-0.011155538455294139,0.6080440059267578,2116,0.002380952380952367,0.007936507936507908,10,6,0.7475171798286386,0.6,REMOVE,39.0
NVDA,macro_unemployment_level,20,0.036037009765729204,0.09652093010774729,0.00690131640290731,0.7503512960243254,2128,5.551115123125783e-18,0.007936507936507908,10,6,0.678655023178252,0.6,REMOVE,39.0
NVDA,macro_cpi_yoy,2,-0.03432298174278748,0.13538647609644913,-0.02856073554988389,0.214089305841292,1894,0.0008818342151675454,0.007936507936507908,9,5,0.7333434121890994,0.5555555555555556,REMOVE,38.33
NVDA,macro_cpi_change_30d,3,-0.02796018388958913,0.1986680438913573,-0.015552076987467325,0.4747036632137307,2115,0.00634920634920636,0.003968253968253954,10,5,0.7475171798286386,0.5,REMOVE,37.5
NVDA,macro_cpi_change_30d,5,-0.02088627873027885,0.3372444556043436,-0.00519915609337616,0.8112205200932853,2113,0.011111111111111122,0.007936507936507908,10,5,0.7910549899778611,0.5,REMOVE,37.5
NVDA,macro_unemployment_change,1,-0.01057741158437982,0.6266821323117274,0.0256137613966196,0.23879317450300439,2117,0.004761904761904789,0.003968253968253982,10,5,0.9180106017321105,0.5,REMOVE,37.5
NVDA,macro_unemployment_level,3,0.023698024053812612,0.27261166651538704,0.006664073133961571,0.7577290128444637,2145,-0.0007215007215007189,0.0,11,5,0.7475171798286386,0.45454545454545453,REMOVE,6.82
NVDA,macro_yield_curve_change_5d,2,0.033694877210588614,0.11493797893003539,0.02350129890762154,0.27162657348832986,2190,-0.0007215007215006987,0.0,11,5,0.7155472726529181,0.45454545454545453,REMOVE,6.82
NVDA,macro_cpi_yoy,1,-0.03476110703997807,0.13036472337327204,-0.02900795436367797,0.20687863130508652,1895,-0.0026455026455026484,0.0,9,4,0.732295668331343,0.4444444444444444,REMOVE,6.67
NVDA,macro_cpi_change_30d,1,-0.02395419657401598,0.27060929641302933,-0.010963632160128491,0.6141465215530927,2117,-0.0007936507936507908,0.0,10,4,0.7475171798286386,0.4,REMOVE,6.0
NVDA,macro_cpi_yoy,20,-0.034114585820740576,0.13966388685822875,-0.03260897701808981,0.15800276803891605,1876,-0.011904761904761904,0.0,8,3,0.7475171798286386,0.375,REMOVE,5.62
NVDA,macro_us10y_change_1d,5,-0.02609166168255791,0.22215703021249772,-0.018766206949094876,0.3799508389829188,2191,-0.005772005772005756,0.0,11,4,0.7475171798286386,0.36363636363636365,REMOVE,5.45
NVDA,macro_us10y_change_1d,10,0.0095720017604945,0.6546655870691961,0.011417239300192302,0.5936726861991837,2186,-0.012265512265512257,-0.007936507936507908,11,4,0.9200147605480431,0.36363636363636365,REMOVE,5.45
NVDA,macro_us10y_change_5d,5,-0.015321653356051639,0.4738955178664168,-0.01911829842001859,0.3715119396144249,2187,-0.007936507936507919,0.0,11,4,0.8847576117472894,0.36363636363636365,REMOVE,5.45
NVDA,macro_us2y_change_1d,0,-0.007441039629983651,0.7274612961347164,0.010378426589055377,0.6269070452801805,2196,1.0092936587501423e-17,0.0,11,4,0.9403716265466715,0.36363636363636365,REMOVE,5.45
NVDA,macro_us2y_change_1d,2,-0.012842483412006476,0.5476895504544965,-0.012690674723607622,0.5524329788969229,2194,0.0007215007215007341,0.0,11,4,0.8931944514265077,0.36363636363636365,REMOVE,5.45
NVDA,macro_financial_conditions_change_5d,3,-0.00967934943399541,0.6531451516511476,-0.00024324784155306282,0.9909893970911618,2158,0.0014430014430014378,0.0,11,4,0.9200147605480431,0.36363636363636365,REMOVE,5.45
NVDA,macro_cpi_yoy,0,-0.03499527276073407,0.12769275122324983,-0.030121794520885002,0.18984821253414644,1896,-0.012345679012345697,-0.00793650793650802,9,3,0.732295668331343,0.3333333333333333,REMOVE,5.0
NVDA,macro_financial_conditions_change_5d,20,-0.01832527804368285,0.3967143491081994,-0.023336169237490403,0.2804527234781708,2141,-0.005555555555555552,0.0,10,3,0.850416680349462,0.3,REMOVE,4.5
NVDA,macro_cpi_change_30d,0,-0.023032199646160254,0.28937369760068293,-0.009083197434894575,0.6761033408704046,2118,-1.6653345369377347e-17,0.0,10,3,0.7475171798286386,0.3,REMOVE,4.5
NVDA,macro_unemployment_level,10,0.027642952298942817,0.20136734852036384,0.006566836266543952,0.7615344224161067,2138,-0.003968253968253977,-0.007936507936507908,10,3,0.7475171798286386,0.3,REMOVE,4.5
NVDA,macro_unemployment_change,2,-0.01201469235293608,0.5806954221109758,0.026623336004967895,0.22088931983966012,2116,0.002380952380952367,0.0,10,3,0.9064028029519519,0.3,REMOVE,4.5
NVDA,macro_unemployment_change,20,0.01837979574885374,0.4001035996733131,0.03559286492724373,0.10313576328214151,2098,-0.003968253968253977,-0.003968253968253954,10,3,0.850416680349462,0.3,REMOVE,4.5
NVDA,macro_us10y_change_1d,0,0.010503310782900383,0.6227658575529152,0.02846113393575993,0.18245238106077025,2196,-0.008658008658008648,-0.007936507936507908,11,3,0.915536236467129,0.2727272727272727,REMOVE,4.09
NVDA,macro_us2y_change_1d,3,0.02680623274629954,0.20953988166102358,0.035690229943896874,0.09473466676054391,2193,-0.005772005772005767,-0.007936507936507908,11,3,0.7475171798286386,0.2727272727272727,REMOVE,4.09
NVDA,macro_us2y_change_1d,20,-0.0242133779295437,0.2588924161270694,-0.044302616385441355,0.03878709333973115,2176,-0.005772005772005767,0.0,11,3,0.7475171798286386,0.2727272727272727,REMOVE,4.09
NVDA,macro_us2y_change_5d,5,-0.027146320500023146,0.20443541732021736,-0.027292140836747972,0.20201382903337686,2187,-0.007215007215007215,-0.007936507936507908,11,3,0.7475171798286386,0.2727272727272727,REMOVE,4.09
NVDA,macro_financial_conditions_change_5d,1,-0.003810168664035392,0.859525061326838,-0.003617372997271563,0.8665647629086447,2160,-0.004329004329004319,0.0,11,3,0.9545868920371906,0.2727272727272727,REMOVE,4.09
NVDA,macro_unemployment_level,2,0.027687434372636207,0.19980153687332072,0.009926902535271414,0.6457986579900661,2146,-0.005772005772005776,0.0,11,3,0.7475171798286386,0.2727272727272727,REMOVE,4.09
NVDA,macro_cpi_yoy,10,-0.0330618550937164,0.15121471966652014,-0.02871496871494001,0.21259305889046357,1886,-0.0069444444444444545,-0.00396825396825401,8,2,0.7475171798286386,0.25,REMOVE,3.75
NVDA,macro_cpi_yoy,3,-0.03498844720030893,0.12806936671213767,-0.029529284998697797,0.1990685441512524,1893,-0.00617283950617283,0.0,9,2,0.732295668331343,0.2222222222222222,REMOVE,3.33
NVDA,macro_cpi_yoy,5,-0.03443344722023279,0.13444168949414242,-0.03005859789728037,0.19136627599202727,1891,-0.0070546737213404,-0.007936507936507908,9,2,0.7333434121890994,0.2222222222222222,REMOVE,3.33
NVDA,macro_unemployment_change,3,-0.013519731061472778,0.5343223387141132,0.02879319397879058,0.18561415529429556,2115,-1.1102230246251566e-17,0.0,10,2,0.8921712444584275,0.2,REMOVE,3.0
NVDA,macro_fed_funds_change_5d,20,0.006866401550381295,0.7491000228139073,-0.020753026962792038,0.3336758437110067,2172,-0.007215007215007205,0.0,11,2,0.9453837151663301,0.18181818181818182,REMOVE,2.73
NVDA,macro_us10y_change_1d,1,-0.04121968892286851,0.053495780306279855,-0.04847386284686375,0.023142015028357447,2195,-0.0007215007215007189,0.0,11,2,0.5768024053024731,0.18181818181818182,REMOVE,2.73
NVDA,macro_us10y_change_5d,1,-0.02150464984428062,0.31435105652355605,-0.025310708916291336,0.2363100424079067,2191,-0.0021645021645021467,0.0,11,2,0.7691928837854805,0.18181818181818182,REMOVE,2.73
NVDA,macro_us10y_change_5d,10,-0.015976593700489188,0.45571771534613026,-0.019512200989293533,0.36228689506830036,2182,-0.007215007215007215,-0.007936507936507908,11,2,0.8804841151712511,0.18181818181818182,REMOVE,2.73
NVDA,macro_us10y_change_5d,20,-0.008773961969450161,0.6827741297575188,-0.012338368128041606,0.5654826693373125,2172,-0.011544011544011539,0.0,11,2,0.9335370022904369,0.18181818181818182,REMOVE,2.73
NVDA,macro_us2y_change_1d,10,0.025119592388011598,0.24040625967909554,0.02460770173479319,0.25012687690627255,2186,-0.012265512265512257,0.0,11,2,0.7475171798286386,0.18181818181818182,REMOVE,2.73
NVDA,macro_us2y_change_5d,0,-0.012601407223995453,0.5554121517894903,-0.008782824610311027,0.6810911007677563,2192,-0.007215007215007205,0.0,11,2,0.8931944514265077,0.18181818181818182,REMOVE,2.73
NVDA,macro_us2y_change_5d,3,-0.012655537070768778,0.5539865699264762,-0.006258080732697039,0.7698043040312035,2189,-0.0036075036075035797,0.0,11,2,0.8931944514265077,0.18181818181818182,REMOVE,2.73
NVDA,macro_us2y_change_5d,10,-0.016256001370952775,0.4478744175602371,-0.018030691572008636,0.39988123695886807,2182,-0.010822510822510824,-0.007936507936507908,11,2,0.8804841151712511,0.18181818181818182,REMOVE,2.73
NVDA,macro_financial_conditions_change_5d,0,-0.007080488417122305,0.7421850064868576,-0.010556715993350516,0.6237977400536693,2161,-0.005050505050505038,0.0,11,2,0.9408441545212849,0.18181818181818182,REMOVE,2.73
NVDA,macro_unemployment_level,0,0.03522924637293041,0.10261435392614005,0.013220615345950511,0.5402733917504521,2148,-0.006493506493506496,0.0,11,2,0.693592842439892,0.18181818181818182,REMOVE,2.73
NVDA,macro_unemployment_level,1,0.03075444969738932,0.15429108694608543,0.01130016291870172,0.6007563903689354,2147,-0.005772005772005772,0.0,11,2,0.7475171798286386,0.18181818181818182,REMOVE,2.73
NVDA,macro_unemployment_level,5,0.024780295413719886,0.25152639375409824,0.006464314586277762,0.764880440103383,2143,-0.005772005772005776,-0.007936507936507908,11,2,0.7475171798286386,0.18181818181818182,REMOVE,2.73
NVDA,macro_yield_curve_change_5d,0,0.012642981114048456,0.5541082904569987,0.003505996962274163,0.8696890719086978,2192,-0.002886002886002871,0.0,11,2,0.8931944514265077,0.18181818181818182,REMOVE,2.73
NVDA,macro_yield_curve_change_5d,1,-0.0027700547629674137,0.8968929450354997,-0.0063521061341708365,0.7663417162403975,2191,-0.001443001443001443,0.0,11,2,0.9579490375379163,0.18181818181818182,REMOVE,2.73
NVDA,macro_yield_curve_change_5d,20,0.0014987804545484517,0.9443448289263742,0.007062061454294347,0.7422010093989602,2172,-0.008658008658008658,-0.007936507936507908,11,2,0.978598675654858,0.18181818181818182,REMOVE,2.73
NVDA,macro_unemployment_change,0,-0.005592363623671954,0.7970086781340323,0.02941232953455385,0.17602367272881345,2118,-0.0007936507936508075,0.0,10,1,0.9509129679108956,0.1,REMOVE,1.5
NVDA,macro_unemployment_change,5,-0.007238027421324531,0.7394961633281647,0.026067085435056918,0.23102211305128878,2113,-0.002380952380952378,0.0,10,1,0.9408441545212849,0.1,REMOVE,1.5
NVDA,macro_unemployment_change,10,0.0021481127973602965,0.9214814104937281,0.029252833027436215,0.17940967840904867,2108,-1.1102230246251566e-17,0.0,10,1,0.9710877200171891,0.1,REMOVE,1.5
NVDA,macro_fed_funds_change_5d,0,-0.019045234446752345,0.37279655175076526,-0.011289043863093455,0.5973224760991245,2192,-0.0036075036075035997,0.0,11,1,0.8272879425597685,0.09090909090909091,REMOVE,1.36
NVDA,macro_fed_funds_change_5d,1,-0.02109465112486092,0.32366848633006273,-0.011982913672598721,0.5750718270789126,2191,-0.0028860028860028756,0.0,11,1,0.7715741909461342,0.09090909090909091,REMOVE,1.36
NVDA,macro_fed_funds_change_5d,2,-0.025585464920657233,0.23136639910168663,-0.013848223667808178,0.5171645005800644,2190,-0.002886002886002886,0.0,11,1,0.7475171798286386,0.09090909090909091,REMOVE,1.36
NVDA,macro_fed_funds_change_5d,5,-0.022626616383223854,0.2902047422284558,-0.02245064616731627,0.2939734331600858,2187,-0.005772005772005776,0.0,11,1,0.7475171798286386,0.09090909090909091,REMOVE,1.36
NVDA,macro_fed_funds_change_5d,10,-0.026029363261551103,0.22421747273418757,0.012969515947274506,0.5448409648798453,2182,-0.0036075036075036097,0.0,11,1,0.7475171798286386,0.09090909090909091,REMOVE,1.36
NVDA,macro_us10y_change_1d,2,-0.0206171888594542,0.33441232647089564,-0.02776794719610718,0.19354463502942085,2194,-0.007936507936507924,-0.007936507936507908,11,1,0.7883813914210234,0.09090909090909091,REMOVE,1.36
NVDA,macro_us10y_change_1d,3,0.03704579138350545,0.08283981160504285,0.04242226253071608,0.04699181742409126,2193,-0.012987012987012986,-0.015873015873015817,11,1,0.6574998512736118,0.09090909090909091,REMOVE,1.36
NVDA,macro_us10y_change_1d,20,-0.01585293321439024,0.45983227941331783,-0.030249762300252517,0.1583651725546692,2176,-0.008658008658008637,-0.007936507936507964,11,1,0.8804841151712511,0.09090909090909091,REMOVE,1.36
NVDA,macro_us10y_change_5d,0,-0.004500204991144268,0.8332188588127795,-0.01014706858606229,0.6349189762689966,2192,-0.012265512265512252,-0.007936507936507964,11,1,0.951851883396611,0.09090909090909091,REMOVE,1.36
NVDA,macro_us10y_change_5d,2,0.023505959592589533,0.2715314985069971,0.02689949077019469,0.20827020185954653,2190,-0.0014430014430014328,-0.007936507936507908,11,1,0.7475171798286386,0.09090909090909091,REMOVE,1.36
NVDA,macro_us2y_change_5d,1,-0.01911953633264292,0.37104342604699764,-0.016710750681656818,0.4343279959573825,2191,-0.01731601731601731,0.0,11,1,0.8255489430385522,0.09090909090909091,REMOVE,1.36
NVDA,macro_financial_conditions_change_5d,2,0.0010141941600636762,0.9624356841081384,-0.001632627679182801,0.9395653040995674,2159,-0.0050505050505050475,-0.007936507936507908,11,1,0.985237304900389,0.09090909090909091,REMOVE,1.36
NVDA,macro_financial_conditions_change_5d,5,-0.00406455712990546,0.8503907485730162,-0.008838997714928248,0.681667351706259,2156,-0.01010101010101009,0.0,11,1,0.951851883396611,0.09090909090909091,REMOVE,1.36
NVDA,macro_financial_conditions_change_5d,10,-0.01167474961960088,0.5883935506212055,-0.01155883077771169,0.5921024198309346,2151,-0.008658008658008658,-0.007936507936507908,11,1,0.9075222560428762,0.09090909090909091,REMOVE,1.36
NVDA,macro_yield_curve_10y2y,0,0.004715638482142864,0.8251643565123308,0.0024916810541175853,0.9070786090709837,2197,-0.016594516594516596,-0.007936507936507964,11,1,0.951851883396611,0.09090909090909091,REMOVE,1.36
NVDA,macro_yield_curve_10y2y,1,0.0026085189357411198,0.90276461140793,0.00038611071115085413,0.9855723006739587,2196,-0.024531024531024525,-0.015873015873015817,11,1,0.962245663138363,0.09090909090909091,REMOVE,1.36
NVDA,macro_yield_curve_10y2y,2,0.003930568643362699,0.8539772068014184,0.0012869663721324187,0.9519476688782479,2195,-0.020923520923520914,-0.007936507936507964,11,1,0.9527805771391556,0.09090909090909091,REMOVE,1.36
NVDA,macro_yield_curve_10y2y,3,0.004949579826048626,0.8167645241974449,0.0031371144174352607,0.8832428861584947,2194,-0.019480519480519473,-0.007936507936507908,11,1,0.951851883396611,0.09090909090909091,REMOVE,1.36
NVDA,macro_yield_curve_10y2y,5,0.0022370482283719482,0.9166326670134439,0.0005653432783452752,0.9788955441338002,2192,-0.018759018759018753,-0.007936507936507908,11,1,0.9699252639328302,0.09090909090909091,REMOVE,1.36
NVDA,macro_yield_curve_10y2y,10,-0.0002503597098427352,0.9906637896676607,-0.004269850876488206,0.8418185240087683,2187,-0.020202020202020207,-0.007936507936507964,11,1,0.99961506003799,0.09090909090909091,REMOVE,1.36
NVDA,macro_yield_curve_10y2y,20,-0.005539859238259232,0.796149054060528,-0.007269347591637803,0.7346207926518868,2177,-0.021645021645021644,-0.015873015873015872,11,1,0.9509129679108956,0.09090909090909091,REMOVE,1.36
NVDA,macro_yield_curve_change_5d,5,0.018863091009211293,0.37793171540189974,0.028737025746631145,0.17914028499910406,2187,-0.005772005772005772,-0.007936507936507908,11,1,0.8272879425597685,0.09090909090909091,REMOVE,1.36
NVDA,macro_fed_funds_change_5d,3,-0.04198064482690887,0.04954380011362946,-0.031706325286673796,0.13808465888742585,2189,-0.0028860028860028908,0.0,11,0,0.5706944063721875,0.0,REMOVE,0.0
NVDA,macro_us10y_change_5d,3,0.006107791398476755,0.7751820905496618,0.009975941416796386,0.6408670296634639,2189,-0.00721500721500721,0.0,11,0,0.9509129679108956,0.0,REMOVE,0.0
NVDA,macro_us2y_change_1d,1,-0.025423234834234594,0.23380533833250816,-0.02774871186849788,0.19375188916329655,2195,-0.007215007215007215,-0.007936507936507908,11,0,0.7475171798286386,0.0,REMOVE,0.0
NVDA,macro_us2y_change_1d,5,-0.021620319450065657,0.3117546037396332,-0.014481057781497612,0.498101594320492,2191,-0.005772005772005772,0.0,11,0,0.7691928837854805,0.0,REMOVE,0.0
NVDA,macro_us2y_change_5d,2,0.0009471429188792291,0.9646664161167544,0.0015665827011177897,0.941591070991982,2190,-0.009379509379509376,0.0,11,0,0.985237304900389,0.0,REMOVE,0.0
NVDA,macro_us2y_change_5d,20,-0.00953650788736066,0.6568976032703765,-0.027372704114815162,0.2022378266630773,2172,-0.01731601731601732,-0.007936507936507908,11,0,0.9200147605480431,0.0,REMOVE,0.0
NVDA,macro_hy_spread_change_5d,0,-0.009230912967316108,0.8013988206274852,0.002499744749339789,0.9456938575153697,745,,,0,0,0.9509129679108956,,REMOVE,0.0
NVDA,macro_hy_spread_change_5d,1,-0.017715373847819453,0.6294959975559669,-0.008933955432714889,0.8077877726547695,744,,,0,0,0.9180106017321105,,REMOVE,0.0
NVDA,macro_hy_spread_change_5d,2,-0.007953829151577422,0.8286416108364629,0.004950959370782507,0.8928277333260275,743,,,0,0,0.951851883396611,,REMOVE,0.0
NVDA,macro_hy_spread_change_5d,3,-0.020091115153984755,0.5847855374507388,-0.019992421392607707,0.5866318957836449,742,,,0,0,0.9075222560428762,,REMOVE,0.0
NVDA,macro_hy_spread_change_5d,5,0.010495360711521646,0.7756212484981789,0.005653783079441572,0.8779718525817236,740,,,0,0,0.9509129679108956,,REMOVE,0.0
NVDA,macro_hy_spread_change_5d,10,-0.015076507856733215,0.683225981896078,-0.03217645250454261,0.38371435700108364,735,,,0,0,0.9335370022904369,,REMOVE,0.0
NVDA,macro_hy_spread_change_5d,20,0.007956435209852055,0.8306505426302672,-0.007956270284197476,0.8306539999212867,725,,,0,0,0.951851883396611,,REMOVE,0.0
NVDA,macro_yield_curve_change_5d,3,0.02861370257839237,0.1808144721297701,0.032377779733793216,0.12992876456078173,2189,-0.006493506493506476,0.0,11,0,0.7475171798286386,0.0,REMOVE,0.0
NVDA,macro_yield_curve_change_5d,10,0.0010994053558653033,0.9590658443504521,-0.008562411736965527,0.6893447031883981,2182,-0.01010101010101009,-0.007936507936507964,11,0,0.985237304900389,0.0,REMOVE,0.0
QQQ,macro_cpi_yoy,3,-0.08496150564598019,0.00021491310463570319,-0.07113159123864606,0.0019567709942489757,1893,0.007936507936507945,0.007936507936507908,9,5,0.03244660681639923,0.5555555555555556,INVESTIGATE,68.33
QQQ,macro_cpi_yoy,2,-0.08398726976395593,0.00025301502563558793,-0.07023036294841561,0.0022267690159534213,1894,0.00793650793650794,0.00793650793650802,9,6,0.03244660681639923,0.6666666666666666,KEEP,95.0
QQQ,macro_cpi_yoy,5,-0.08434483714590911,0.0002407467786526967,-0.07204938722267841,0.001717859773597841,1891,0.005291005291005291,0.007936507936507908,9,6,0.03244660681639923,0.6666666666666666,KEEP,95.0
QQQ,macro_cpi_yoy,10,-0.08624889017517545,0.00017674153038474603,-0.07313891764031782,0.0014807192082446708,1886,0.010912698412698436,0.007936507936507964,8,5,0.03244660681639923,0.625,KEEP,94.38
QQQ,macro_cpi_yoy,20,-0.08727631194047421,0.0001537783265400294,-0.0738729129074867,0.0013653066093599088,1876,0.007936507936507964,0.011904761904761918,8,5,0.03244660681639923,0.625,KEEP,94.38
QQQ,macro_unemployment_level,10,0.05311895593385334,0.014032147499865455,0.04562802112103093,0.03488965977933361,2138,0.007142857142857134,0.007936507936507908,10,6,0.37556630073169306,0.6,REMOVE,64.0
QQQ,macro_fed_funds_change_5d,3,-0.029090412251711488,0.17365392849135478,-0.019482052247827227,0.36225968447530543,2189,0.004329004329004324,0.0,11,5,0.7475171798286386,0.45454545454545453,REMOVE,6.82
QQQ,macro_us10y_change_1d,10,-0.007803108583831042,0.7153885779317637,-0.013518082753175417,0.5275822906365589,2186,0.006493506493506485,0.0,11,5,0.9359538158433817,0.45454545454545453,REMOVE,6.82
QQQ,macro_unemployment_level,1,0.05504756705100237,0.010737788082646735,0.04828418086914687,0.025267729421699518,2147,-0.002164502164502152,0.0,11,5,0.30151686581645964,0.45454545454545453,REMOVE,6.82
QQQ,macro_yield_curve_change_5d,5,0.005207150438568978,0.8077135480637445,0.012925254556459449,0.5457545584565541,2187,5.046468293750712e-18,0.0,11,5,0.9509129679108956,0.45454545454545453,REMOVE,6.82
QQQ,macro_financial_conditions_change_5d,20,0.011751069122113666,0.5868308477775623,0.002209180316831279,0.9186286604976058,2141,0.003968253968253977,0.0,10,4,0.9075222560428762,0.4,REMOVE,6.0
QQQ,macro_unemployment_change,5,0.03046107427649141,0.16159957890727622,0.012493204666467443,0.565993205943781,2113,0.002380952380952367,0.0,10,4,0.7475171798286386,0.4,REMOVE,6.0
QQQ,macro_unemployment_change,10,0.029686026861915432,0.17305111224495173,0.01334689941629329,0.5402338001287686,2108,0.003968253968253971,0.0,10,4,0.7475171798286386,0.4,REMOVE,6.0
QQQ,macro_unemployment_change,20,0.024071245597237348,0.27043548730172207,0.031284385266365254,0.1520166790869514,2098,0.002380952380952389,0.0,10,4,0.7475171798286386,0.4,REMOVE,6.0
QQQ,macro_us2y_change_1d,2,-0.014693250793837313,0.49152895547429,-0.0195297012733889,0.36053817072831323,2194,-0.002164502164502162,0.0,11,4,0.8847576117472894,0.36363636363636365,REMOVE,5.45
QQQ,macro_us2y_change_1d,3,0.016081236075170927,0.4516330978292104,0.021857419403155737,0.3062557574460368,2193,-0.005050505050505058,0.0,11,4,0.8804841151712511,0.36363636363636365,REMOVE,5.45
QQQ,macro_us2y_change_1d,5,-0.041345237177493804,0.052988361492148264,-0.044169112347782175,0.038705694405588416,2191,0.005050505050505058,0.0,11,4,0.5768024053024731,0.36363636363636365,REMOVE,5.45
QQQ,macro_us2y_change_1d,10,0.006215914655916968,0.771464598846783,0.0007540552986558896,0.9718919922211802,2186,0.0007215007215007139,0.0,11,4,0.9509129679108956,0.36363636363636365,REMOVE,5.45
QQQ,macro_financial_conditions_change_5d,0,-0.023552183734967463,0.2737891163184094,-0.02547445142799984,0.23652136367464952,2161,-0.002164502164502162,0.0,11,4,0.7475171798286386,0.36363636363636365,REMOVE,5.45
QQQ,macro_financial_conditions_change_5d,3,-0.021671471643628634,0.31428693096986454,-0.014659961658478615,0.496086690215101,2158,-0.0007215007215007189,0.0,11,4,0.7691928837854805,0.36363636363636365,REMOVE,5.45
QQQ,macro_unemployment_level,2,0.05186744808142929,0.016262346947715185,0.04631189767601516,0.031929113483817446,2146,-0.0028860028860028756,0.0,11,4,0.4110759922894672,0.36363636363636365,REMOVE,5.45
QQQ,macro_unemployment_level,3,0.055047334184580674,0.010774838892122565,0.048373872824580076,0.025064953113408086,2145,-0.002164502164502152,0.0,11,4,0.30151686581645964,0.36363636363636365,REMOVE,5.45
QQQ,macro_unemployment_level,5,0.054962579703391246,0.01093412810103645,0.047894544307117454,0.02661357705380807,2143,-0.001443001443001443,0.0,11,4,0.30151686581645964,0.36363636363636365,REMOVE,5.45
QQQ,macro_yield_curve_change_5d,2,0.0027938179735953524,0.8960370556456919,-0.0033331358374406347,0.8761168986595288,2190,0.0007215007215007088,0.0,11,4,0.9579490375379163,0.36363636363636365,REMOVE,5.45
QQQ,macro_cpi_change_30d,1,-0.03949903428100961,0.06921396682901787,-0.033633491236450326,0.12185605626140848,2117,-0.012698412698412676,-0.003968253968253954,10,3,0.6381946990015975,0.3,REMOVE,4.5
QQQ,macro_cpi_change_30d,2,-0.04047898071833731,0.06264597304294797,-0.033542189599106174,0.1229611203212796,2116,-0.011904761904761885,-0.003968253968253954,10,3,0.6064663347774751,0.3,REMOVE,4.5
QQQ,macro_cpi_change_30d,3,-0.03886644222349447,0.07392902863568598,-0.02947027708712894,0.1754795668190584,2115,-0.015873015873015865,0.0,10,3,0.6574998512736118,0.3,REMOVE,4.5
QQQ,macro_cpi_change_30d,5,-0.04206313508326481,0.05320620073693686,-0.028147366306931095,0.19588958820171495,2113,-0.009523809523809535,0.0,10,3,0.5768024053024731,0.3,REMOVE,4.5
QQQ,macro_unemployment_change,1,0.021586805395732954,0.32082852867747763,0.007930239432375138,0.7153596720682427,2117,-0.003968253968253949,0.0,10,3,0.7711740071113223,0.3,REMOVE,4.5
QQQ,macro_fed_funds_change_5d,0,-0.01388402901299946,0.5158898339108825,-0.011083868979141827,0.604002484938353,2192,0.0050505050505050475,0.0,11,3,0.8877189677570687,0.2727272727272727,REMOVE,4.09
QQQ,macro_fed_funds_change_5d,1,7.279288716427054e-05,0.9972829261114788,-0.010515963616874258,0.622743960623791,2191,-0.000721500721500729,0.0,11,3,0.9999801193983082,0.2727272727272727,REMOVE,4.09
QQQ,macro_fed_funds_change_5d,10,-0.025268755651247414,0.23805464016960703,0.008751540764629922,0.6828519330311698,2182,0.003607503607503605,0.0,11,3,0.7475171798286386,0.2727272727272727,REMOVE,4.09
QQQ,macro_fed_funds_change_5d,20,-0.03193314866621666,0.13681468196805208,-0.05541985655844842,0.00978529395182048,2172,0.002164502164502162,0.0,11,3,0.7366944413664342,0.2727272727272727,REMOVE,4.09
QQQ,macro_us10y_change_1d,0,-0.030804859634167004,0.14899725716237472,-0.01308743182936831,0.5398937159293585,2196,-0.0014430014430014378,0.0,11,3,0.7475171798286386,0.2727272727272727,REMOVE,4.09
QQQ,macro_us10y_change_1d,1,-0.01816395784722092,0.3950016658812516,-0.01979954311111784,0.3538292148029848,2195,-0.0007215007215007088,0.0,11,3,0.850416680349462,0.2727272727272727,REMOVE,4.09
QQQ,macro_us10y_change_1d,2,-0.015521136022561546,0.46744538332859487,-0.030014345744833325,0.15990474692707005,2194,-0.007215007215007235,0.0,11,3,0.8828065135292916,0.2727272727272727,REMOVE,4.09
QQQ,macro_us10y_change_1d,3,0.010125969235543436,0.6355458011991534,0.016808218972987336,0.4314417425411817,2193,-0.007936507936507938,-0.007936507936507908,11,3,0.9180106017321105,0.2727272727272727,REMOVE,4.09
QQQ,macro_us10y_change_1d,5,-0.04574850410185321,0.03224981114640567,-0.04166903944926139,0.05115427642489321,2191,-0.00721500721500721,-0.007936507936507908,11,3,0.5573265203371951,0.2727272727272727,REMOVE,4.09
QQQ,macro_us10y_change_1d,20,-0.008390159606945752,0.6956768049146699,-0.011042219035676523,0.606683766325466,2176,0.0,0.0,11,3,0.9337255051214596,0.2727272727272727,REMOVE,4.09
QQQ,macro_us10y_change_5d,0,-0.02408656717721865,0.259647598973046,-0.03295933292491281,0.12291443160048594,2192,-0.004329004329004329,0.0,11,3,0.7475171798286386,0.2727272727272727,REMOVE,4.09
QQQ,macro_us10y_change_5d,1,-0.03109729648829023,0.14563405198357152,-0.03798995034121021,0.07542601337814553,2191,-0.002886002886002896,0.0,11,3,0.7475171798286386,0.2727272727272727,REMOVE,4.09
QQQ,macro_us10y_change_5d,5,-0.028560135758975518,0.18183245601329184,-0.03407227182739073,0.11117051216605366,2187,-0.0007215007215007139,0.0,11,3,0.7475171798286386,0.2727272727272727,REMOVE,4.09
QQQ,macro_us2y_change_1d,0,-0.03722474844436718,0.08115582879366816,-0.028948468076504183,0.1750735945515129,2196,-0.00360750360750362,0.0,11,3,0.6574998512736118,0.2727272727272727,REMOVE,4.09
QQQ,macro_us2y_change_1d,1,-0.01888304606950316,0.37655521563055866,-0.015243894865238717,0.47533618051196325,2195,-0.003607503607503605,0.0,11,3,0.8272879425597685,0.2727272727272727,REMOVE,4.09
QQQ,macro_us2y_change_1d,20,-0.018860835225886607,0.3791922048583463,-0.03471430271868231,0.10546945292581575,2176,-0.007215007215007205,-0.007936507936507908,11,3,0.8274937803863194,0.2727272727272727,REMOVE,4.09
QQQ,macro_us2y_change_5d,0,-0.021242487428223236,0.3201777725312552,-0.0344713631552368,0.10664313953256098,2192,-0.0014430014430014682,0.0,11,3,0.7711740071113223,0.2727272727272727,REMOVE,4.09
QQQ,macro_us2y_change_5d,5,-0.031127405836722133,0.1456124938032264,-0.03779522672361328,0.07720667822693571,2187,0.0,0.0,11,3,0.7475171798286386,0.2727272727272727,REMOVE,4.09
QQQ,macro_financial_conditions_change_5d,10,-0.012012570690063415,0.5776464891857043,-0.0044925222935718705,0.8350430892781499,2151,5.046468293750712e-18,0.0,11,3,0.903192964190706,0.2727272727272727,REMOVE,4.09
QQQ,macro_unemployment_level,0,0.05747419434276719,0.007713016788589973,0.05090511611586105,0.01830296232191751,2148,-0.0057720057720057815,0.0,11,3,0.25995723250432873,0.2727272727272727,REMOVE,4.09
QQQ,macro_yield_curve_change_5d,0,-0.00340173683272181,0.8735311180056189,0.005302017430129568,0.8040614910516339,2192,0.0036075036075035997,0.0,11,3,0.9549011113509713,0.2727272727272727,REMOVE,4.09
QQQ,macro_yield_curve_change_5d,1,-0.010979635674139008,0.6074909191028779,-0.00035173879558332474,0.9868715325969263,2191,-0.0007215007215007139,0.0,11,3,0.9109986644726906,0.2727272727272727,REMOVE,4.09
QQQ,macro_yield_curve_change_5d,3,0.003041983913662811,0.8868876123928151,0.005330937138841387,0.8031468833563273,2189,-0.0014430014430014328,0.0,11,3,0.9551097364230317,0.2727272727272727,REMOVE,4.09
QQQ,macro_yield_curve_change_5d,20,0.01108269199448482,0.6056977690052678,0.006800197754051494,0.7514389664162967,2172,-0.003607503607503615,0.0,11,3,0.9109986644726906,0.2727272727272727,REMOVE,4.09
QQQ,macro_cpi_change_30d,0,-0.03740242894625223,0.0852670473699618,-0.027570716190143972,0.20467505667105287,2118,-0.010317460317460331,0.0,10,2,0.6574998512736118,0.2,REMOVE,3.0
QQQ,macro_cpi_change_30d,10,-0.04497257110768169,0.03895671691765309,-0.027776252702703962,0.20238728846127835,2108,-0.005555555555555552,-0.007936507936507992,10,2,0.5683815385759048,0.2,REMOVE,3.0
QQQ,macro_unemployment_level,20,0.04636459114119623,0.032459676459199276,0.037669485493257944,0.08233451980323532,2128,-0.0023809523809523838,-0.007936507936507908,10,2,0.5573265203371951,0.2,REMOVE,3.0
QQQ,macro_fed_funds_change_5d,2,-0.013980648091907633,0.5131653420120557,-0.007329956145429558,0.73172491346411,2190,0.000721500721500724,0.0,11,2,0.8877189677570687,0.18181818181818182,REMOVE,2.73
QQQ,macro_us10y_change_5d,2,-0.0044964543112585124,0.8334308354704603,-0.004005289480409597,0.8514011062307133,2190,-1.0092936587501423e-17,0.0,11,2,0.951851883396611,0.18181818181818182,REMOVE,2.73
QQQ,macro_us10y_change_5d,3,-0.02327806519020297,0.2763168866115837,-0.026058381863944796,0.2229590061712996,2189,-0.0036075036075036097,0.0,11,2,0.7475171798286386,0.18181818181818182,REMOVE,2.73
QQQ,macro_us10y_change_5d,20,0.001049438770409066,0.9610144018740825,-0.0055302508339786,0.7967238130455269,2172,-0.0028860028860028756,0.0,11,2,0.985237304900389,0.18181818181818182,REMOVE,2.73
QQQ,macro_us2y_change_5d,1,-0.023114689355429794,0.27948268398691983,-0.028219134410079713,0.18670358861216121,2191,0.000721500721500724,0.0,11,2,0.7475171798286386,0.18181818181818182,REMOVE,2.73
QQQ,macro_us2y_change_5d,2,-0.0061863958957540655,0.7723174204973556,-0.010822058989426415,0.612737109783932,2190,-0.001443001443001448,0.0,11,2,0.9509129679108956,0.18181818181818182,REMOVE,2.73
QQQ,macro_us2y_change_5d,10,0.0013012890918741096,0.951557627665225,-0.018935565710026,0.37664852589899706,2182,-0.0007215007215007341,0.0,11,2,0.9795446167142022,0.18181818181818182,REMOVE,2.73
QQQ,macro_financial_conditions_change_5d,2,-0.015601339319704095,0.46873357941925,-0.020627714268040165,0.3380554802509575,2159,-0.001443001443001448,0.0,11,2,0.8828065135292916,0.18181818181818182,REMOVE,2.73
QQQ,macro_financial_conditions_change_5d,5,-0.010959548603897178,0.6110311533967642,-0.00923291273728183,0.6683089622591754,2156,-0.000721500721500729,0.0,11,2,0.9114575880137186,0.18181818181818182,REMOVE,2.73
QQQ,macro_yield_curve_10y2y,0,0.030601075240023486,0.15161273684209386,0.028128113376346516,0.18752505786865803,2197,-0.007936507936507948,-0.007936507936507908,11,2,0.7475171798286386,0.18181818181818182,REMOVE,2.73
QQQ,macro_yield_curve_10y2y,1,0.02959432017476249,0.16564060563397026,0.026698278875916203,0.21106880122273722,2196,-0.007936507936507959,-0.007936507936507908,11,2,0.7475171798286386,0.18181818181818182,REMOVE,2.73
QQQ,macro_yield_curve_10y2y,2,0.029243910260505036,0.1708074742850859,0.024767818862024296,0.24608555926153805,2195,-0.011544011544011563,-0.007936507936507908,11,2,0.7475171798286386,0.18181818181818182,REMOVE,2.73
QQQ,macro_yield_curve_10y2y,3,0.029069528727400366,0.17347170679813517,0.025283445094304597,0.23649430930857987,2194,-0.010101010101010116,0.0,11,2,0.7475171798286386,0.18181818181818182,REMOVE,2.73
QQQ,macro_yield_curve_10y2y,5,0.030594194371701276,0.15217198755115144,0.02765753234674844,0.1955267895482429,2192,-0.008658008658008658,0.0,11,2,0.7475171798286386,0.18181818181818182,REMOVE,2.73
QQQ,macro_yield_curve_10y2y,20,0.02244786540522907,0.2951409360264015,0.017530599549517762,0.4136189936100882,2177,-0.01154401154401155,0.0,11,2,0.7481288350529955,0.18181818181818182,REMOVE,2.73
QQQ,macro_yield_curve_change_5d,10,-0.004871210219237124,0.8201015525290691,-0.009960567661450558,0.6419158511667137,2182,-0.009379509379509387,0.0,11,2,0.951851883396611,0.18181818181818182,REMOVE,2.73
QQQ,macro_unemployment_change,0,0.023639173316853276,0.2768488273217191,0.012467981849250137,0.5663185881965411,2118,-0.007142857142857168,0.0,10,1,0.7475171798286386,0.1,REMOVE,1.5
QQQ,macro_unemployment_change,2,0.020564328462560493,0.344403608883269,0.008647139291318117,0.6909687069363729,2116,-0.009523809523809523,-0.003968253968253954,10,1,0.8036084207276277,0.1,REMOVE,1.5
QQQ,macro_unemployment_change,3,0.02688198246504063,0.21654354354361696,0.015736576228069996,0.4694781603064084,2115,-0.0047619047619047675,0.0,10,1,0.7475171798286386,0.1,REMOVE,1.5
QQQ,macro_us10y_change_5d,10,-0.001917558636808589,0.9286674440318512,-0.016835129666353355,0.43186415887527385,2182,-0.004329004329004329,0.0,11,1,0.9747259216481945,0.09090909090909091,REMOVE,1.36
QQQ,macro_us2y_change_5d,3,-0.0245943592788835,0.25005868211068083,-0.021169102016591727,0.32218453249106843,2189,-0.004329004329004334,0.0,11,1,0.7475171798286386,0.09090909090909091,REMOVE,1.36
QQQ,macro_us2y_change_5d,20,-0.006212128595362347,0.7723130569424626,-0.021788860282517166,0.31010598037075504,2172,-0.006493506493506506,0.0,11,1,0.9509129679108956,0.09090909090909091,REMOVE,1.36
QQQ,macro_financial_conditions_change_5d,1,-0.026312359609052857,0.22155952999950027,-0.022957727291434187,0.28619692395549035,2160,-0.004329004329004319,0.0,11,1,0.7475171798286386,0.09090909090909091,REMOVE,1.36
QQQ,macro_yield_curve_10y2y,10,0.029290528330960106,0.17090767214391697,0.02379299891502403,0.2660479787617585,2187,-0.0028860028860028908,0.0,11,1,0.7475171798286386,0.09090909090909091,REMOVE,1.36
QQQ,macro_fed_funds_change_5d,5,-0.002094945990927081,0.9219997693350015,-0.002121131635767901,0.9210279784640139,2187,-0.0028860028860028908,0.0,11,0,0.9710877200171891,0.0,REMOVE,0.0
QQQ,macro_hy_spread_change_5d,0,0.015047654666325657,0.6817658985210763,0.020782555650918265,0.5711476930116137,745,,,0,0,0.9335370022904369,,REMOVE,0.0
QQQ,macro_hy_spread_change_5d,1,0.04002605479825769,0.27555174057566084,0.042168012280766734,0.2506520379716631,744,,,0,0,0.7475171798286386,,REMOVE,0.0
QQQ,macro_hy_spread_change_5d,2,0.023069704988267454,0.5300960263931466,0.025942149443679327,0.48015079755359524,743,,,0,0,0.8915195271135341,,REMOVE,0.0
QQQ,macro_hy_spread_change_5d,3,-2.3402181777468234e-05,0.9994922317758805,-0.0042016393915477145,0.9090326052570955,742,,,0,0,0.9999801193983082,,REMOVE,0.0
QQQ,macro_hy_spread_change_5d,5,-0.0008909472947253044,0.980696731522877,-0.0014024087641977955,0.969619775744132,740,,,0,0,0.9982483508789911,,REMOVE,0.0
QQQ,macro_hy_spread_change_5d,10,-0.024084497294101666,0.5144429543891881,-0.04702019072859196,0.20291388799251414,735,,,0,0,0.8877189677570687,,REMOVE,0.0
QQQ,macro_hy_spread_change_5d,20,0.007343438051941479,0.8435226667776036,-0.010043761663226007,0.787178156976648,725,,,0,0,0.951851883396611,,REMOVE,0.0
QQQ,macro_cpi_change_30d,20,-0.07478029888772997,0.000608066328080731,-0.067061303855172,0.0021170508017527095,2098,-5.551115123125783e-18,0.003968253968253954,10,5,0.03688935723689768,0.5,WEAK,37.5
QQQ,macro_cpi_yoy,1,-0.08541099502222017,0.00019731666336391857,-0.07375003569594883,0.0013148705443414704,1895,0.0035273368606702125,0.0,9,4,0.03244660681639923,0.4444444444444444,WEAK,36.67
QQQ,macro_cpi_yoy,0,-0.08655993862538808,0.00016085358700131274,-0.07376475574654597,0.0013080576407276628,1896,0.001763668430335097,0.0,9,3,0.03244660681639923,0.3333333333333333,WEAK,35.0
SPY,macro_cpi_yoy,0,-0.08238520397644586,0.00032935386519836066,-0.06890540110424921,0.0026826219509863487,1896,0.022927689594356253,0.007936507936507964,9,5,0.03244660681639923,0.5555555555555556,INVESTIGATE,68.33
SPY,macro_cpi_yoy,2,-0.08027359219520794,0.00047078044872689447,-0.06600947830718583,0.004053371453700514,1894,0.01940035273368606,0.007936507936507908,9,5,0.03244660681639923,0.5555555555555556,INVESTIGATE,68.33
SPY,macro_cpi_yoy,3,-0.08032209481172017,0.0004686766405659617,-0.06567110601437945,0.004257057001878388,1893,0.017636684303350986,0.015873015873015928,9,5,0.03244660681639923,0.5555555555555556,INVESTIGATE,68.33
SPY,macro_cpi_yoy,20,-0.0834259927732158,0.00029767680629815213,-0.07066366629528255,0.0021954701952440754,1876,0.013888888888888874,0.007936507936507936,8,4,0.03244660681639923,0.5,INVESTIGATE,67.5
SPY,macro_cpi_yoy,10,-0.0802136084832091,0.0004887731742162897,-0.06712437353144739,0.003540495930655087,1886,0.024801587301587324,0.019841269841269854,8,6,0.03244660681639923,0.75,KEEP,96.25
SPY,macro_cpi_yoy,5,-0.07997857946007357,0.000499178566406142,-0.06761869772312444,0.0032624236487903586,1891,0.016754850088183434,0.015873015873015928,9,6,0.03244660681639923,0.6666666666666666,KEEP,95.0
SPY,macro_unemployment_change,10,0.00741759801049955,0.7335804915597378,0.016600306946870143,0.4461974911279722,2108,0.007142857142857162,0.007936507936507908,10,6,0.9403716265466715,0.6,REMOVE,64.0
SPY,macro_us2y_change_1d,5,-0.04426566101593691,0.03828172328779594,-0.04636537920834099,0.029991333968113695,2191,0.005050505050505073,0.007936507936507908,11,6,0.5683815385759048,0.5454545454545454,REMOVE,38.18
SPY,macro_cpi_change_30d,10,-0.03112738807374236,0.1531051308975268,-0.017784754404118183,0.41442524312773316,2108,0.00634920634920636,0.00396825396825401,10,5,0.7475171798286386,0.5,REMOVE,37.5
SPY,macro_cpi_change_30d,20,-0.06043588098461084,0.0056214413867765834,-0.05525878572844947,0.01135773023806487,2098,0.01587301587301589,0.00396825396825401,10,5,0.21329491055857724,0.5,REMOVE,37.5
SPY,macro_us10y_change_1d,5,-0.05945228021778167,0.005373877728087972,-0.05997970215579448,0.004977852060304085,2191,0.008658008658008663,0.0,11,5,0.21329491055857724,0.45454545454545453,REMOVE,6.82
SPY,macro_us10y_change_5d,3,-0.032616247623896095,0.12712385075982163,-0.035089983314273696,0.10073225498521451,2189,0.0014430014430014378,0.0,11,5,0.732295668331343,0.45454545454545453,REMOVE,6.82
SPY,macro_yield_curve_change_5d,20,0.004117628973762302,0.8479056922059017,0.006006336797501389,0.7796577810538505,2172,-0.003607503607503615,0.0,11,5,0.951851883396611,0.45454545454545453,REMOVE,6.82
SPY,macro_financial_conditions_change_5d,20,-0.007871403854296846,0.7158503910186743,-0.020166309704110662,0.3509934600084437,2141,0.0031746031746031633,0.0,10,4,0.9359538158433817,0.4,REMOVE,6.0
SPY,macro_unemployment_change,20,0.025267481204224188,0.24733574100291345,0.03549125871818135,0.10412372315629796,2098,0.00317460317460318,0.0,10,4,0.7475171798286386,0.4,REMOVE,6.0
SPY,macro_fed_funds_change_5d,0,-0.025895821272930594,0.22554188510966397,-0.005437024293887033,0.7991775655946791,2192,0.0050505050505050475,0.0,11,4,0.7475171798286386,0.36363636363636365,REMOVE,5.45
SPY,macro_fed_funds_change_5d,1,-0.027311887415634332,0.20127520194944626,-0.023261249568997746,0.27644449199086557,2191,0.004329004329004313,0.0,11,4,0.7475171798286386,0.36363636363636365,REMOVE,5.45
SPY,macro_fed_funds_change_5d,3,-0.05447636352531681,0.010796751024603628,-0.011147274388527842,0.6021835459473431,2189,0.005050505050505042,0.0,11,4,0.30151686581645964,0.36363636363636365,REMOVE,5.45
SPY,macro_fed_funds_change_5d,10,-0.03848471462204293,0.07228337731331172,0.01847173561291297,0.38845165486089467,2182,0.005050505050505042,0.0,11,4,0.6512660728229076,0.36363636363636365,REMOVE,5.45
SPY,macro_fed_funds_change_5d,20,-0.019787469170972037,0.35665959373314887,-0.046701840621613554,0.02952081756314691,2172,0.005772005772005762,0.0,11,4,0.8114005757429137,0.36363636363636365,REMOVE,5.45
SPY,macro_us10y_change_5d,0,-0.03471422772171487,0.1041964187213741,-0.03697175860553758,0.0835271212774281,2192,0.001443001443001458,0.0,11,4,0.693592842439892,0.36363636363636365,REMOVE,5.45
SPY,macro_us10y_change_5d,2,-0.007667116725310238,0.7198929819465009,-0.012767184776806387,0.5504040774085112,2190,0.0007215007215007189,0.0,11,4,0.9398889721252737,0.36363636363636365,REMOVE,5.45
SPY,macro_us10y_change_5d,5,-0.04581286237597164,0.03216488464592194,-0.04571161233098062,0.03254793997278304,2187,0.005772005772005776,0.0,11,4,0.5573265203371951,0.36363636363636365,REMOVE,5.45
SPY,macro_us10y_change_5d,10,0.006651023695447893,0.7561752493995125,-0.0044401159996394985,0.8357846701505839,2182,-0.000721500721500729,0.0,11,4,0.9461814409214081,0.36363636363636365,REMOVE,5.45
SPY,macro_us10y_change_5d,20,0.015175705223596653,0.47963293177297267,0.016201852284950486,0.4504304080802308,2172,0.0014430014430014378,0.0,11,4,0.8847576117472894,0.36363636363636365,REMOVE,5.45
SPY,macro_us2y_change_1d,3,0.013695549621612629,0.5215097965944883,0.021768126878293825,0.30823641704178734,2193,-0.0014430014430014378,0.0,11,4,0.8877189677570687,0.36363636363636365,REMOVE,5.45
SPY,macro_us2y_change_5d,3,-0.037163619931031,0.08214522708674693,-0.03658118883807697,0.08706080085520486,2189,-0.009379509379509371,0.0,11,4,0.6574998512736118,0.36363636363636365,REMOVE,5.45
SPY,macro_unemployment_level,0,0.050514819416150186,0.019215785498360546,0.04803523512277008,0.025997088581314408,2148,0.005772005772005776,0.0,11,4,0.46136360868649523,0.36363636363636365,REMOVE,5.45
SPY,macro_unemployment_level,2,0.04467789187596265,0.038496553133821686,0.04368991149599691,0.04299901256451222,2146,0.0014430014430014328,0.0,11,4,0.5683815385759048,0.36363636363636365,REMOVE,5.45
SPY,macro_unemployment_level,3,0.04745721026328499,0.027956426072510233,0.045364584710151895,0.035651606343652116,2145,0.002164502164502172,0.0,11,4,0.5300072442913398,0.36363636363636365,REMOVE,5.45
SPY,macro_yield_curve_10y2y,0,0.023727728195610753,0.26626991715994913,0.01854039408673919,0.3850612895821629,2197,0.0,0.0,11,4,0.7475171798286386,0.36363636363636365,REMOVE,5.45
SPY,macro_yield_curve_10y2y,1,0.02410943588421627,0.258760693453784,0.020541808101057737,0.3359625412132173,2196,-0.0007215007215007189,0.0,11,4,0.7475171798286386,0.36363636363636365,REMOVE,5.45
SPY,macro_yield_curve_10y2y,2,0.0241353051199739,0.25835845592529144,0.019718979345081038,0.3557914874563392,2195,-0.004329004329004324,0.0,11,4,0.7475171798286386,0.36363636363636365,REMOVE,5.45
SPY,macro_yield_curve_10y2y,3,0.02375273954203412,0.26609308473954474,0.018893988020330814,0.37638756134660273,2194,-0.002164502164502152,0.0,11,4,0.7475171798286386,0.36363636363636365,REMOVE,5.45
SPY,macro_yield_curve_10y2y,5,0.025733544916460446,0.2284636481779591,0.021030372940511435,0.3250348719552772,2192,0.001443001443001448,0.0,11,4,0.7475171798286386,0.36363636363636365,REMOVE,5.45
SPY,macro_yield_curve_10y2y,10,0.02135768941901252,0.3181129996287772,0.015402638997735349,0.47156130072023655,2187,-0.0036075036075036097,0.0,11,4,0.7711740071113223,0.36363636363636365,REMOVE,5.45
SPY,macro_unemployment_level,10,0.041699267378790816,0.0538771477480332,0.04299457843681507,0.04683803369491531,2138,-0.0023809523809523725,0.0,10,3,0.5768024053024731,0.3,REMOVE,4.5
SPY,macro_fed_funds_change_5d,2,-0.04369806094533701,0.04087789424999106,-0.004943288222250831,0.8171574477731643,2190,0.005772005772005762,0.0,11,3,0.5683815385759048,0.2727272727272727,REMOVE,4.09
SPY,macro_us10y_change_1d,1,-0.027532364827853633,0.19725082099628408,-0.026692639082691195,0.2112693804940037,2195,-0.00360750360750362,0.0,11,3,0.7475171798286386,0.2727272727272727,REMOVE,4.09
SPY,macro_us10y_change_1d,3,0.007962903190922842,0.7093777650018862,0.00929185438561466,0.6636393782962452,2193,-0.002164502164502172,0.0,11,3,0.9359538158433817,0.2727272727272727,REMOVE,4.09
SPY,macro_us10y_change_1d,10,-0.00415712501329813,0.8459764436920291,-0.003479479460911291,0.8708417431789999,2186,-0.009379509379509376,-0.007936507936507908,11,3,0.951851883396611,0.2727272727272727,REMOVE,4.09
SPY,macro_us10y_change_5d,1,-0.042137514723056456,0.048594981056561966,-0.05168447305852227,0.01554230997717896,2191,-0.001443001443001443,0.0,11,3,0.57054362468169,0.2727272727272727,REMOVE,4.09
SPY,macro_us2y_change_1d,2,0.0055751922028475735,0.7940955405771032,0.007221981722228758,0.735295092843804,2194,0.006493506493506516,0.0,11,3,0.9509129679108956,0.2727272727272727,REMOVE,4.09
SPY,macro_us2y_change_5d,0,-0.022644771190973727,0.28926647638138986,-0.02488998049948584,0.2440858886052924,2192,0.002886002886002896,0.0,11,3,0.7475171798286386,0.2727272727272727,REMOVE,4.09
SPY,macro_us2y_change_5d,5,-0.06314236011123243,0.003135459914817923,-0.05539701914351886,0.0095649974134118,2187,0.002164502164502182,0.0,11,3,0.16783932485201825,0.2727272727272727,REMOVE,4.09
SPY,macro_financial_conditions_change_5d,10,-0.0093753266305792,0.6638717457783488,-0.002367690764983611,0.9126099013644204,2151,0.001443001443001458,0.0,11,3,0.9200147605480431,0.2727272727272727,REMOVE,4.09
SPY,macro_unemployment_level,1,0.04878083927855765,0.02380107588868535,0.046595225134191696,0.030854891022842217,2147,0.004329004329004329,0.0,11,3,0.48304941343198154,0.2727272727272727,REMOVE,4.09
SPY,macro_unemployment_level,5,0.048796476467113256,0.02388705890597711,0.04513985389221901,0.0366641126770969,2143,1.5139404881252134e-17,0.0,11,3,0.48304941343198154,0.2727272727272727,REMOVE,4.09
SPY,macro_yield_curve_change_5d,1,-0.022781097479474224,0.286482360471004,-0.014958078463268845,0.48405277243319633,2191,-0.0014430014430014328,0.0,11,3,0.7475171798286386,0.2727272727272727,REMOVE,4.09
SPY,macro_cpi_change_30d,0,-0.013923106289446098,0.5219007118132217,-0.00909515580455922,0.6757011858559987,2118,-0.0015873015873015984,0.0,10,2,0.8877189677570687,0.2,REMOVE,3.0
SPY,macro_cpi_change_30d,3,-0.01214238451002603,0.5767705433418249,-0.01319693985717106,0.5441274263363263,2115,-0.009523809523809523,-0.003968253968253954,10,2,0.903192964190706,0.2,REMOVE,3.0
SPY,macro_unemployment_level,20,0.04501958656204681,0.03783873096586424,0.038594421908746845,0.07507802065387106,2128,-0.006349206349206371,0.0,10,2,0.5683815385759048,0.2,REMOVE,3.0
SPY,macro_unemployment_change,5,0.023137094207440884,0.28775267858589365,0.02016897304226265,0.35410283847934476,2113,-0.00317460317460318,0.0,10,2,0.7475171798286386,0.2,REMOVE,3.0
SPY,macro_fed_funds_change_5d,5,-0.01701790252728542,0.42635111946439413,-0.00728890297236295,0.7333460739137879,2187,-0.001443001443001453,0.0,11,2,0.8633335014150358,0.18181818181818182,REMOVE,2.73
SPY,macro_us2y_change_1d,0,-0.036592115645271275,0.08646278600542594,-0.02987390914469669,0.16167766617392523,2196,-0.00721500721500721,-0.00793650793650802,11,2,0.6574998512736118,0.18181818181818182,REMOVE,2.73
SPY,macro_us2y_change_1d,10,-0.01198601196597065,0.5754100536948895,-0.01935663729806374,0.3656876885763602,2186,-0.005772005772005767,-0.007936507936507908,11,2,0.9027985325212923,0.18181818181818182,REMOVE,2.73
SPY,macro_us2y_change_1d,20,0.003142568412765341,0.8835192295384705,-0.01749203694974851,0.4147544965219095,2176,-0.009379509379509392,0.0,11,2,0.9550851186455056,0.18181818181818182,REMOVE,2.73
SPY,macro_us2y_change_5d,1,-0.02618309600645469,0.22054052431728532,-0.02736563660392675,0.2003894587229135,2191,0.001443001443001448,0.0,11,2,0.7475171798286386,0.18181818181818182,REMOVE,2.73
SPY,macro_us2y_change_5d,2,-0.004795548344322665,0.822529689443823,-0.005287058421943481,0.8046905714332991,2190,-0.0050505050505050475,0.0,11,2,0.951851883396611,0.18181818181818182,REMOVE,2.73
SPY,macro_financial_conditions_change_5d,1,-0.0028829067259991655,0.8934752319686071,0.008696716615337816,0.6862417400299354,2160,-0.0007215007215007189,0.0,11,2,0.9579490375379163,0.18181818181818182,REMOVE,2.73
SPY,macro_financial_conditions_change_5d,3,-0.005775358762305583,0.7885939316882948,0.012403331680205146,0.5646989069663928,2158,-0.0007215007215007189,0.0,11,2,0.9509129679108956,0.18181818181818182,REMOVE,2.73
SPY,macro_yield_curve_10y2y,20,0.010778559329367545,0.6152206592993863,0.0018907314304003327,0.9297433192813735,2177,-0.010822510822510819,0.0,11,2,0.9114575880137186,0.18181818181818182,REMOVE,2.73
SPY,macro_yield_curve_change_5d,0,-0.017162808243636953,0.4218921517425994,-0.009019308808383366,0.6729951433614889,2192,1.0092936587501423e-17,0.0,11,2,0.8633335014150358,0.18181818181818182,REMOVE,2.73
SPY,macro_yield_curve_change_5d,2,-0.004087649195993217,0.8483821544188089,-0.01264092725942195,0.554353686191639,2190,-0.002886002886002881,0.0,11,2,0.951851883396611,0.18181818181818182,REMOVE,2.73
SPY,macro_yield_curve_change_5d,5,0.02867371281980306,0.18010044965190886,0.031783422989583476,0.13730842911956764,2187,-0.005050505050505042,0.0,11,2,0.7475171798286386,0.18181818181818182,REMOVE,2.73
SPY,macro_yield_curve_change_5d,10,0.002010297352114178,0.925227470682044,-0.009475915789848433,0.6582040045701208,2182,-0.004329004329004334,0.0,11,2,0.9733606917001851,0.18181818181818182,REMOVE,2.73
SPY,macro_cpi_change_30d,1,-0.01723280940399111,0.42807672943551583,-0.0189459202159871,0.38360042336647415,2117,-0.0023809523809523946,0.0,10,1,0.8633335014150358,0.1,REMOVE,1.5
SPY,macro_cpi_change_30d,5,-0.01930705931210085,0.3750506677202156,-0.021461465685725895,0.32410507361826413,2113,-0.007142857142857129,-0.003968253968253954,10,1,0.8272879425597685,0.1,REMOVE,1.5
SPY,macro_unemployment_change,0,0.01114363606425095,0.608257311328065,0.01668952085225847,0.44267689049467496,2118,-0.0015873015873015817,0.0,10,1,0.9109986644726906,0.1,REMOVE,1.5
SPY,macro_unemployment_change,1,0.010462024313763878,0.6304484955437887,0.016519324496951256,0.4474510370734887,2117,-0.003968253968253977,0.0,10,1,0.9180106017321105,0.1,REMOVE,1.5
SPY,macro_us10y_change_1d,0,-0.04361378238008877,0.040991506979280015,-0.029485795864922625,0.16719837021728098,2196,-0.005050505050505042,-0.007936507936507908,11,1,0.5683815385759048,0.09090909090909091,REMOVE,1.36
SPY,macro_us10y_change_1d,2,0.007399743772874588,0.7290328428107141,-0.006617857056725678,0.7567068305182985,2194,-0.004329004329004319,0.0,11,1,0.9403716265466715,0.09090909090909091,REMOVE,1.36
SPY,macro_us10y_change_1d,20,-0.010436566707289718,0.6265599272017361,-0.017135551357860355,0.4243298642323604,2176,-0.000721500721500724,0.0,11,1,0.9180106017321105,0.09090909090909091,REMOVE,1.36
SPY,macro_us2y_change_5d,10,0.005162994118019066,0.809526760974018,-0.008430781186398582,0.6938771253504346,2182,-0.003607503607503605,0.0,11,1,0.9509129679108956,0.09090909090909091,REMOVE,1.36
SPY,macro_us2y_change_5d,20,0.012113786166776963,0.5725803771496512,0.002960070219238733,0.8903398931430347,2172,-0.007936507936507943,0.0,11,1,0.9027985325212923,0.09090909090909091,REMOVE,1.36
SPY,macro_financial_conditions_change_5d,0,-0.0009763626939836592,0.9638191757874615,0.0071229401259797695,0.7406946579660107,2161,-0.0007215007215007189,0.0,11,1,0.985237304900389,0.09090909090909091,REMOVE,1.36
SPY,macro_financial_conditions_change_5d,2,0.0006722254610324672,0.9750965639147877,0.010107759741296064,0.6387855592004514,2159,-0.002164502164502167,0.0,11,1,0.9947734004063418,0.09090909090909091,REMOVE,1.36
SPY,macro_financial_conditions_change_5d,5,0.00723471153884243,0.7370691193299974,0.021201653313306725,0.32512009139843895,2156,-0.0036075036075036097,0.0,11,1,0.9408441545212849,0.09090909090909091,REMOVE,1.36
SPY,macro_yield_curve_change_5d,3,0.008422778928390261,0.6936870987481772,0.0037338597082198764,0.8613971023536007,2189,-0.0043290043290043385,0.0,11,1,0.9337255051214596,0.09090909090909091,REMOVE,1.36
SPY,macro_us2y_change_1d,1,-0.02437143478808578,0.253728053998387,-0.022464893767554586,0.29278483117345905,2195,-0.006493506493506496,0.0,11,0,0.7475171798286386,0.0,REMOVE,0.0
SPY,macro_hy_spread_change_5d,0,-0.02079860348246272,0.57085043177243,-0.01356978828941169,0.7115477325777866,745,,,0,0,0.9027985325212923,,REMOVE,0.0
SPY,macro_hy_spread_change_5d,1,-0.0023725457205979105,0.9484879471731701,0.006451015298666096,0.860556187299147,744,,,0,0,0.978598675654858,,REMOVE,0.0
SPY,macro_hy_spread_change_5d,2,-0.01457368558694484,0.6916608820917823,0.005442240533330655,0.8822669520687145,743,,,0,0,0.9337255051214596,,REMOVE,0.0
SPY,macro_hy_spread_change_5d,3,-0.03757418559688282,0.3067127226193974,-0.03965306876403331,0.2807036401347016,742,,,0,0,0.7646810344757579,,REMOVE,0.0
SPY,macro_hy_spread_change_5d,5,-0.037388708209671294,0.3097634085162839,-0.038517880971557346,0.29536869951157013,740,,,0,0,0.7680782064027748,,REMOVE,0.0
SPY,macro_hy_spread_change_5d,10,0.025800193350169073,0.48493220863377834,-0.007601713120116219,0.8369929455051719,735,,,0,0,0.8847576117472894,,REMOVE,0.0
SPY,macro_hy_spread_change_5d,20,0.026204462231979805,0.4811337537234563,0.03163634358913376,0.3950039883773568,725,,,0,0,0.8847576117472894,,REMOVE,0.0
SPY,macro_cpi_change_30d,2,-0.017436114382133144,0.42275645178229787,-0.017457268685643932,0.42219382265475164,2116,-0.010317460317460309,-0.003968253968253954,10,0,0.8633335014150358,0.0,REMOVE,0.0
SPY,macro_unemployment_change,2,0.008959736924633333,0.680403464238288,0.011794981436869958,0.5876343065850818,2116,-0.003968253968253977,0.0,10,0,0.9335370022904369,0.0,REMOVE,0.0
SPY,macro_unemployment_change,3,0.014573633576749151,0.5029418992022626,0.018268583431576817,0.40105999449679824,2115,-0.007936507936507953,0.0,10,0,0.8847576117472894,0.0,REMOVE,0.0
SPY,macro_cpi_yoy,1,-0.08098359383427194,0.00041742285093672205,-0.0678526909362012,0.003124732798959141,1895,0.018518518518518528,0.0,9,4,0.03244660681639923,0.4444444444444444,WEAK,36.67
TSLA,macro_unemployment_level,20,0.03563421141788703,0.10030616593867764,0.013882751305222525,0.5221275131670275,2128,0.013492063492063482,0.011904761904761918,10,7,0.6915046288196716,0.7,REMOVE,65.5
TSLA,macro_unemployment_level,1,0.04030468034012445,0.061871158399537995,0.015637109770279906,0.46895570465521147,2147,0.007936507936507938,0.007936507936507908,11,7,0.6058916176663075,0.6363636363636364,REMOVE,64.55
TSLA,macro_unemployment_level,2,0.036428873072508854,0.09157603671917777,0.01367229269236548,0.526714906243308,2146,0.01082251082251084,0.007936507936507964,11,7,0.6637139435876511,0.6363636363636364,REMOVE,64.55
TSLA,macro_unemployment_level,5,0.03485713981949486,0.10670659114459878,0.013565479206847494,0.5302377813402273,2143,0.010822510822510815,0.007936507936507908,11,7,0.693592842439892,0.6363636363636364,REMOVE,64.55
TSLA,macro_us10y_change_5d,3,0.0070922272000064086,0.7401634522516883,0.007073271219436442,0.7408329647219064,2189,0.000721500721500724,0.007936507936507908,11,6,0.9408441545212849,0.5454545454545454,REMOVE,38.18
TSLA,macro_cpi_yoy,10,-0.012926962595092616,0.5747670709757009,-0.011807465983177572,0.608333492914802,1886,0.001984126984126998,0.003968253968253954,8,4,0.9027985325212923,0.5,REMOVE,37.5
TSLA,macro_cpi_change_30d,3,-0.015198087376201378,0.48481833106457234,-0.02861929672848016,0.18828552637892393,2115,0.005555555555555541,0.003968253968253954,10,5,0.8847576117472894,0.5,REMOVE,37.5
TSLA,macro_cpi_change_30d,5,-0.029227657773991014,0.17926849767553765,-0.038209659515292094,0.07908843729808368,2113,0.008730158730158732,0.0,10,5,0.7475171798286386,0.5,REMOVE,37.5
TSLA,macro_unemployment_level,10,0.03397567752757418,0.11629431527412283,0.01653723621959611,0.4447109636391825,2138,0.010317460317460314,0.003968253968253954,10,5,0.7155472726529181,0.5,REMOVE,37.5
TSLA,macro_cpi_change_30d,20,-0.027246127794629434,0.21222611281139783,-0.021187624630737832,0.33204301181387974,2098,-0.0015873015873016038,0.007936507936507908,10,6,0.7475171798286386,0.6,REMOVE,9.0
TSLA,macro_cpi_change_30d,0,-0.004200434575521248,0.8468038927886059,-0.012558017662692097,0.5635184444535318,2118,0.0,0.003968253968253954,10,5,0.951851883396611,0.5,REMOVE,7.5
TSLA,macro_fed_funds_change_5d,0,-0.04551355483020081,0.033107376944984966,-0.027229252034785507,0.20253940713305665,2192,0.004329004329004329,0.0,11,5,0.5579206114803023,0.45454545454545453,REMOVE,6.82
TSLA,macro_fed_funds_change_5d,2,-0.014218305509344704,0.5060287654415392,-0.021206863075823222,0.3212113012331461,2190,-0.0021645021645021467,0.0,11,5,0.8872566022192692,0.45454545454545453,REMOVE,6.82
TSLA,macro_us10y_change_1d,1,0.009588825899404156,0.6534324899496363,0.002232562806073906,0.916742443225211,2195,0.005050505050505053,0.0,11,5,0.9200147605480431,0.45454545454545453,REMOVE,6.82
TSLA,macro_us2y_change_1d,1,0.015421201579386312,0.47021613254183964,0.013371549607214326,0.5312235786245013,2195,0.0036075036075035945,0.0,11,5,0.8828065135292916,0.45454545454545453,REMOVE,6.82
TSLA,macro_us2y_change_1d,3,0.0018074917410478082,0.9325828142665693,0.010319244445788323,0.6291083971408936,2193,2.0185873175002847e-17,0.0,11,5,0.975460185037446,0.45454545454545453,REMOVE,6.82
TSLA,macro_us2y_change_1d,10,0.007511821853078091,0.725575679369189,-0.00274068352558246,0.8980961676043058,2186,-0.004329004329004313,0.0,11,5,0.9403716265466715,0.45454545454545453,REMOVE,6.82
TSLA,macro_us2y_change_5d,20,0.038783183204742555,0.07074375868778209,0.014369422879082829,0.5032837267928968,2172,0.0007215007215007139,0.0,11,5,0.643768204058817,0.45454545454545453,REMOVE,6.82
TSLA,macro_unemployment_level,0,0.03792478277932982,0.0788682606898957,0.013442421751658355,0.5334981385997735,2148,0.0050505050505050475,0.0,11,5,0.6574998512736118,0.45454545454545453,REMOVE,6.82
TSLA,macro_unemployment_level,3,0.04031580285911864,0.06192079169556769,0.015170688036637434,0.4825243348984208,2145,0.010101010101010121,0.0,11,5,0.6058916176663075,0.45454545454545453,REMOVE,6.82
TSLA,macro_yield_curve_change_5d,1,0.004944118945183698,0.8170862095355838,0.0062077074580056246,0.7715040567885395,2191,-0.007936507936507929,0.0,11,5,0.951851883396611,0.45454545454545453,REMOVE,6.82
TSLA,macro_yield_curve_change_5d,2,-0.0032200109509476094,0.8802891989532552,-0.0008601450872048102,0.9679100708019992,2190,-0.0050505050505050475,0.0,11,5,0.9550851186455056,0.45454545454545453,REMOVE,6.82
TSLA,macro_yield_curve_change_5d,20,-0.010680185210463678,0.6188543365693848,-0.0013653470729188702,0.9492926982572001,2172,-0.006493506493506481,0.0,11,5,0.9142166335684093,0.45454545454545453,REMOVE,6.82
TSLA,macro_cpi_yoy,1,-0.01169175106953162,0.6110030714639448,-0.013753714224427387,0.5496034855867016,1895,-0.0017636684303350845,0.0,9,4,0.9114575880137186,0.4444444444444444,REMOVE,6.67
TSLA,macro_cpi_yoy,2,-0.01092437729798827,0.634694022631409,-0.012614382735297547,0.5832534010543368,1894,0.0,0.0,9,4,0.9180106017321105,0.4444444444444444,REMOVE,6.67
TSLA,macro_unemployment_change,20,0.009066379696715242,0.6781149208935389,-0.01741915900156716,0.4251891873998761,2098,0.003174603174603169,0.0,10,4,0.933246662430795,0.4,REMOVE,6.0
TSLA,macro_fed_funds_change_5d,1,-0.026829603957108265,0.2093507910071274,-0.019818534192150843,0.3538071404049956,2191,-0.0007215007215007139,0.0,11,4,0.7475171798286386,0.36363636363636365,REMOVE,5.45
TSLA,macro_fed_funds_change_5d,3,-0.01671796334603749,0.43433974033972644,-0.020035605845861785,0.3487793909437058,2189,-0.007936507936507929,0.0,11,4,0.8705928716060596,0.36363636363636365,REMOVE,5.45
TSLA,macro_fed_funds_change_5d,10,-0.026923824524593083,0.20869217211421642,-0.018622909789626167,0.3845802130671722,2182,-0.005050505050505042,-0.007936507936507908,11,4,0.7475171798286386,0.36363636363636365,REMOVE,5.45
TSLA,macro_us10y_change_1d,0,-0.012695319162429662,0.5521062623530837,-0.0009854469899191135,0.9631881115132722,2196,-0.002886002886002871,0.0,11,4,0.8931944514265077,0.36363636363636365,REMOVE,5.45
TSLA,macro_us10y_change_1d,2,0.008201167923548528,0.7010292153632043,-0.0068134470937605334,0.7497532533966058,2194,-0.004329004329004319,-0.007936507936507908,11,4,0.9359538158433817,0.36363636363636365,REMOVE,5.45
TSLA,macro_us10y_change_1d,3,0.015722308823700435,0.4617956862186422,0.018822121095070483,0.3783147885408944,2193,-0.0007215007215007189,-0.007936507936507908,11,4,0.8804841151712511,0.36363636363636365,REMOVE,5.45
TSLA,macro_us10y_change_1d,5,0.01615544536019183,0.4497548510176995,0.01678274121089181,0.43235065165173947,2191,-0.007936507936507938,-0.007936507936507908,11,4,0.8804841151712511,0.36363636363636365,REMOVE,5.45
TSLA,macro_us10y_change_5d,20,0.03261306959085906,0.1286487078208253,0.020147338920220838,0.3479793814940967,2172,0.004329004329004344,0.0,11,4,0.732295668331343,0.36363636363636365,REMOVE,5.45
TSLA,macro_us2y_change_1d,0,0.0033826347716427547,0.8741214956053265,0.012898110909398897,0.5457733119402016,2196,-0.002886002886002886,0.0,11,4,0.9549011113509713,0.36363636363636365,REMOVE,5.45
TSLA,macro_us2y_change_1d,20,0.015264657253315626,0.4766554177287896,-0.001750554511290257,0.9349549926805614,2176,-0.004329004329004334,-0.007936507936507908,11,4,0.8847576117472894,0.36363636363636365,REMOVE,5.45
TSLA,macro_us2y_change_5d,2,0.022209217429734477,0.29886558510577765,0.01508972762039275,0.48031402965879716,2190,-0.005772005772005772,-0.007936507936507908,11,4,0.7512919404592754,0.36363636363636365,REMOVE,5.45
TSLA,macro_us2y_change_5d,3,0.013883846301001923,0.5161830618707235,0.009942946478855512,0.6419716096071189,2189,-0.0007215007215007088,0.0,11,4,0.8877189677570687,0.36363636363636365,REMOVE,5.45
TSLA,macro_us2y_change_5d,5,-0.014551951984309293,0.49639404434836193,-0.017449432548580016,0.4147147820079903,2187,0.001443001443001448,-0.007936507936507908,11,4,0.8847576117472894,0.36363636363636365,REMOVE,5.45
TSLA,macro_us2y_change_5d,10,-0.02450475521992237,0.2525493513838271,-0.04967401648109932,0.02031547932578078,2182,-0.002164502164502152,-0.007936507936507908,11,4,0.7475171798286386,0.36363636363636365,REMOVE,5.45
TSLA,macro_yield_curve_10y2y,0,0.0127127456567459,0.5514699529031466,0.015966017902787934,0.45447003388494206,2197,0.002164502164502177,0.0,11,4,0.8931944514265077,0.36363636363636365,REMOVE,5.45
TSLA,macro_yield_curve_10y2y,2,0.014592816578592235,0.4943967845736911,0.017514807494457343,0.4121142415596346,2195,-0.001443001443001443,0.0,11,4,0.8847576117472894,0.36363636363636365,REMOVE,5.45
TSLA,macro_yield_curve_10y2y,5,0.01348642983165726,0.5279836468864373,0.016112514758254693,0.4508568799413648,2192,0.005772005772005787,0.0,11,4,0.8914009622758032,0.36363636363636365,REMOVE,5.45
TSLA,macro_yield_curve_change_5d,5,-0.016940462278408123,0.42845927662307687,-0.014810267253687795,0.4887805646888777,2187,2.0185873175002847e-17,0.0,11,4,0.8633335014150358,0.36363636363636365,REMOVE,5.45
TSLA,macro_cpi_yoy,0,-0.012436775036681353,0.5883702113358714,-0.01545324426171336,0.5012792618018813,1896,-0.008818342151675485,-0.007936507936507908,9,3,0.9075222560428762,0.3333333333333333,REMOVE,5.0
TSLA,macro_cpi_yoy,3,-0.013910608559190804,0.5452714441393867,-0.01351567373253101,0.5567425848545408,1893,-0.0035273368606701817,0.0,9,3,0.8931944514265077,0.3333333333333333,REMOVE,5.0
TSLA,macro_cpi_yoy,5,-0.016128446878942954,0.48334201816506445,-0.01659404457986806,0.4708018580367235,1891,-0.001763668430335103,0.0,9,3,0.8847576117472894,0.3333333333333333,REMOVE,5.0
TSLA,macro_cpi_change_30d,1,-0.009704997197177835,0.6553934666874586,-0.01765493951834815,0.4168475218591544,2117,-0.003968253968253977,-0.003968253968253954,10,3,0.9200147605480431,0.3,REMOVE,4.5
TSLA,macro_cpi_change_30d,10,-0.022688532866802058,0.29777629719837795,-0.018881653622363624,0.38622936475689346,2108,-0.01349206349206349,-0.015873015873015844,10,3,0.7512919404592754,0.3,REMOVE,4.5
TSLA,macro_unemployment_change,0,-0.006042583640669475,0.7810672099977108,-0.02805540249861899,0.19682503969012166,2118,-0.005555555555555547,0.0,10,3,0.9509129679108956,0.3,REMOVE,4.5
TSLA,macro_us10y_change_1d,20,0.01223560950508072,0.5683688665831843,-0.0006490602250846504,0.975859922594743,2176,-0.013708513708513696,-0.007936507936507964,11,3,0.9027985325212923,0.2727272727272727,REMOVE,4.09
TSLA,macro_us10y_change_5d,1,0.013751900775183205,0.5199881384170805,0.007711245430698897,0.7182876327438802,2191,0.002886002886002901,0.0,11,3,0.8877189677570687,0.2727272727272727,REMOVE,4.09
TSLA,macro_us10y_change_5d,5,-0.026319419285329902,0.21856724091448732,-0.031832563257430516,0.13670140019912697,2187,1.0092936587501423e-17,0.0,11,3,0.7475171798286386,0.2727272727272727,REMOVE,4.09
TSLA,macro_us10y_change_5d,10,-0.028065401914290123,0.1900285455272214,-0.0359011974069164,0.09362228671626689,2182,-0.001443001443001448,0.0,11,3,0.7475171798286386,0.2727272727272727,REMOVE,4.09
TSLA,macro_us2y_change_1d,5,0.011132098078572,0.602512130432208,0.027709013779503158,0.19479791457115,2191,-0.01010101010101009,0.0,11,3,0.9109986644726906,0.2727272727272727,REMOVE,4.09
TSLA,macro_us2y_change_5d,0,0.006415611764697737,0.7640223186019931,0.021607082940832512,0.3119404817290652,2192,-0.002164502164502162,0.0,11,3,0.9498091665680515,0.2727272727272727,REMOVE,4.09
TSLA,macro_financial_conditions_change_5d,0,0.01287918408761207,0.5495815130824444,0.011003359414235095,0.609191541599925,2161,-0.008658008658008658,0.0,11,3,0.8931944514265077,0.2727272727272727,REMOVE,4.09
TSLA,macro_financial_conditions_change_5d,1,0.011585453231991009,0.5904737812989449,0.014852433818880106,0.4902462432027753,2160,-0.007936507936507919,0.0,11,3,0.9091897478545513,0.2727272727272727,REMOVE,4.09
TSLA,macro_financial_conditions_change_5d,2,0.01207830894204018,0.5748557851660125,0.01632302038428208,0.4484144252087102,2159,-0.005772005772005772,0.0,11,3,0.9027985325212923,0.2727272727272727,REMOVE,4.09
TSLA,macro_financial_conditions_change_5d,3,0.013252647388028784,0.5383483680885465,0.01928126987882055,0.37064718757404047,2158,-0.005772005772005751,-0.007936507936507908,11,3,0.8931944514265077,0.2727272727272727,REMOVE,4.09
TSLA,macro_financial_conditions_change_5d,10,0.00022323217695798594,0.9917442449910526,0.01882785725755237,0.38278049231665096,2151,-0.002886002886002881,0.0,11,3,0.99961506003799,0.2727272727272727,REMOVE,4.09
TSLA,macro_yield_curve_10y2y,1,0.01416163841039719,0.5071442004002146,0.017634983842268172,0.4088066649417559,2196,-0.002886002886002871,-0.007936507936507908,11,3,0.8875023507003755,0.2727272727272727,REMOVE,4.09
TSLA,macro_yield_curve_10y2y,3,0.01398518527402039,0.5126435826121977,0.018068991827744917,0.39758561039136303,2194,0.0014430014430014378,-0.007936507936507908,11,3,0.8877189677570687,0.2727272727272727,REMOVE,4.09
TSLA,macro_yield_curve_10y2y,10,0.015861420906999713,0.45845833504943323,0.019936355342921732,0.3513930357022264,2187,0.005050505050505063,0.0,11,3,0.8804841151712511,0.2727272727272727,REMOVE,4.09
TSLA,macro_cpi_yoy,20,-0.015897309827863533,0.49136349087274434,-0.016684966870614843,0.47014601645501164,1876,-0.001984126984126984,0.0,8,2,0.8847576117472894,0.25,REMOVE,3.75
TSLA,macro_cpi_change_30d,2,-0.002977118044782554,0.8911360725799565,-0.015272319790930003,0.48258404179743375,2116,-0.004761904761904773,0.0,10,2,0.9574189209536723,0.2,REMOVE,3.0
TSLA,macro_unemployment_change,1,-0.0014112479212799026,0.9482580602073613,-0.02751426361046352,0.20571112842038278,2117,-0.007142857142857145,0.0,10,2,0.978598675654858,0.2,REMOVE,3.0
TSLA,macro_unemployment_change,3,0.0069713890470485766,0.7486480953961208,-0.02268563336667654,0.2970363245670424,2115,-0.010317460317460331,-0.007936507936507964,10,2,0.9453837151663301,0.2,REMOVE,3.0
TSLA,macro_fed_funds_change_5d,5,0.014370092513910577,0.5017917689604429,-0.011462862312196606,0.5921132702952022,2187,-0.012987012987012981,-0.007936507936507964,11,2,0.8847576117472894,0.18181818181818182,REMOVE,2.73
TSLA,macro_us10y_change_1d,10,0.0031015761390271917,0.8847656648551223,0.008805408536308063,0.6807304655160709,2186,-0.0028860028860028908,0.0,11,2,0.9550851186455056,0.18181818181818182,REMOVE,2.73
TSLA,macro_us10y_change_5d,0,0.00025788843338662515,0.9903720489599392,0.0019170020155705317,0.9285251225688779,2192,-0.002164502164502182,0.0,11,2,0.99961506003799,0.18181818181818182,REMOVE,2.73
TSLA,macro_us2y_change_1d,2,-0.00010168456574806517,0.9962019191628743,-0.0026905276033437056,0.8997690220063335,2194,-0.0072150072150072245,-0.007936507936507908,11,2,0.9999801193983082,0.18181818181818182,REMOVE,2.73
TSLA,macro_us2y_change_5d,1,0.01016416649633063,0.6344261485594941,0.008366265501369648,0.6955071188312459,2191,-0.005772005772005772,0.0,11,2,0.9180106017321105,0.18181818181818182,REMOVE,2.73
TSLA,macro_yield_curve_change_5d,0,-0.009482168296398991,0.6572591455333774,-0.013304303989123788,0.5335712099041843,2192,-0.01298701298701297,-0.007936507936507908,11,2,0.9200147605480431,0.18181818181818182,REMOVE,2.73
TSLA,macro_yield_curve_change_5d,3,-0.010763110130215638,0.6147548499840128,-0.014487299760500312,0.4981128293561011,2189,-0.002886002886002896,0.0,11,2,0.9114575880137186,0.18181818181818182,REMOVE,2.73
TSLA,macro_financial_conditions_change_5d,20,0.0013355571596405044,0.9507528233198855,0.006353054068238474,0.7689160206928033,2141,-0.005555555555555541,0.0,10,1,0.9795446167142022,0.1,REMOVE,1.5
TSLA,macro_unemployment_change,2,-0.0030467379837336383,0.8886066918300533,-0.031344450766036536,0.14948670662024968,2116,-0.0119047619047619,-0.003968253968253954,10,1,0.9558298931032487,0.1,REMOVE,1.5
TSLA,macro_unemployment_change,10,0.0068054560752291385,0.7548300756396515,-0.014493396672664237,0.5060025294917756,2108,-0.0015873015873015873,0.0,10,1,0.9461814409214081,0.1,REMOVE,1.5
TSLA,macro_fed_funds_change_5d,20,-0.0035474332075242526,0.8687609997073555,-0.0075558030537221646,0.7248844565933815,2172,-0.008658008658008658,0.0,11,1,0.9547977170696782,0.09090909090909091,REMOVE,1.36
TSLA,macro_us10y_change_5d,2,0.020695990517762945,0.3330094043740532,0.01686028058357133,0.4303321035605093,2190,-0.009379509379509376,-0.00793650793650802,11,1,0.7871131376113985,0.09090909090909091,REMOVE,1.36
TSLA,macro_financial_conditions_change_5d,5,0.01175473454045893,0.5854049146996272,0.01811289792293115,0.400564873038524,2156,-0.008658008658008637,0.0,11,1,0.9075222560428762,0.09090909090909091,REMOVE,1.36
TSLA,macro_yield_curve_10y2y,20,0.009930551112072163,0.6433011050272003,0.007583595749720954,0.7236088465896455,2177,-0.008658008658008658,-0.007936507936507964,11,1,0.9200147605480431,0.09090909090909091,REMOVE,1.36
TSLA,macro_yield_curve_change_5d,10,-0.004301127085877142,0.8408553181551484,-0.002058344163767545,0.9234458070636247,2182,-0.018759018759018753,-0.007936507936507908,11,1,0.951851883396611,0.09090909090909091,REMOVE,1.36
TSLA,macro_hy_spread_change_5d,0,-0.021470123369120946,0.5584779569726915,-0.008316387526251771,0.8207223751922617,745,,,0,0,0.8963226469932086,,REMOVE,0.0
TSLA,macro_hy_spread_change_5d,1,-0.034105518937027436,0.35289912793918105,-0.028885898395387175,0.4314331181848353,744,,,0,0,0.8080410775151874,,REMOVE,0.0
TSLA,macro_hy_spread_change_5d,2,-0.04324436171807669,0.23906697152578182,-0.03202631125036934,0.38335686065184116,743,,,0,0,0.7475171798286386,,REMOVE,0.0
TSLA,macro_hy_spread_change_5d,3,-0.03857435189328911,0.2940069634650264,-0.03571846719065415,0.33123504738167303,742,,,0,0,0.7475171798286386,,REMOVE,0.0
TSLA,macro_hy_spread_change_5d,5,-0.007237199472262879,0.8441852818522282,0.008391433264549804,0.8197319262087893,740,,,0,0,0.951851883396611,,REMOVE,0.0
TSLA,macro_hy_spread_change_5d,10,0.025942085413759166,0.4825332502306175,0.006017236829589597,0.8706314791004132,735,,,0,0,0.8847576117472894,,REMOVE,0.0
TSLA,macro_hy_spread_change_5d,20,0.0440729188399906,0.23592733397733512,0.012361527550934073,0.7396758123119197,725,,,0,0,0.7475171798286386,,REMOVE,0.0
TSLA,macro_unemployment_change,5,0.0066338476401823915,0.7605462809760645,-0.01466527650516441,0.5004628536187126,2113,-0.006349206349206338,-0.003968253968253954,10,0,0.9480782406687926,0.0,REMOVE,0.0
XOM,macro_us10y_change_1d,1,-0.03392418181594249,0.11207665939053271,-0.042604381448994234,0.04595355254779076,2195,0.01731601731601733,0.015873015873015928,11,9,0.7033776554854122,0.8181818181818182,REMOVE,67.27
XOM,macro_unemployment_level,5,-0.018188359167891795,0.4000321353143644,0.019172904387310993,0.37501091334756326,2143,0.016594516594516603,0.023809523809523836,11,8,0.850416680349462,0.7272727272727273,REMOVE,65.91
XOM,macro_yield_curve_change_5d,0,-0.036266555904444074,0.08959338632739325,-0.038819475971564855,0.06919729037651633,2192,0.029581529581529577,0.031746031746031744,11,8,0.6574998512736118,0.7272727272727273,REMOVE,65.91
XOM,macro_cpi_yoy,1,0.043558293531853455,0.057985074522270044,0.0423272062798528,0.06544872133180187,1895,0.012345679012345685,0.015873015873015872,9,6,0.5933975992534858,0.6666666666666666,REMOVE,65.0
XOM,macro_cpi_yoy,3,0.04630067888639091,0.043985575945541686,0.04550452029284177,0.04775337968556843,1893,0.01763668430335097,0.007936507936507964,9,6,0.5683815385759048,0.6666666666666666,REMOVE,65.0
XOM,macro_fed_funds_change_5d,2,0.026911063351693142,0.20807449811137455,0.021831610904889394,0.3071588309179995,2190,0.007936507936507919,0.007936507936507908,11,7,0.7475171798286386,0.6363636363636364,REMOVE,64.55
XOM,macro_us10y_change_5d,0,-0.040480710474816876,0.058098506931983665,-0.043606077828194444,0.04121200933900452,2192,0.013708513708513696,0.015873015873015872,11,7,0.5933975992534858,0.6363636363636364,REMOVE,64.55
XOM,macro_us10y_change_5d,1,-0.029568510013213683,0.16649352815061072,-0.03327967601337798,0.11939893793521496,2191,0.007215007215007215,0.007936507936507908,11,7,0.7475171798286386,0.6363636363636364,REMOVE,64.55
XOM,macro_us2y_change_1d,10,-0.005653190017758317,0.7916535380498153,0.0059746139495461875,0.7801037190426245,2186,0.012265512265512257,0.007936507936507908,11,7,0.9509129679108956,0.6363636363636364,REMOVE,64.55
XOM,macro_us2y_change_1d,20,-0.005062872925258213,0.8134041482764349,-0.016756373378582004,0.434655136715798,2176,0.020923520923520934,0.02380952380952378,11,7,0.951851883396611,0.6363636363636364,REMOVE,64.55
XOM,macro_financial_conditions_change_5d,2,0.013425981305860583,0.5329523326920468,0.012163290903114523,0.5721680426741999,2159,0.005772005772005767,0.007936507936507908,11,7,0.8915195271135341,0.6363636363636364,REMOVE,64.55
XOM,macro_unemployment_level,3,-0.017057197592411796,0.4297693144406717,0.019715317385097186,0.361424275557868,2145,0.022366522366522368,0.02380952380952378,11,7,0.8633335014150358,0.6363636363636364,REMOVE,64.55
XOM,macro_yield_curve_10y2y,2,0.0059651284443809054,0.7800034854437713,0.011027963920716576,0.6055816125646708,2195,0.02092352092352093,0.023809523809523836,11,7,0.9509129679108956,0.6363636363636364,REMOVE,64.55
XOM,macro_yield_curve_10y2y,3,0.007950946846121057,0.7097311284031526,0.014446370180706007,0.4988375825468859,2194,0.019480519480519473,0.02380952380952378,11,7,0.9359538158433817,0.6363636363636364,REMOVE,64.55
XOM,macro_yield_curve_10y2y,5,0.008032400745262092,0.7070217870320501,0.014181420178636649,0.5069388580995106,2192,0.018759018759018753,0.023809523809523836,11,7,0.9359538158433817,0.6363636363636364,REMOVE,64.55
XOM,macro_cpi_change_30d,20,-0.04005887955897604,0.06658026273852077,-0.05971725246370766,0.006217275734867942,2098,0.013492063492063505,0.023809523809523836,10,6,0.6311254072088949,0.6,REMOVE,64.0
XOM,macro_unemployment_level,10,-0.028870081278101267,0.18207048910265428,0.01315250647381017,0.5433048987356884,2138,0.01587301587301588,0.011904761904761946,10,6,0.7475171798286386,0.6,REMOVE,64.0
XOM,macro_unemployment_level,20,-0.032461438128360484,0.1344013480178621,0.015349518738666796,0.479129843870766,2128,0.012698412698412691,0.015873015873015872,10,6,0.7333434121890994,0.6,REMOVE,64.0
XOM,macro_cpi_yoy,0,0.04359205786121313,0.057724688962118104,0.042643551782741464,0.06338921707545771,1896,0.010582010582010606,0.015873015873015928,9,5,0.5933975992534858,0.5555555555555556,REMOVE,38.33
XOM,macro_us10y_change_1d,0,-0.025356589016002226,0.23492712553900905,-0.0138902610553101,0.5153181516813208,2196,0.017316017316017316,0.007936507936507908,11,6,0.7475171798286386,0.5454545454545454,REMOVE,38.18
XOM,macro_us10y_change_5d,5,0.02573329794371922,0.22900014802851218,0.020013925255349355,0.3495217946957713,2187,0.006493506493506485,0.007936507936507908,11,6,0.7475171798286386,0.5454545454545454,REMOVE,38.18
XOM,macro_us2y_change_5d,0,-0.015840189523738852,0.4585466379361615,-0.015042443118827959,0.48149054545540365,2192,0.0036075036075035897,0.007936507936507908,11,6,0.8804841151712511,0.5454545454545454,REMOVE,38.18
XOM,macro_us2y_change_5d,1,-0.008848410631533151,0.6789113082738311,-0.0023184817482393002,0.9136292345846799,2191,0.01082251082251081,0.007936507936507908,11,6,0.933246662430795,0.5454545454545454,REMOVE,38.18
XOM,macro_unemployment_level,0,-0.02009249825489584,0.3519729183984226,0.012241428901104474,0.5706879320542468,2148,0.020202020202020225,0.023809523809523836,11,6,0.8080410775151874,0.5454545454545454,REMOVE,38.18
XOM,macro_yield_curve_10y2y,0,0.0024000129532937235,0.9104825108850668,0.008140886065485168,0.7029286245757056,2197,0.01443001443001442,0.007936507936507908,11,6,0.966567574702531,0.5454545454545454,REMOVE,38.18
XOM,macro_yield_curve_10y2y,1,0.0035901059324538786,0.8664711789260653,0.009476143719449244,0.6571702556666695,2196,0.015873015873015876,0.007936507936507908,11,6,0.9545868920371906,0.5454545454545454,REMOVE,38.18
XOM,macro_yield_curve_change_5d,20,-0.028255058642405562,0.18806536148843633,-0.017641604355550615,0.41120627593945525,2172,0.0101010101010101,0.007936507936507964,11,6,0.7475171798286386,0.5454545454545454,REMOVE,38.18
XOM,macro_cpi_change_30d,0,0.03703057406747775,0.08842041867927529,0.02900604369190237,0.1820724291423629,2118,0.005555555555555558,0.003968253968253954,10,5,0.6574998512736118,0.5,REMOVE,37.5
XOM,macro_cpi_change_30d,10,0.02379603976804291,0.27480970037364,0.015871437094655192,0.46641874951092666,2108,0.015873015873015883,0.003968253968253982,10,5,0.7475171798286386,0.5,REMOVE,37.5
XOM,macro_unemployment_change,0,0.023715400536663288,0.2753023799940206,0.029365112666786646,0.17671884600240145,2118,0.009523809523809518,0.003968253968253982,10,5,0.7475171798286386,0.5,REMOVE,37.5
XOM,macro_unemployment_change,1,0.03488820698725741,0.10854285968806814,0.03649764369657442,0.09318015270005603,2117,0.005555555555555547,0.003968253968253954,10,5,0.696330816314191,0.5,REMOVE,37.5
XOM,macro_unemployment_change,2,0.035373443137675,0.10379531126570406,0.03999670562975847,0.06584206779119717,2116,0.006349206349206343,0.003968253968253954,10,5,0.693592842439892,0.5,REMOVE,37.5
XOM,macro_unemployment_change,20,0.02809127717488341,0.1983809924668932,0.051514750417871506,0.018287815698001086,2098,0.011904761904761923,0.007936507936507936,10,5,0.7475171798286386,0.5,REMOVE,37.5
XOM,macro_us10y_change_5d,10,0.03247076655376589,0.12944317796962931,0.03205087160919068,0.13447572024594873,2182,-0.002886002886002896,0.007936507936507908,11,7,0.732295668331343,0.6363636363636364,REMOVE,9.55
XOM,macro_cpi_change_30d,2,0.021602999984282858,0.32057999675975835,0.021725661451338907,0.31783936312099775,2116,-0.0023809523809523946,0.01190476190476189,10,6,0.7711740071113223,0.6,REMOVE,9.0
XOM,macro_fed_funds_change_5d,0,0.018846267844340743,0.377812143215575,0.02368263417097364,0.26772559275045293,2192,0.0028860028860028756,0.0,11,5,0.8272879425597685,0.45454545454545453,REMOVE,6.82
XOM,macro_us10y_change_1d,2,-0.023300801613036378,0.2752996132369124,-0.034027337439838386,0.11107075165404744,2194,0.005772005772005767,0.0,11,5,0.7475171798286386,0.45454545454545453,REMOVE,6.82
XOM,macro_us10y_change_1d,3,0.016043445082099858,0.4526971139807819,0.02186346591090473,0.306121941066354,2193,0.006493506493506485,0.0,11,5,0.8804841151712511,0.45454545454545453,REMOVE,6.82
XOM,macro_us10y_change_1d,20,-0.009953333752266109,0.6426162292832702,-0.004025323272612203,0.8511395842950537,2176,0.009379509379509382,0.0,11,5,0.9200147605480431,0.45454545454545453,REMOVE,6.82
XOM,macro_us2y_change_1d,0,-0.015686999637763238,0.46249605170533853,-0.013898598020987744,0.5150660264423609,2196,0.0043290043290043385,0.0,11,5,0.8804841151712511,0.45454545454545453,REMOVE,6.82
XOM,macro_us2y_change_1d,1,-0.008435454669671685,0.6928503162234453,-0.02127216957994272,0.31917058867281156,2195,0.005772005772005767,0.0,11,5,0.9337255051214596,0.45454545454545453,REMOVE,6.82
XOM,macro_us2y_change_1d,2,-0.006284494130732371,0.7686036892708712,-0.006777206472826386,0.7510401585766551,2194,0.004329004329004313,0.0,11,5,0.9509129679108956,0.45454545454545453,REMOVE,6.82
XOM,macro_us2y_change_5d,3,0.0015398081008570518,0.9426007062183724,0.0028666930273373256,0.8933654750309556,2189,0.002886002886002881,0.0,11,5,0.978598675654858,0.45454545454545453,REMOVE,6.82
XOM,macro_us2y_change_5d,5,0.0068066433826580565,0.7503810870034251,0.012918544706303568,0.5459630893992076,2187,-0.0007215007215007139,0.0,11,5,0.9453837151663301,0.45454545454545453,REMOVE,6.82
XOM,macro_us2y_change_5d,10,0.02471448536577218,0.24851047253259498,0.01830216821017102,0.39282224136739957,2182,0.01731601731601731,0.0,11,5,0.7475171798286386,0.45454545454545453,REMOVE,6.82
XOM,macro_us2y_change_5d,20,0.004954841426943731,0.8174799025834505,-0.014181172422012727,0.5088930293479751,2172,-0.0043290043290043385,-0.007936507936507908,11,5,0.951851883396611,0.45454545454545453,REMOVE,6.82
XOM,macro_financial_conditions_change_5d,1,0.007890508847595967,0.713983701559153,0.014102189263973173,0.512426734520852,2160,0.0036075036075035997,0.0,11,5,0.9359538158433817,0.45454545454545453,REMOVE,6.82
XOM,macro_financial_conditions_change_5d,3,0.007969221660750694,0.7113856021944682,0.003693417892745541,0.8638493122935744,2158,0.004329004329004319,-0.007936507936507908,11,5,0.9359538158433817,0.45454545454545453,REMOVE,6.82
XOM,macro_financial_conditions_change_5d,5,0.010928313014160033,0.6120478476944824,0.01493457331793405,0.48825322311134756,2156,0.011544011544011553,0.0,11,5,0.9114575880137186,0.45454545454545453,REMOVE,6.82
XOM,macro_unemployment_level,1,-0.015089470820148028,0.4846681087872536,0.015722176572936945,0.46654056085412005,2147,0.014430014430014439,0.0,11,5,0.8847576117472894,0.45454545454545453,REMOVE,6.82
XOM,macro_unemployment_level,2,-0.01946496818262783,0.3674429296482022,0.016300203113226074,0.4504193408586108,2146,0.02020202020202019,0.0,11,5,0.8215554446679705,0.45454545454545453,REMOVE,6.82
XOM,macro_yield_curve_10y2y,10,0.004123158222279786,0.8471848314229897,0.011487158949406764,0.5913285055176861,2187,0.009379509379509387,0.0,11,5,0.951851883396611,0.45454545454545453,REMOVE,6.82
XOM,macro_yield_curve_change_5d,5,0.027978146693892536,0.19090165858448202,0.023792993379550226,0.26604809002250984,2187,5.046468293750712e-18,0.0,11,5,0.7475171798286386,0.45454545454545453,REMOVE,6.82
XOM,macro_cpi_yoy,2,0.04661091636463929,0.04253214484528527,0.045569963381286556,0.047375173471323556,1894,0.011463844797178126,0.0,9,4,0.5683815385759048,0.4444444444444444,REMOVE,6.67
XOM,macro_cpi_yoy,5,0.05094716525033475,0.0267296450990259,0.05120418761109861,0.025971698106748466,1891,0.0,0.0,9,4,0.5175314263853951,0.4444444444444444,REMOVE,6.67
XOM,macro_cpi_change_30d,1,0.026401036325358906,0.22466036753482652,0.01971970134244916,0.3644740256097209,2117,-0.008730158730158737,-0.019841269841269854,10,4,0.7475171798286386,0.4,REMOVE,6.0
XOM,macro_cpi_change_30d,5,0.02394188679850391,0.2713093603343796,0.02058888844199701,0.3441702698329931,2113,-0.015079365079365087,-0.003968253968253954,10,4,0.7475171798286386,0.4,REMOVE,6.0
XOM,macro_unemployment_change,3,0.032725136189685686,0.13244913738501493,0.04343661423845935,0.04578459108675219,2115,0.0015873015873015706,-0.01190476190476189,10,4,0.7333434121890994,0.4,REMOVE,6.0
XOM,macro_unemployment_change,5,0.0375111878316616,0.084729982710546,0.038975183228352465,0.07326000824107155,2113,0.0015873015873015927,0.0,10,4,0.6574998512736118,0.4,REMOVE,6.0
XOM,macro_cpi_yoy,20,0.046888905664119025,0.04229012536647737,0.051034517870597866,0.02707631865881492,1876,0.0009920634920634885,-0.003968253968253954,8,3,0.5683815385759048,0.375,REMOVE,5.62
XOM,macro_fed_funds_change_5d,1,0.014090722953223871,0.5097567062845962,-0.004782900117696685,0.8229502210522603,2191,-0.001443001443001448,0.0,11,4,0.8877189677570687,0.36363636363636365,REMOVE,5.45
XOM,macro_fed_funds_change_5d,3,0.03676185931819267,0.08551122826532775,0.02486642385902152,0.24485610115708809,2189,0.00721500721500721,0.0,11,4,0.6574998512736118,0.36363636363636365,REMOVE,5.45
XOM,macro_us10y_change_1d,5,-0.0013985409588514383,0.9478350256172986,-0.0034806527371174637,0.8706520301264098,2191,-0.005772005772005772,0.0,11,4,0.978598675654858,0.36363636363636365,REMOVE,5.45
XOM,macro_us10y_change_1d,10,-0.013521288177423369,0.5274843891215827,-0.0026128533840961876,0.9028250047609879,2186,0.010822510822510829,0.0,11,4,0.8914009622758032,0.36363636363636365,REMOVE,5.45
XOM,macro_us2y_change_1d,3,0.0031078094590467277,0.8843520623447492,0.008715837127392118,0.6833227613656894,2193,0.0036075036075036097,0.0,11,4,0.9550851186455056,0.36363636363636365,REMOVE,5.45
XOM,macro_financial_conditions_change_5d,0,0.010612241853557984,0.621973699673707,0.014265664080421805,0.5074512003539363,2161,0.000721500721500724,0.0,11,4,0.915536236467129,0.36363636363636365,REMOVE,5.45
XOM,macro_financial_conditions_change_5d,10,0.012775106081058186,0.5537335428992448,0.012481685733993683,0.5628776128699435,2151,0.007936507936507929,0.0,11,4,0.8931944514265077,0.36363636363636365,REMOVE,5.45
XOM,macro_yield_curve_10y2y,20,0.0054728352635197595,0.7985619734458459,0.012088414787016158,0.5729433881265961,2177,-0.002164502164502172,0.0,11,4,0.9509129679108956,0.36363636363636365,REMOVE,5.45
XOM,macro_yield_curve_change_5d,1,-0.030637516632253798,0.1516856837812034,-0.03526046419242407,0.09893327972756254,2191,0.006493506493506481,0.0,11,4,0.7475171798286386,0.36363636363636365,REMOVE,5.45
XOM,macro_yield_curve_change_5d,3,0.005743856263967526,0.7882489909709621,-0.0033273302136432766,0.876358983449644,2189,0.0028860028860028756,0.0,11,4,0.9509129679108956,0.36363636363636365,REMOVE,5.45
XOM,macro_yield_curve_change_5d,10,0.010570669631684295,0.621654589192171,0.005348006227373384,0.8028394073498477,2182,0.002886002886002886,0.0,11,4,0.915536236467129,0.36363636363636365,REMOVE,5.45
XOM,macro_financial_conditions_change_5d,20,0.023680857362930827,0.2734074616282124,0.0279957090501732,0.1953598714872191,2141,-0.0015873015873015984,0.0,10,3,0.7475171798286386,0.3,REMOVE,4.5
XOM,macro_cpi_change_30d,3,0.018136213990242046,0.40448153016514404,0.012794915986457307,0.5564629913215386,2115,-0.01428571428571428,-0.01190476190476189,10,3,0.850416680349462,0.3,REMOVE,4.5
XOM,macro_unemployment_change,10,0.01752413696944039,0.42129907091623187,0.022353522920436606,0.3049689646701177,2108,0.00317460317460318,0.0,10,3,0.8633335014150358,0.3,REMOVE,4.5
XOM,macro_fed_funds_change_5d,10,0.004217103008141761,0.8439239347634078,0.022264073911771032,0.2985584443142333,2182,0.0028860028860028908,0.0,11,3,0.951851883396611,0.2727272727272727,REMOVE,4.09
XOM,macro_yield_curve_change_5d,2,-0.005164483838803019,0.8091302425072405,-0.014344218611055046,0.5022689986040786,2190,0.0014430014430014378,0.0,11,3,0.9509129679108956,0.2727272727272727,REMOVE,4.09
XOM,macro_cpi_yoy,10,0.052671525777842745,0.022166903236901337,0.05251024349350636,0.022579137692449028,1886,0.001984126984126977,-0.011904761904761918,8,2,0.48304941343198154,0.25,REMOVE,3.75
XOM,macro_us10y_change_5d,2,-0.009414867672297518,0.6596837199457714,-0.01335580231984374,0.5321756382569716,2190,-0.000721500721500724,0.0,11,2,0.9200147605480431,0.18181818181818182,REMOVE,2.73
XOM,macro_us10y_change_5d,3,0.0054253948283426974,0.7997323779537726,-0.005003648291110114,0.8150065685811104,2189,-0.002886002886002886,0.0,11,2,0.9509129679108956,0.18181818181818182,REMOVE,2.73
XOM,macro_us10y_change_5d,20,-0.013833012830875997,0.5193527720596953,-0.016610273602202807,0.4390934857587283,2172,-0.012265512265512262,-0.007936507936507908,11,2,0.8877189677570687,0.18181818181818182,REMOVE,2.73
XOM,macro_us2y_change_1d,5,-0.000517663844650279,0.9806794823984433,-0.005911126977457146,0.7821385222343916,2191,-0.018037518037518043,-0.007936507936507908,11,2,0.9982483508789911,0.18181818181818182,REMOVE,2.73
XOM,macro_us2y_change_5d,2,-0.005794443888325465,0.7863813600783555,-0.007262514119452095,0.7340994237564629,2190,-0.001443001443001448,0.0,11,2,0.9509129679108956,0.18181818181818182,REMOVE,2.73
XOM,macro_fed_funds_change_5d,5,0.0014380713628109577,0.9464117155840078,0.009903320796169256,0.6434510635975953,2187,0.002164502164502167,0.0,11,1,0.978598675654858,0.09090909090909091,REMOVE,1.36
XOM,macro_fed_funds_change_5d,20,-0.0095544040117529,0.6562950688069119,0.0013860622405757264,0.9485244220962492,2172,-0.011544011544011558,-0.007936507936507964,11,0,0.9200147605480431,0.0,REMOVE,0.0
XOM,macro_hy_spread_change_5d,0,0.02536069567747127,0.48946429570884586,0.012675601643347,0.7297865182319094,745,,,0,0,0.8847576117472894,,REMOVE,0.0
XOM,macro_hy_spread_change_5d,1,0.047193361434367156,0.1985075103352713,0.030086529727771174,0.41252585008334525,744,,,0,0,0.7475171798286386,,REMOVE,0.0
XOM,macro_hy_spread_change_5d,2,0.05560563455099681,0.1299447840142551,0.04143156221373382,0.2593513793233279,743,,,0,0,0.732295668331343,,REMOVE,0.0
XOM,macro_hy_spread_change_5d,3,0.04387960540314965,0.2325459739070043,0.036488424713123954,0.32091090356350593,742,,,0,0,0.7475171798286386,,REMOVE,0.0
XOM,macro_hy_spread_change_5d,5,0.01587639218274996,0.6663363072385993,0.013217331249972243,0.7196264036336653,740,,,0,0,0.9200147605480431,,REMOVE,0.0
XOM,macro_hy_spread_change_5d,10,0.029600436195820187,0.42295584492150623,0.04176161608118818,0.2581558571732325,735,,,0,0,0.8633335014150358,,REMOVE,0.0
XOM,macro_hy_spread_change_5d,20,0.005510925878145215,0.8822391451039714,-0.011096806755219022,0.7654861977560271,725,,,0,0,0.9550851186455056,,REMOVE,0.0
